surah,ayah,token_index,surface,plain,gold,pred,is_match,source,proof_kind
2,2,1,ذَلِكَ,ذلك,ISM_MABNI,ISM_MABNI,True,registry:exact:02_mabniyat/demonstrative_pronouns.json#9,Certificate
2,31,12,هَؤُلَاءِ,هؤلاء,ISM_MABNI,ISM_MABNI,True,registry:exact:02_mabniyat/demonstrative_pronouns.json#13,Certificate
2,52,6,ذَلِكَ,ذلك,ISM_MABNI,ISM_MABNI,True,registry:exact:02_mabniyat/demonstrative_pronouns.json#9,Certificate
2,61,45,ذَلِكَ,ذلك,ISM_MABNI,ISM_MABNI,True,registry:exact:02_mabniyat/demonstrative_pronouns.json#9,Certificate
2,61,55,ذَلِكَ,ذلك,ISM_MABNI,ISM_MABNI,True,registry:exact:02_mabniyat/demonstrative_pronouns.json#9,Certificate
2,64,5,ذَلِكَ,ذلك,ISM_MABNI,ISM_MABNI,True,registry:exact:02_mabniyat/demonstrative_pronouns.json#9,Certificate
2,68,20,ذَلِكَ,ذلك,ISM_MABNI,ISM_MABNI,True,registry:exact:02_mabniyat/demonstrative_pronouns.json#9,Certificate
2,74,6,ذَلِكَ,ذلك,ISM_MABNI,ISM_MABNI,True,registry:exact:02_mabniyat/demonstrative_pronouns.json#9,Certificate
2,85,3,هَؤُلَاءِ,هؤلاء,ISM_MABNI,ISM_MABNI,True,registry:exact:02_mabniyat/demonstrative_pronouns.json#13,Certificate
2,85,32,ذَلِكَ,ذلك,ISM_MABNI,ISM_MABNI,True,registry:exact:02_mabniyat/demonstrative_pronouns.json#9,Certificate
2,111,11,تِلْكَ,تلك,ISM_MABNI,ISM_MABNI,True,registry:exact:02_mabniyat/demonstrative_pronouns.json#6,Certificate
2,134,1,تِلْكَ,تلك,ISM_MABNI,ISM_MABNI,True,registry:exact:02_mabniyat/demonstrative_pronouns.json#6,Certificate
2,141,1,تِلْكَ,تلك,ISM_MABNI,ISM_MABNI,True,registry:exact:02_mabniyat/demonstrative_pronouns.json#6,Certificate
2,176,1,ذَلِكَ,ذلك,ISM_MABNI,ISM_MABNI,True,registry:exact:02_mabniyat/demonstrative_pronouns.json#9,Certificate
2,178,26,ذَلِكَ,ذلك,ISM_MABNI,ISM_MABNI,True,registry:exact:02_mabniyat/demonstrative_pronouns.json#9,Certificate
2,178,34,ذَلِكَ,ذلك,ISM_MABNI,ISM_MABNI,True,registry:exact:02_mabniyat/demonstrative_pronouns.json#9,Certificate
2,187,54,تِلْكَ,تلك,ISM_MABNI,ISM_MABNI,True,registry:exact:02_mabniyat/demonstrative_pronouns.json#6,Certificate
2,196,56,تِلْكَ,تلك,ISM_MABNI,ISM_MABNI,True,registry:exact:02_mabniyat/demonstrative_pronouns.json#6,Certificate
2,196,59,ذَلِكَ,ذلك,ISM_MABNI,ISM_MABNI,True,registry:exact:02_mabniyat/demonstrative_pronouns.json#9,Certificate
2,228,26,ذَلِكَ,ذلك,ISM_MABNI,ISM_MABNI,True,registry:exact:02_mabniyat/demonstrative_pronouns.json#9,Certificate
2,229,35,تِلْكَ,تلك,ISM_MABNI,ISM_MABNI,True,registry:exact:02_mabniyat/demonstrative_pronouns.json#6,Certificate
2,231,17,ذَلِكَ,ذلك,ISM_MABNI,ISM_MABNI,True,registry:exact:02_mabniyat/demonstrative_pronouns.json#9,Certificate
2,232,15,ذَلِكَ,ذلك,ISM_MABNI,ISM_MABNI,True,registry:exact:02_mabniyat/demonstrative_pronouns.json#9,Certificate
2,233,33,ذَلِكَ,ذلك,ISM_MABNI,ISM_MABNI,True,registry:exact:02_mabniyat/demonstrative_pronouns.json#9,Certificate
2,248,25,ذَلِكَ,ذلك,ISM_MABNI,ISM_MABNI,True,registry:exact:02_mabniyat/demonstrative_pronouns.json#9,Certificate
2,252,1,تِلْكَ,تلك,ISM_MABNI,ISM_MABNI,True,registry:exact:02_mabniyat/demonstrative_pronouns.json#6,Certificate
2,253,1,تِلْكَ,تلك,ISM_MABNI,ISM_MABNI,True,registry:exact:02_mabniyat/demonstrative_pronouns.json#6,Certificate
2,275,14,ذَلِكَ,ذلك,ISM_MABNI,ISM_MABNI,True,registry:exact:02_mabniyat/demonstrative_pronouns.json#9,Certificate
3,13,26,ذَلِكَ,ذلك,ISM_MABNI,ISM_MABNI,True,registry:exact:02_mabniyat/demonstrative_pronouns.json#9,Certificate
3,14,17,ذَلِكَ,ذلك,ISM_MABNI,ISM_MABNI,True,registry:exact:02_mabniyat/demonstrative_pronouns.json#9,Certificate
3,24,1,ذَلِكَ,ذلك,ISM_MABNI,ISM_MABNI,True,registry:exact:02_mabniyat/demonstrative_pronouns.json#9,Certificate
3,28,11,ذَلِكَ,ذلك,ISM_MABNI,ISM_MABNI,True,registry:exact:02_mabniyat/demonstrative_pronouns.json#9,Certificate
3,44,1,ذَلِكَ,ذلك,ISM_MABNI,ISM_MABNI,True,registry:exact:02_mabniyat/demonstrative_pronouns.json#9,Certificate
3,49,40,ذَلِكَ,ذلك,ISM_MABNI,ISM_MABNI,True,registry:exact:02_mabniyat/demonstrative_pronouns.json#9,Certificate
3,58,1,ذَلِكَ,ذلك,ISM_MABNI,ISM_MABNI,True,registry:exact:02_mabniyat/demonstrative_pronouns.json#9,Certificate
3,66,2,هَؤُلَاءِ,هؤلاء,ISM_MABNI,ISM_MABNI,True,registry:exact:02_mabniyat/demonstrative_pronouns.json#13,Certificate
3,75,22,ذَلِكَ,ذلك,ISM_MABNI,ISM_MABNI,True,registry:exact:02_mabniyat/demonstrative_pronouns.json#9,Certificate
3,82,4,ذَلِكَ,ذلك,ISM_MABNI,ISM_MABNI,True,registry:exact:02_mabniyat/demonstrative_pronouns.json#9,Certificate
3,89,6,ذَلِكَ,ذلك,ISM_MABNI,ISM_MABNI,True,registry:exact:02_mabniyat/demonstrative_pronouns.json#9,Certificate
3,94,8,ذَلِكَ,ذلك,ISM_MABNI,ISM_MABNI,True,registry:exact:02_mabniyat/demonstrative_pronouns.json#9,Certificate
3,108,1,تِلْكَ,تلك,ISM_MABNI,ISM_MABNI,True,registry:exact:02_mabniyat/demonstrative_pronouns.json#6,Certificate
3,112,20,ذَلِكَ,ذلك,ISM_MABNI,ISM_MABNI,True,registry:exact:02_mabniyat/demonstrative_pronouns.json#9,Certificate
3,112,30,ذَلِكَ,ذلك,ISM_MABNI,ISM_MABNI,True,registry:exact:02_mabniyat/demonstrative_pronouns.json#9,Certificate
3,156,26,ذَلِكَ,ذلك,ISM_MABNI,ISM_MABNI,True,registry:exact:02_mabniyat/demonstrative_pronouns.json#9,Certificate
3,182,1,ذَلِكَ,ذلك,ISM_MABNI,ISM_MABNI,True,registry:exact:02_mabniyat/demonstrative_pronouns.json#9,Certificate
3,186,21,ذَلِكَ,ذلك,ISM_MABNI,ISM_MABNI,True,registry:exact:02_mabniyat/demonstrative_pronouns.json#9,Certificate
4,3,25,ذَلِكَ,ذلك,ISM_MABNI,ISM_MABNI,True,registry:exact:02_mabniyat/demonstrative_pronouns.json#9,Certificate
4,12,69,ذَلِكَ,ذلك,ISM_MABNI,ISM_MABNI,True,registry:exact:02_mabniyat/demonstrative_pronouns.json#9,Certificate
4,13,1,تِلْكَ,تلك,ISM_MABNI,ISM_MABNI,True,registry:exact:02_mabniyat/demonstrative_pronouns.json#6,Certificate
4,23,13,اللَّاتِي,اللاتي,ISM_MAWSOOL,ISM_MAWSOOL,True,registry:plain:02_mabniyat/relative_pronouns.json#10,Certificate
4,23,21,اللَّاتِي,اللاتي,ISM_MAWSOOL,ISM_MAWSOOL,True,registry:plain:02_mabniyat/relative_pronouns.json#10,Certificate
4,23,26,اللَّاتِي,اللاتي,ISM_MAWSOOL,ISM_MAWSOOL,True,registry:plain:02_mabniyat/relative_pronouns.json#10,Certificate
4,25,47,ذَلِكَ,ذلك,ISM_MABNI,ISM_MABNI,True,registry:exact:02_mabniyat/demonstrative_pronouns.json#9,Certificate
4,30,3,ذَلِكَ,ذلك,ISM_MABNI,ISM_MABNI,True,registry:exact:02_mabniyat/demonstrative_pronouns.json#9,Certificate
4,30,10,ذَلِكَ,ذلك,ISM_MABNI,ISM_MABNI,True,registry:exact:02_mabniyat/demonstrative_pronouns.json#9,Certificate
4,41,11,هَؤُلَاءِ,هؤلاء,ISM_MABNI,ISM_MABNI,True,registry:exact:02_mabniyat/demonstrative_pronouns.json#13,Certificate
4,48,11,ذَلِكَ,ذلك,ISM_MABNI,ISM_MABNI,True,registry:exact:02_mabniyat/demonstrative_pronouns.json#9,Certificate
4,51,15,هَؤُلَاءِ,هؤلاء,ISM_MABNI,ISM_MABNI,True,registry:exact:02_mabniyat/demonstrative_pronouns.json#13,Certificate
4,59,25,ذَلِكَ,ذلك,ISM_MABNI,ISM_MABNI,True,registry:exact:02_mabniyat/demonstrative_pronouns.json#9,Certificate
4,70,1,ذَلِكَ,ذلك,ISM_MABNI,ISM_MABNI,True,registry:exact:02_mabniyat/demonstrative_pronouns.json#9,Certificate
4,78,31,هَؤُلَاءِ,هؤلاء,ISM_MABNI,ISM_MABNI,True,registry:exact:02_mabniyat/demonstrative_pronouns.json#13,Certificate
4,109,2,هَؤُلَاءِ,هؤلاء,ISM_MABNI,ISM_MABNI,True,registry:exact:02_mabniyat/demonstrative_pronouns.json#13,Certificate
4,114,19,ذَلِكَ,ذلك,ISM_MABNI,ISM_MABNI,True,registry:exact:02_mabniyat/demonstrative_pronouns.json#9,Certificate
4,116,11,ذَلِكَ,ذلك,ISM_MABNI,ISM_MABNI,True,registry:exact:02_mabniyat/demonstrative_pronouns.json#9,Certificate
4,127,16,اللَّاتِي,اللاتي,ISM_MAWSOOL,ISM_MAWSOOL,True,registry:plain:02_mabniyat/relative_pronouns.json#10,Certificate
4,133,11,ذَلِكَ,ذلك,ISM_MABNI,ISM_MABNI,True,registry:exact:02_mabniyat/demonstrative_pronouns.json#9,Certificate
4,143,3,ذَلِكَ,ذلك,ISM_MABNI,ISM_MABNI,True,registry:exact:02_mabniyat/demonstrative_pronouns.json#9,Certificate
4,143,6,هَؤُلَاءِ,هؤلاء,ISM_MABNI,ISM_MABNI,True,registry:exact:02_mabniyat/demonstrative_pronouns.json#13,Certificate
4,143,9,هَؤُلَاءِ,هؤلاء,ISM_MABNI,ISM_MABNI,True,registry:exact:02_mabniyat/demonstrative_pronouns.json#13,Certificate
4,150,21,ذَلِكَ,ذلك,ISM_MABNI,ISM_MABNI,True,registry:exact:02_mabniyat/demonstrative_pronouns.json#9,Certificate
4,153,15,ذَلِكَ,ذلك,ISM_MABNI,ISM_MABNI,True,registry:exact:02_mabniyat/demonstrative_pronouns.json#9,Certificate
4,153,33,ذَلِكَ,ذلك,ISM_MABNI,ISM_MABNI,True,registry:exact:02_mabniyat/demonstrative_pronouns.json#9,Certificate
4,169,8,ذَلِكَ,ذلك,ISM_MABNI,ISM_MABNI,True,registry:exact:02_mabniyat/demonstrative_pronouns.json#9,Certificate
5,12,40,ذَلِكَ,ذلك,ISM_MABNI,ISM_MABNI,True,registry:exact:02_mabniyat/demonstrative_pronouns.json#9,Certificate
5,32,3,ذَلِكَ,ذلك,ISM_MABNI,ISM_MABNI,True,registry:exact:02_mabniyat/demonstrative_pronouns.json#9,Certificate
5,32,37,ذَلِكَ,ذلك,ISM_MABNI,ISM_MABNI,True,registry:exact:02_mabniyat/demonstrative_pronouns.json#9,Certificate
5,33,25,ذَلِكَ,ذلك,ISM_MABNI,ISM_MABNI,True,registry:exact:02_mabniyat/demonstrative_pronouns.json#9,Certificate
5,43,12,ذَلِكَ,ذلك,ISM_MABNI,ISM_MABNI,True,registry:exact:02_mabniyat/demonstrative_pronouns.json#9,Certificate
5,54,29,ذَلِكَ,ذلك,ISM_MABNI,ISM_MABNI,True,registry:exact:02_mabniyat/demonstrative_pronouns.json#9,Certificate
5,58,8,ذَلِكَ,ذلك,ISM_MABNI,ISM_MABNI,True,registry:exact:02_mabniyat/demonstrative_pronouns.json#9,Certificate
5,60,6,ذَلِكَ,ذلك,ISM_MABNI,ISM_MABNI,True,registry:exact:02_mabniyat/demonstrative_pronouns.json#9,Certificate
5,78,13,ذَلِكَ,ذلك,ISM_MABNI,ISM_MABNI,True,registry:exact:02_mabniyat/demonstrative_pronouns.json#9,Certificate
5,82,19,ذَلِكَ,ذلك,ISM_MABNI,ISM_MABNI,True,registry:exact:02_mabniyat/demonstrative_pronouns.json#9,Certificate
5,89,32,ذَلِكَ,ذلك,ISM_MABNI,ISM_MABNI,True,registry:exact:02_mabniyat/demonstrative_pronouns.json#9,Certificate
5,94,20,ذَلِكَ,ذلك,ISM_MABNI,ISM_MABNI,True,registry:exact:02_mabniyat/demonstrative_pronouns.json#9,Certificate
5,95,33,ذَلِكَ,ذلك,ISM_MABNI,ISM_MABNI,True,registry:exact:02_mabniyat/demonstrative_pronouns.json#9,Certificate
5,97,12,ذَلِكَ,ذلك,ISM_MABNI,ISM_MABNI,True,registry:exact:02_mabniyat/demonstrative_pronouns.json#9,Certificate
5,108,1,ذَلِكَ,ذلك,ISM_MABNI,ISM_MABNI,True,registry:exact:02_mabniyat/demonstrative_pronouns.json#9,Certificate
5,119,22,ذَلِكَ,ذلك,ISM_MABNI,ISM_MABNI,True,registry:exact:02_mabniyat/demonstrative_pronouns.json#9,Certificate
6,88,1,ذَلِكَ,ذلك,ISM_MABNI,ISM_MABNI,True,registry:exact:02_mabniyat/demonstrative_pronouns.json#9,Certificate
6,89,10,هَؤُلَاءِ,هؤلاء,ISM_MABNI,ISM_MABNI,True,registry:exact:02_mabniyat/demonstrative_pronouns.json#13,Certificate
6,96,9,ذَلِكَ,ذلك,ISM_MABNI,ISM_MABNI,True,registry:exact:02_mabniyat/demonstrative_pronouns.json#9,Certificate
6,131,1,ذَلِكَ,ذلك,ISM_MABNI,ISM_MABNI,True,registry:exact:02_mabniyat/demonstrative_pronouns.json#9,Certificate
6,146,24,ذَلِكَ,ذلك,ISM_MABNI,ISM_MABNI,True,registry:exact:02_mabniyat/demonstrative_pronouns.json#9,Certificate
7,26,12,ذَلِكَ,ذلك,ISM_MABNI,ISM_MABNI,True,registry:exact:02_mabniyat/demonstrative_pronouns.json#9,Certificate
7,26,14,ذَلِكَ,ذلك,ISM_MABNI,ISM_MABNI,True,registry:exact:02_mabniyat/demonstrative_pronouns.json#9,Certificate
7,38,28,هَؤُلَاءِ,هؤلاء,ISM_MABNI,ISM_MABNI,True,registry:exact:02_mabniyat/demonstrative_pronouns.json#13,Certificate
7,101,1,تِلْكَ,تلك,ISM_MABNI,ISM_MABNI,True,registry:exact:02_mabniyat/demonstrative_pronouns.json#6,Certificate
7,139,2,هَؤُلَاءِ,هؤلاء,ISM_MABNI,ISM_MABNI,True,registry:exact:02_mabniyat/demonstrative_pronouns.json#13,Certificate
7,146,30,ذَلِكَ,ذلك,ISM_MABNI,ISM_MABNI,True,registry:exact:02_mabniyat/demonstrative_pronouns.json#9,Certificate
7,168,9,ذَلِكَ,ذلك,ISM_MABNI,ISM_MABNI,True,registry:exact:02_mabniyat/demonstrative_pronouns.json#9,Certificate
7,176,21,ذَلِكَ,ذلك,ISM_MABNI,ISM_MABNI,True,registry:exact:02_mabniyat/demonstrative_pronouns.json#9,Certificate
8,13,1,ذَلِكَ,ذلك,ISM_MABNI,ISM_MABNI,True,registry:exact:02_mabniyat/demonstrative_pronouns.json#9,Certificate
8,49,9,هَؤُلَاءِ,هؤلاء,ISM_MABNI,ISM_MABNI,True,registry:exact:02_mabniyat/demonstrative_pronouns.json#13,Certificate
8,51,1,ذَلِكَ,ذلك,ISM_MABNI,ISM_MABNI,True,registry:exact:02_mabniyat/demonstrative_pronouns.json#9,Certificate
8,53,1,ذَلِكَ,ذلك,ISM_MABNI,ISM_MABNI,True,registry:exact:02_mabniyat/demonstrative_pronouns.json#9,Certificate
9,6,14,ذَلِكَ,ذلك,ISM_MABNI,ISM_MABNI,True,registry:exact:02_mabniyat/demonstrative_pronouns.json#9,Certificate
9,27,6,ذَلِكَ,ذلك,ISM_MABNI,ISM_MABNI,True,registry:exact:02_mabniyat/demonstrative_pronouns.json#9,Certificate
9,30,11,ذَلِكَ,ذلك,ISM_MABNI,ISM_MABNI,True,registry:exact:02_mabniyat/demonstrative_pronouns.json#9,Certificate
9,36,19,ذَلِكَ,ذلك,ISM_MABNI,ISM_MABNI,True,registry:exact:02_mabniyat/demonstrative_pronouns.json#9,Certificate
9,63,14,ذَلِكَ,ذلك,ISM_MABNI,ISM_MABNI,True,registry:exact:02_mabniyat/demonstrative_pronouns.json#9,Certificate
9,72,21,ذَلِكَ,ذلك,ISM_MABNI,ISM_MABNI,True,registry:exact:02_mabniyat/demonstrative_pronouns.json#9,Certificate
9,80,16,ذَلِكَ,ذلك,ISM_MABNI,ISM_MABNI,True,registry:exact:02_mabniyat/demonstrative_pronouns.json#9,Certificate
9,89,11,ذَلِكَ,ذلك,ISM_MABNI,ISM_MABNI,True,registry:exact:02_mabniyat/demonstrative_pronouns.json#9,Certificate
9,100,23,ذَلِكَ,ذلك,ISM_MABNI,ISM_MABNI,True,registry:exact:02_mabniyat/demonstrative_pronouns.json#9,Certificate
9,120,19,ذَلِكَ,ذلك,ISM_MABNI,ISM_MABNI,True,registry:exact:02_mabniyat/demonstrative_pronouns.json#9,Certificate
10,1,2,تِلْكَ,تلك,ISM_MABNI,ISM_MABNI,True,registry:exact:02_mabniyat/demonstrative_pronouns.json#6,Certificate
10,5,17,ذَلِكَ,ذلك,ISM_MABNI,ISM_MABNI,True,registry:exact:02_mabniyat/demonstrative_pronouns.json#9,Certificate
10,18,11,هَؤُلَاءِ,هؤلاء,ISM_MABNI,ISM_MABNI,True,registry:exact:02_mabniyat/demonstrative_pronouns.json#13,Certificate
10,61,36,ذَلِكَ,ذلك,ISM_MABNI,ISM_MABNI,True,registry:exact:02_mabniyat/demonstrative_pronouns.json#9,Certificate
10,64,12,ذَلِكَ,ذلك,ISM_MABNI,ISM_MABNI,True,registry:exact:02_mabniyat/demonstrative_pronouns.json#9,Certificate
10,67,12,ذَلِكَ,ذلك,ISM_MABNI,ISM_MABNI,True,registry:exact:02_mabniyat/demonstrative_pronouns.json#9,Certificate
11,18,14,هَؤُلَاءِ,هؤلاء,ISM_MABNI,ISM_MABNI,True,registry:exact:02_mabniyat/demonstrative_pronouns.json#13,Certificate
11,49,1,تِلْكَ,تلك,ISM_MABNI,ISM_MABNI,True,registry:exact:02_mabniyat/demonstrative_pronouns.json#6,Certificate
11,65,8,ذَلِكَ,ذلك,ISM_MABNI,ISM_MABNI,True,registry:exact:02_mabniyat/demonstrative_pronouns.json#9,Certificate
11,78,12,هَؤُلَاءِ,هؤلاء,ISM_MABNI,ISM_MABNI,True,registry:exact:02_mabniyat/demonstrative_pronouns.json#13,Certificate
11,100,1,ذَلِكَ,ذلك,ISM_MABNI,ISM_MABNI,True,registry:exact:02_mabniyat/demonstrative_pronouns.json#9,Certificate
11,103,3,ذَلِكَ,ذلك,ISM_MABNI,ISM_MABNI,True,registry:exact:02_mabniyat/demonstrative_pronouns.json#9,Certificate
11,103,9,ذَلِكَ,ذلك,ISM_MABNI,ISM_MABNI,True,registry:exact:02_mabniyat/demonstrative_pronouns.json#9,Certificate
11,109,7,هَؤُلَاءِ,هؤلاء,ISM_MABNI,ISM_MABNI,True,registry:exact:02_mabniyat/demonstrative_pronouns.json#13,Certificate
11,114,12,ذَلِكَ,ذلك,ISM_MABNI,ISM_MABNI,True,registry:exact:02_mabniyat/demonstrative_pronouns.json#9,Certificate
12,1,2,تِلْكَ,تلك,ISM_MABNI,ISM_MABNI,True,registry:exact:02_mabniyat/demonstrative_pronouns.json#6,Certificate
12,38,15,ذَلِكَ,ذلك,ISM_MABNI,ISM_MABNI,True,registry:exact:02_mabniyat/demonstrative_pronouns.json#9,Certificate
12,40,25,ذَلِكَ,ذلك,ISM_MABNI,ISM_MABNI,True,registry:exact:02_mabniyat/demonstrative_pronouns.json#9,Certificate
12,48,5,ذَلِكَ,ذلك,ISM_MABNI,ISM_MABNI,True,registry:exact:02_mabniyat/demonstrative_pronouns.json#9,Certificate
12,49,5,ذَلِكَ,ذلك,ISM_MABNI,ISM_MABNI,True,registry:exact:02_mabniyat/demonstrative_pronouns.json#9,Certificate
12,50,16,اللَّاتِي,اللاتي,ISM_MAWSOOL,ISM_MAWSOOL,True,registry:plain:02_mabniyat/relative_pronouns.json#10,Certificate
12,52,1,ذَلِكَ,ذلك,ISM_MABNI,ISM_MABNI,True,registry:exact:02_mabniyat/demonstrative_pronouns.json#9,Certificate
12,65,23,ذَلِكَ,ذلك,ISM_MABNI,ISM_MABNI,True,registry:exact:02_mabniyat/demonstrative_pronouns.json#9,Certificate
12,102,1,ذَلِكَ,ذلك,ISM_MABNI,ISM_MABNI,True,registry:exact:02_mabniyat/demonstrative_pronouns.json#9,Certificate
13,1,2,تِلْكَ,تلك,ISM_MABNI,ISM_MABNI,True,registry:exact:02_mabniyat/demonstrative_pronouns.json#6,Certificate
13,3,21,ذَلِكَ,ذلك,ISM_MABNI,ISM_MABNI,True,registry:exact:02_mabniyat/demonstrative_pronouns.json#9,Certificate
13,4,24,ذَلِكَ,ذلك,ISM_MABNI,ISM_MABNI,True,registry:exact:02_mabniyat/demonstrative_pronouns.json#9,Certificate
13,35,13,تِلْكَ,تلك,ISM_MABNI,ISM_MABNI,True,registry:exact:02_mabniyat/demonstrative_pronouns.json#6,Certificate
14,5,17,ذَلِكَ,ذلك,ISM_MABNI,ISM_MABNI,True,registry:exact:02_mabniyat/demonstrative_pronouns.json#9,Certificate
14,14,5,ذَلِكَ,ذلك,ISM_MABNI,ISM_MABNI,True,registry:exact:02_mabniyat/demonstrative_pronouns.json#9,Certificate
14,18,19,ذَلِكَ,ذلك,ISM_MABNI,ISM_MABNI,True,registry:exact:02_mabniyat/demonstrative_pronouns.json#9,Certificate
14,20,2,ذَلِكَ,ذلك,ISM_MABNI,ISM_MABNI,True,registry:exact:02_mabniyat/demonstrative_pronouns.json#9,Certificate
15,1,2,تِلْكَ,تلك,ISM_MABNI,ISM_MABNI,True,registry:exact:02_mabniyat/demonstrative_pronouns.json#6,Certificate
15,66,3,ذَلِكَ,ذلك,ISM_MABNI,ISM_MABNI,True,registry:exact:02_mabniyat/demonstrative_pronouns.json#9,Certificate
15,66,7,هَؤُلَاءِ,هؤلاء,ISM_MABNI,ISM_MABNI,True,registry:exact:02_mabniyat/demonstrative_pronouns.json#13,Certificate
15,68,3,هَؤُلَاءِ,هؤلاء,ISM_MABNI,ISM_MABNI,True,registry:exact:02_mabniyat/demonstrative_pronouns.json#13,Certificate
15,71,2,هَؤُلَاءِ,هؤلاء,ISM_MABNI,ISM_MABNI,True,registry:exact:02_mabniyat/demonstrative_pronouns.json#13,Certificate
15,75,3,ذَلِكَ,ذلك,ISM_MABNI,ISM_MABNI,True,registry:exact:02_mabniyat/demonstrative_pronouns.json#9,Certificate
15,77,3,ذَلِكَ,ذلك,ISM_MABNI,ISM_MABNI,True,registry:exact:02_mabniyat/demonstrative_pronouns.json#9,Certificate
16,11,13,ذَلِكَ,ذلك,ISM_MABNI,ISM_MABNI,True,registry:exact:02_mabniyat/demonstrative_pronouns.json#9,Certificate
16,12,12,ذَلِكَ,ذلك,ISM_MABNI,ISM_MABNI,True,registry:exact:02_mabniyat/demonstrative_pronouns.json#9,Certificate
16,13,10,ذَلِكَ,ذلك,ISM_MABNI,ISM_MABNI,True,registry:exact:02_mabniyat/demonstrative_pronouns.json#9,Certificate
16,65,13,ذَلِكَ,ذلك,ISM_MABNI,ISM_MABNI,True,registry:exact:02_mabniyat/demonstrative_pronouns.json#9,Certificate
16,67,12,ذَلِكَ,ذلك,ISM_MABNI,ISM_MABNI,True,registry:exact:02_mabniyat/demonstrative_pronouns.json#9,Certificate
16,69,21,ذَلِكَ,ذلك,ISM_MABNI,ISM_MABNI,True,registry:exact:02_mabniyat/demonstrative_pronouns.json#9,Certificate
16,79,15,ذَلِكَ,ذلك,ISM_MABNI,ISM_MABNI,True,registry:exact:02_mabniyat/demonstrative_pronouns.json#9,Certificate
16,86,8,هَؤُلَاءِ,هؤلاء,ISM_MABNI,ISM_MABNI,True,registry:exact:02_mabniyat/demonstrative_pronouns.json#13,Certificate
16,89,14,هَؤُلَاءِ,هؤلاء,ISM_MABNI,ISM_MABNI,True,registry:exact:02_mabniyat/demonstrative_pronouns.json#13,Certificate
16,107,1,ذَلِكَ,ذلك,ISM_MABNI,ISM_MABNI,True,registry:exact:02_mabniyat/demonstrative_pronouns.json#9,Certificate
16,119,12,ذَلِكَ,ذلك,ISM_MABNI,ISM_MABNI,True,registry:exact:02_mabniyat/demonstrative_pronouns.json#9,Certificate
17,20,3,هَؤُلَاءِ,هؤلاء,ISM_MABNI,ISM_MABNI,True,registry:exact:02_mabniyat/demonstrative_pronouns.json#13,Certificate
17,35,8,ذَلِكَ,ذلك,ISM_MABNI,ISM_MABNI,True,registry:exact:02_mabniyat/demonstrative_pronouns.json#9,Certificate
17,38,2,ذَلِكَ,ذلك,ISM_MABNI,ISM_MABNI,True,registry:exact:02_mabniyat/demonstrative_pronouns.json#9,Certificate
17,39,1,ذَلِكَ,ذلك,ISM_MABNI,ISM_MABNI,True,registry:exact:02_mabniyat/demonstrative_pronouns.json#9,Certificate
17,58,15,ذَلِكَ,ذلك,ISM_MABNI,ISM_MABNI,True,registry:exact:02_mabniyat/demonstrative_pronouns.json#9,Certificate
17,98,1,ذَلِكَ,ذلك,ISM_MABNI,ISM_MABNI,True,registry:exact:02_mabniyat/demonstrative_pronouns.json#9,Certificate
17,102,6,هَؤُلَاءِ,هؤلاء,ISM_MABNI,ISM_MABNI,True,registry:exact:02_mabniyat/demonstrative_pronouns.json#13,Certificate
17,110,21,ذَلِكَ,ذلك,ISM_MABNI,ISM_MABNI,True,registry:exact:02_mabniyat/demonstrative_pronouns.json#9,Certificate
18,15,1,هَؤُلَاءِ,هؤلاء,ISM_MABNI,ISM_MABNI,True,registry:exact:02_mabniyat/demonstrative_pronouns.json#13,Certificate
18,17,19,ذَلِكَ,ذلك,ISM_MABNI,ISM_MABNI,True,registry:exact:02_mabniyat/demonstrative_pronouns.json#9,Certificate
18,23,6,ذَلِكَ,ذلك,ISM_MABNI,ISM_MABNI,True,registry:exact:02_mabniyat/demonstrative_pronouns.json#9,Certificate
18,64,2,ذَلِكَ,ذلك,ISM_MABNI,ISM_MABNI,True,registry:exact:02_mabniyat/demonstrative_pronouns.json#9,Certificate
18,82,29,ذَلِكَ,ذلك,ISM_MABNI,ISM_MABNI,True,registry:exact:02_mabniyat/demonstrative_pronouns.json#9,Certificate
18,106,1,ذَلِكَ,ذلك,ISM_MABNI,ISM_MABNI,True,registry:exact:02_mabniyat/demonstrative_pronouns.json#9,Certificate
19,34,1,ذَلِكَ,ذلك,ISM_MABNI,ISM_MABNI,True,registry:exact:02_mabniyat/demonstrative_pronouns.json#9,Certificate
19,63,1,تِلْكَ,تلك,ISM_MABNI,ISM_MABNI,True,registry:exact:02_mabniyat/demonstrative_pronouns.json#6,Certificate
19,64,14,ذَلِكَ,ذلك,ISM_MABNI,ISM_MABNI,True,registry:exact:02_mabniyat/demonstrative_pronouns.json#9,Certificate
20,17,2,تِلْكَ,تلك,ISM_MABNI,ISM_MABNI,True,registry:exact:02_mabniyat/demonstrative_pronouns.json#6,Certificate
20,54,6,ذَلِكَ,ذلك,ISM_MABNI,ISM_MABNI,True,registry:exact:02_mabniyat/demonstrative_pronouns.json#9,Certificate
20,128,14,ذَلِكَ,ذلك,ISM_MABNI,ISM_MABNI,True,registry:exact:02_mabniyat/demonstrative_pronouns.json#9,Certificate
21,15,3,تِلْكَ,تلك,ISM_MABNI,ISM_MABNI,True,registry:exact:02_mabniyat/demonstrative_pronouns.json#6,Certificate
21,44,3,هَؤُلَاءِ,هؤلاء,ISM_MABNI,ISM_MABNI,True,registry:exact:02_mabniyat/demonstrative_pronouns.json#13,Certificate
21,65,8,هَؤُلَاءِ,هؤلاء,ISM_MABNI,ISM_MABNI,True,registry:exact:02_mabniyat/demonstrative_pronouns.json#13,Certificate
21,82,9,ذَلِكَ,ذلك,ISM_MABNI,ISM_MABNI,True,registry:exact:02_mabniyat/demonstrative_pronouns.json#9,Certificate
21,99,3,هَؤُلَاءِ,هؤلاء,ISM_MABNI,ISM_MABNI,True,registry:exact:02_mabniyat/demonstrative_pronouns.json#13,Certificate
22,6,1,ذَلِكَ,ذلك,ISM_MABNI,ISM_MABNI,True,registry:exact:02_mabniyat/demonstrative_pronouns.json#9,Certificate
22,10,1,ذَلِكَ,ذلك,ISM_MABNI,ISM_MABNI,True,registry:exact:02_mabniyat/demonstrative_pronouns.json#9,Certificate
22,11,22,ذَلِكَ,ذلك,ISM_MABNI,ISM_MABNI,True,registry:exact:02_mabniyat/demonstrative_pronouns.json#9,Certificate
22,12,11,ذَلِكَ,ذلك,ISM_MABNI,ISM_MABNI,True,registry:exact:02_mabniyat/demonstrative_pronouns.json#9,Certificate
22,30,1,ذَلِكَ,ذلك,ISM_MABNI,ISM_MABNI,True,registry:exact:02_mabniyat/demonstrative_pronouns.json#9,Certificate
22,32,1,ذَلِكَ,ذلك,ISM_MABNI,ISM_MABNI,True,registry:exact:02_mabniyat/demonstrative_pronouns.json#9,Certificate
22,60,1,ذَلِكَ,ذلك,ISM_MABNI,ISM_MABNI,True,registry:exact:02_mabniyat/demonstrative_pronouns.json#9,Certificate
22,61,1,ذَلِكَ,ذلك,ISM_MABNI,ISM_MABNI,True,registry:exact:02_mabniyat/demonstrative_pronouns.json#9,Certificate
22,62,1,ذَلِكَ,ذلك,ISM_MABNI,ISM_MABNI,True,registry:exact:02_mabniyat/demonstrative_pronouns.json#9,Certificate
22,70,11,ذَلِكَ,ذلك,ISM_MABNI,ISM_MABNI,True,registry:exact:02_mabniyat/demonstrative_pronouns.json#9,Certificate
22,70,15,ذَلِكَ,ذلك,ISM_MABNI,ISM_MABNI,True,registry:exact:02_mabniyat/demonstrative_pronouns.json#9,Certificate
23,7,4,ذَلِكَ,ذلك,ISM_MABNI,ISM_MABNI,True,registry:exact:02_mabniyat/demonstrative_pronouns.json#9,Certificate
23,15,4,ذَلِكَ,ذلك,ISM_MABNI,ISM_MABNI,True,registry:exact:02_mabniyat/demonstrative_pronouns.json#9,Certificate
23,30,3,ذَلِكَ,ذلك,ISM_MABNI,ISM_MABNI,True,registry:exact:02_mabniyat/demonstrative_pronouns.json#9,Certificate
23,63,11,ذَلِكَ,ذلك,ISM_MABNI,ISM_MABNI,True,registry:exact:02_mabniyat/demonstrative_pronouns.json#9,Certificate
24,3,16,ذَلِكَ,ذلك,ISM_MABNI,ISM_MABNI,True,registry:exact:02_mabniyat/demonstrative_pronouns.json#9,Certificate
24,5,6,ذَلِكَ,ذلك,ISM_MABNI,ISM_MABNI,True,registry:exact:02_mabniyat/demonstrative_pronouns.json#9,Certificate
24,30,8,ذَلِكَ,ذلك,ISM_MABNI,ISM_MABNI,True,registry:exact:02_mabniyat/demonstrative_pronouns.json#9,Certificate
24,44,7,ذَلِكَ,ذلك,ISM_MABNI,ISM_MABNI,True,registry:exact:02_mabniyat/demonstrative_pronouns.json#9,Certificate
24,47,12,ذَلِكَ,ذلك,ISM_MABNI,ISM_MABNI,True,registry:exact:02_mabniyat/demonstrative_pronouns.json#9,Certificate
24,55,35,ذَلِكَ,ذلك,ISM_MABNI,ISM_MABNI,True,registry:exact:02_mabniyat/demonstrative_pronouns.json#9,Certificate
24,60,4,اللَّاتِي,اللاتي,ISM_MAWSOOL,ISM_MAWSOOL,True,registry:plain:02_mabniyat/relative_pronouns.json#10,Certificate
25,10,9,ذَلِكَ,ذلك,ISM_MABNI,ISM_MABNI,True,registry:exact:02_mabniyat/demonstrative_pronouns.json#9,Certificate
25,17,12,هَؤُلَاءِ,هؤلاء,ISM_MABNI,ISM_MABNI,True,registry:exact:02_mabniyat/demonstrative_pronouns.json#13,Certificate
25,38,7,ذَلِكَ,ذلك,ISM_MABNI,ISM_MABNI,True,registry:exact:02_mabniyat/demonstrative_pronouns.json#9,Certificate
25,67,10,ذَلِكَ,ذلك,ISM_MABNI,ISM_MABNI,True,registry:exact:02_mabniyat/demonstrative_pronouns.json#9,Certificate
25,68,20,ذَلِكَ,ذلك,ISM_MABNI,ISM_MABNI,True,registry:exact:02_mabniyat/demonstrative_pronouns.json#9,Certificate
26,2,1,تِلْكَ,تلك,ISM_MABNI,ISM_MABNI,True,registry:exact:02_mabniyat/demonstrative_pronouns.json#6,Certificate
26,8,3,ذَلِكَ,ذلك,ISM_MABNI,ISM_MABNI,True,registry:exact:02_mabniyat/demonstrative_pronouns.json#9,Certificate
26,54,2,هَؤُلَاءِ,هؤلاء,ISM_MABNI,ISM_MABNI,True,registry:exact:02_mabniyat/demonstrative_pronouns.json#13,Certificate
26,67,3,ذَلِكَ,ذلك,ISM_MABNI,ISM_MABNI,True,registry:exact:02_mabniyat/demonstrative_pronouns.json#9,Certificate
26,103,3,ذَلِكَ,ذلك,ISM_MABNI,ISM_MABNI,True,registry:exact:02_mabniyat/demonstrative_pronouns.json#9,Certificate
26,121,3,ذَلِكَ,ذلك,ISM_MABNI,ISM_MABNI,True,registry:exact:02_mabniyat/demonstrative_pronouns.json#9,Certificate
26,139,5,ذَلِكَ,ذلك,ISM_MABNI,ISM_MABNI,True,registry:exact:02_mabniyat/demonstrative_pronouns.json#9,Certificate
26,158,5,ذَلِكَ,ذلك,ISM_MABNI,ISM_MABNI,True,registry:exact:02_mabniyat/demonstrative_pronouns.json#9,Certificate
26,174,3,ذَلِكَ,ذلك,ISM_MABNI,ISM_MABNI,True,registry:exact:02_mabniyat/demonstrative_pronouns.json#9,Certificate
26,190,3,ذَلِكَ,ذلك,ISM_MABNI,ISM_MABNI,True,registry:exact:02_mabniyat/demonstrative_pronouns.json#9,Certificate
27,1,2,تِلْكَ,تلك,ISM_MABNI,ISM_MABNI,True,registry:exact:02_mabniyat/demonstrative_pronouns.json#6,Certificate
27,52,8,ذَلِكَ,ذلك,ISM_MABNI,ISM_MABNI,True,registry:exact:02_mabniyat/demonstrative_pronouns.json#9,Certificate
27,86,12,ذَلِكَ,ذلك,ISM_MABNI,ISM_MABNI,True,registry:exact:02_mabniyat/demonstrative_pronouns.json#9,Certificate
28,2,1,تِلْكَ,تلك,ISM_MABNI,ISM_MABNI,True,registry:exact:02_mabniyat/demonstrative_pronouns.json#6,Certificate
28,28,2,ذَلِكَ,ذلك,ISM_MABNI,ISM_MABNI,True,registry:exact:02_mabniyat/demonstrative_pronouns.json#9,Certificate
28,63,7,هَؤُلَاءِ,هؤلاء,ISM_MABNI,ISM_MABNI,True,registry:exact:02_mabniyat/demonstrative_pronouns.json#13,Certificate
28,83,1,تِلْكَ,تلك,ISM_MABNI,ISM_MABNI,True,registry:exact:02_mabniyat/demonstrative_pronouns.json#6,Certificate
29,19,10,ذَلِكَ,ذلك,ISM_MABNI,ISM_MABNI,True,registry:exact:02_mabniyat/demonstrative_pronouns.json#9,Certificate
29,24,17,ذَلِكَ,ذلك,ISM_MABNI,ISM_MABNI,True,registry:exact:02_mabniyat/demonstrative_pronouns.json#9,Certificate
29,44,8,ذَلِكَ,ذلك,ISM_MABNI,ISM_MABNI,True,registry:exact:02_mabniyat/demonstrative_pronouns.json#9,Certificate
29,47,11,هَؤُلَاءِ,هؤلاء,ISM_MABNI,ISM_MABNI,True,registry:exact:02_mabniyat/demonstrative_pronouns.json#13,Certificate
29,51,11,ذَلِكَ,ذلك,ISM_MABNI,ISM_MABNI,True,registry:exact:02_mabniyat/demonstrative_pronouns.json#9,Certificate
30,21,17,ذَلِكَ,ذلك,ISM_MABNI,ISM_MABNI,True,registry:exact:02_mabniyat/demonstrative_pronouns.json#9,Certificate
30,22,11,ذَلِكَ,ذلك,ISM_MABNI,ISM_MABNI,True,registry:exact:02_mabniyat/demonstrative_pronouns.json#9,Certificate
30,23,11,ذَلِكَ,ذلك,ISM_MABNI,ISM_MABNI,True,registry:exact:02_mabniyat/demonstrative_pronouns.json#9,Certificate
30,24,18,ذَلِكَ,ذلك,ISM_MABNI,ISM_MABNI,True,registry:exact:02_mabniyat/demonstrative_pronouns.json#9,Certificate
30,30,15,ذَلِكَ,ذلك,ISM_MABNI,ISM_MABNI,True,registry:exact:02_mabniyat/demonstrative_pronouns.json#9,Certificate
30,37,12,ذَلِكَ,ذلك,ISM_MABNI,ISM_MABNI,True,registry:exact:02_mabniyat/demonstrative_pronouns.json#9,Certificate
30,38,8,ذَلِكَ,ذلك,ISM_MABNI,ISM_MABNI,True,registry:exact:02_mabniyat/demonstrative_pronouns.json#9,Certificate
30,50,12,ذَلِكَ,ذلك,ISM_MABNI,ISM_MABNI,True,registry:exact:02_mabniyat/demonstrative_pronouns.json#9,Certificate
31,2,1,تِلْكَ,تلك,ISM_MABNI,ISM_MABNI,True,registry:exact:02_mabniyat/demonstrative_pronouns.json#6,Certificate
31,17,14,ذَلِكَ,ذلك,ISM_MABNI,ISM_MABNI,True,registry:exact:02_mabniyat/demonstrative_pronouns.json#9,Certificate
31,30,1,ذَلِكَ,ذلك,ISM_MABNI,ISM_MABNI,True,registry:exact:02_mabniyat/demonstrative_pronouns.json#9,Certificate
31,31,15,ذَلِكَ,ذلك,ISM_MABNI,ISM_MABNI,True,registry:exact:02_mabniyat/demonstrative_pronouns.json#9,Certificate
32,6,1,ذَلِكَ,ذلك,ISM_MABNI,ISM_MABNI,True,registry:exact:02_mabniyat/demonstrative_pronouns.json#9,Certificate
32,26,15,ذَلِكَ,ذلك,ISM_MABNI,ISM_MABNI,True,registry:exact:02_mabniyat/demonstrative_pronouns.json#9,Certificate
33,6,26,ذَلِكَ,ذلك,ISM_MABNI,ISM_MABNI,True,registry:exact:02_mabniyat/demonstrative_pronouns.json#9,Certificate
33,19,32,ذَلِكَ,ذلك,ISM_MABNI,ISM_MABNI,True,registry:exact:02_mabniyat/demonstrative_pronouns.json#9,Certificate
33,30,13,ذَلِكَ,ذلك,ISM_MABNI,ISM_MABNI,True,registry:exact:02_mabniyat/demonstrative_pronouns.json#9,Certificate
33,50,7,اللَّاتِي,اللاتي,ISM_MAWSOOL,ISM_MAWSOOL,True,registry:plain:02_mabniyat/relative_pronouns.json#10,Certificate
33,50,25,اللَّاتِي,اللاتي,ISM_MAWSOOL,ISM_MAWSOOL,True,registry:plain:02_mabniyat/relative_pronouns.json#10,Certificate
33,51,16,ذَلِكَ,ذلك,ISM_MABNI,ISM_MABNI,True,registry:exact:02_mabniyat/demonstrative_pronouns.json#9,Certificate
33,59,12,ذَلِكَ,ذلك,ISM_MABNI,ISM_MABNI,True,registry:exact:02_mabniyat/demonstrative_pronouns.json#9,Certificate
34,3,26,ذَلِكَ,ذلك,ISM_MABNI,ISM_MABNI,True,registry:exact:02_mabniyat/demonstrative_pronouns.json#9,Certificate
34,9,25,ذَلِكَ,ذلك,ISM_MABNI,ISM_MABNI,True,registry:exact:02_mabniyat/demonstrative_pronouns.json#9,Certificate
34,17,1,ذَلِكَ,ذلك,ISM_MABNI,ISM_MABNI,True,registry:exact:02_mabniyat/demonstrative_pronouns.json#9,Certificate
34,19,15,ذَلِكَ,ذلك,ISM_MABNI,ISM_MABNI,True,registry:exact:02_mabniyat/demonstrative_pronouns.json#9,Certificate
35,11,31,ذَلِكَ,ذلك,ISM_MABNI,ISM_MABNI,True,registry:exact:02_mabniyat/demonstrative_pronouns.json#9,Certificate
35,17,2,ذَلِكَ,ذلك,ISM_MABNI,ISM_MABNI,True,registry:exact:02_mabniyat/demonstrative_pronouns.json#9,Certificate
35,32,18,ذَلِكَ,ذلك,ISM_MABNI,ISM_MABNI,True,registry:exact:02_mabniyat/demonstrative_pronouns.json#9,Certificate
36,38,5,ذَلِكَ,ذلك,ISM_MABNI,ISM_MABNI,True,registry:exact:02_mabniyat/demonstrative_pronouns.json#9,Certificate
38,15,3,هَؤُلَاءِ,هؤلاء,ISM_MABNI,ISM_MABNI,True,registry:exact:02_mabniyat/demonstrative_pronouns.json#13,Certificate
38,25,3,ذَلِكَ,ذلك,ISM_MABNI,ISM_MABNI,True,registry:exact:02_mabniyat/demonstrative_pronouns.json#9,Certificate
38,27,8,ذَلِكَ,ذلك,ISM_MABNI,ISM_MABNI,True,registry:exact:02_mabniyat/demonstrative_pronouns.json#9,Certificate
38,64,2,ذَلِكَ,ذلك,ISM_MABNI,ISM_MABNI,True,registry:exact:02_mabniyat/demonstrative_pronouns.json#9,Certificate
39,15,16,ذَلِكَ,ذلك,ISM_MABNI,ISM_MABNI,True,registry:exact:02_mabniyat/demonstrative_pronouns.json#9,Certificate
39,16,10,ذَلِكَ,ذلك,ISM_MABNI,ISM_MABNI,True,registry:exact:02_mabniyat/demonstrative_pronouns.json#9,Certificate
39,21,28,ذَلِكَ,ذلك,ISM_MABNI,ISM_MABNI,True,registry:exact:02_mabniyat/demonstrative_pronouns.json#9,Certificate
39,23,21,ذَلِكَ,ذلك,ISM_MABNI,ISM_MABNI,True,registry:exact:02_mabniyat/demonstrative_pronouns.json#9,Certificate
39,34,6,ذَلِكَ,ذلك,ISM_MABNI,ISM_MABNI,True,registry:exact:02_mabniyat/demonstrative_pronouns.json#9,Certificate
39,42,23,ذَلِكَ,ذلك,ISM_MABNI,ISM_MABNI,True,registry:exact:02_mabniyat/demonstrative_pronouns.json#9,Certificate
39,51,8,هَؤُلَاءِ,هؤلاء,ISM_MABNI,ISM_MABNI,True,registry:exact:02_mabniyat/demonstrative_pronouns.json#13,Certificate
39,52,12,ذَلِكَ,ذلك,ISM_MABNI,ISM_MABNI,True,registry:exact:02_mabniyat/demonstrative_pronouns.json#9,Certificate
40,22,1,ذَلِكَ,ذلك,ISM_MABNI,ISM_MABNI,True,registry:exact:02_mabniyat/demonstrative_pronouns.json#9,Certificate
41,9,12,ذَلِكَ,ذلك,ISM_MABNI,ISM_MABNI,True,registry:exact:02_mabniyat/demonstrative_pronouns.json#9,Certificate
41,12,16,ذَلِكَ,ذلك,ISM_MABNI,ISM_MABNI,True,registry:exact:02_mabniyat/demonstrative_pronouns.json#9,Certificate
41,28,1,ذَلِكَ,ذلك,ISM_MABNI,ISM_MABNI,True,registry:exact:02_mabniyat/demonstrative_pronouns.json#9,Certificate
41,29,6,اللَّذَيْنِ,اللذين,ISM_MAWSOOL,ISM_MAWSOOL,True,registry:plain:02_mabniyat/relative_pronouns.json#7,Certificate
42,22,21,ذَلِكَ,ذلك,ISM_MABNI,ISM_MABNI,True,registry:exact:02_mabniyat/demonstrative_pronouns.json#9,Certificate
42,23,1,ذَلِكَ,ذلك,ISM_MABNI,ISM_MABNI,True,registry:exact:02_mabniyat/demonstrative_pronouns.json#9,Certificate
42,33,11,ذَلِكَ,ذلك,ISM_MABNI,ISM_MABNI,True,registry:exact:02_mabniyat/demonstrative_pronouns.json#9,Certificate
42,43,5,ذَلِكَ,ذلك,ISM_MABNI,ISM_MABNI,True,registry:exact:02_mabniyat/demonstrative_pronouns.json#9,Certificate
43,29,3,هَؤُلَاءِ,هؤلاء,ISM_MABNI,ISM_MABNI,True,registry:exact:02_mabniyat/demonstrative_pronouns.json#13,Certificate
43,35,4,ذَلِكَ,ذلك,ISM_MABNI,ISM_MABNI,True,registry:exact:02_mabniyat/demonstrative_pronouns.json#9,Certificate
43,88,4,هَؤُلَاءِ,هؤلاء,ISM_MABNI,ISM_MABNI,True,registry:exact:02_mabniyat/demonstrative_pronouns.json#13,Certificate
44,22,4,هَؤُلَاءِ,هؤلاء,ISM_MABNI,ISM_MABNI,True,registry:exact:02_mabniyat/demonstrative_pronouns.json#13,Certificate
44,34,2,هَؤُلَاءِ,هؤلاء,ISM_MABNI,ISM_MABNI,True,registry:exact:02_mabniyat/demonstrative_pronouns.json#13,Certificate
44,57,4,ذَلِكَ,ذلك,ISM_MABNI,ISM_MABNI,True,registry:exact:02_mabniyat/demonstrative_pronouns.json#9,Certificate
45,6,1,تِلْكَ,تلك,ISM_MABNI,ISM_MABNI,True,registry:exact:02_mabniyat/demonstrative_pronouns.json#6,Certificate
45,13,13,ذَلِكَ,ذلك,ISM_MABNI,ISM_MABNI,True,registry:exact:02_mabniyat/demonstrative_pronouns.json#9,Certificate
45,30,10,ذَلِكَ,ذلك,ISM_MABNI,ISM_MABNI,True,registry:exact:02_mabniyat/demonstrative_pronouns.json#9,Certificate
47,3,1,ذَلِكَ,ذلك,ISM_MABNI,ISM_MABNI,True,registry:exact:02_mabniyat/demonstrative_pronouns.json#9,Certificate
47,4,21,ذَلِكَ,ذلك,ISM_MABNI,ISM_MABNI,True,registry:exact:02_mabniyat/demonstrative_pronouns.json#9,Certificate
47,9,1,ذَلِكَ,ذلك,ISM_MABNI,ISM_MABNI,True,registry:exact:02_mabniyat/demonstrative_pronouns.json#9,Certificate
47,11,1,ذَلِكَ,ذلك,ISM_MABNI,ISM_MABNI,True,registry:exact:02_mabniyat/demonstrative_pronouns.json#9,Certificate
47,26,1,ذَلِكَ,ذلك,ISM_MABNI,ISM_MABNI,True,registry:exact:02_mabniyat/demonstrative_pronouns.json#9,Certificate
47,28,1,ذَلِكَ,ذلك,ISM_MABNI,ISM_MABNI,True,registry:exact:02_mabniyat/demonstrative_pronouns.json#9,Certificate
47,38,2,هَؤُلَاءِ,هؤلاء,ISM_MABNI,ISM_MABNI,True,registry:exact:02_mabniyat/demonstrative_pronouns.json#13,Certificate
48,5,15,ذَلِكَ,ذلك,ISM_MABNI,ISM_MABNI,True,registry:exact:02_mabniyat/demonstrative_pronouns.json#9,Certificate
48,12,12,ذَلِكَ,ذلك,ISM_MABNI,ISM_MABNI,True,registry:exact:02_mabniyat/demonstrative_pronouns.json#9,Certificate
48,27,26,ذَلِكَ,ذلك,ISM_MABNI,ISM_MABNI,True,registry:exact:02_mabniyat/demonstrative_pronouns.json#9,Certificate
48,29,25,ذَلِكَ,ذلك,ISM_MABNI,ISM_MABNI,True,registry:exact:02_mabniyat/demonstrative_pronouns.json#9,Certificate
50,3,5,ذَلِكَ,ذلك,ISM_MABNI,ISM_MABNI,True,registry:exact:02_mabniyat/demonstrative_pronouns.json#9,Certificate
50,19,5,ذَلِكَ,ذلك,ISM_MABNI,ISM_MABNI,True,registry:exact:02_mabniyat/demonstrative_pronouns.json#9,Certificate
50,20,4,ذَلِكَ,ذلك,ISM_MABNI,ISM_MABNI,True,registry:exact:02_mabniyat/demonstrative_pronouns.json#9,Certificate
50,34,3,ذَلِكَ,ذلك,ISM_MABNI,ISM_MABNI,True,registry:exact:02_mabniyat/demonstrative_pronouns.json#9,Certificate
50,37,3,ذَلِكَ,ذلك,ISM_MABNI,ISM_MABNI,True,registry:exact:02_mabniyat/demonstrative_pronouns.json#9,Certificate
50,42,5,ذَلِكَ,ذلك,ISM_MABNI,ISM_MABNI,True,registry:exact:02_mabniyat/demonstrative_pronouns.json#9,Certificate
50,44,6,ذَلِكَ,ذلك,ISM_MABNI,ISM_MABNI,True,registry:exact:02_mabniyat/demonstrative_pronouns.json#9,Certificate
51,16,8,ذَلِكَ,ذلك,ISM_MABNI,ISM_MABNI,True,registry:exact:02_mabniyat/demonstrative_pronouns.json#9,Certificate
52,47,6,ذَلِكَ,ذلك,ISM_MABNI,ISM_MABNI,True,registry:exact:02_mabniyat/demonstrative_pronouns.json#9,Certificate
53,22,1,تِلْكَ,تلك,ISM_MABNI,ISM_MABNI,True,registry:exact:02_mabniyat/demonstrative_pronouns.json#6,Certificate
53,30,1,ذَلِكَ,ذلك,ISM_MABNI,ISM_MABNI,True,registry:exact:02_mabniyat/demonstrative_pronouns.json#9,Certificate
56,45,4,ذَلِكَ,ذلك,ISM_MABNI,ISM_MABNI,True,registry:exact:02_mabniyat/demonstrative_pronouns.json#9,Certificate
57,12,19,ذَلِكَ,ذلك,ISM_MABNI,ISM_MABNI,True,registry:exact:02_mabniyat/demonstrative_pronouns.json#9,Certificate
57,21,16,ذَلِكَ,ذلك,ISM_MABNI,ISM_MABNI,True,registry:exact:02_mabniyat/demonstrative_pronouns.json#9,Certificate
57,22,18,ذَلِكَ,ذلك,ISM_MABNI,ISM_MABNI,True,registry:exact:02_mabniyat/demonstrative_pronouns.json#9,Certificate
58,4,17,ذَلِكَ,ذلك,ISM_MABNI,ISM_MABNI,True,registry:exact:02_mabniyat/demonstrative_pronouns.json#9,Certificate
58,7,28,ذَلِكَ,ذلك,ISM_MABNI,ISM_MABNI,True,registry:exact:02_mabniyat/demonstrative_pronouns.json#9,Certificate
58,12,12,ذَلِكَ,ذلك,ISM_MABNI,ISM_MABNI,True,registry:exact:02_mabniyat/demonstrative_pronouns.json#9,Certificate
59,4,1,ذَلِكَ,ذلك,ISM_MABNI,ISM_MABNI,True,registry:exact:02_mabniyat/demonstrative_pronouns.json#9,Certificate
59,13,8,ذَلِكَ,ذلك,ISM_MABNI,ISM_MABNI,True,registry:exact:02_mabniyat/demonstrative_pronouns.json#9,Certificate
59,14,19,ذَلِكَ,ذلك,ISM_MABNI,ISM_MABNI,True,registry:exact:02_mabniyat/demonstrative_pronouns.json#9,Certificate
61,12,15,ذَلِكَ,ذلك,ISM_MABNI,ISM_MABNI,True,registry:exact:02_mabniyat/demonstrative_pronouns.json#9,Certificate
62,4,1,ذَلِكَ,ذلك,ISM_MABNI,ISM_MABNI,True,registry:exact:02_mabniyat/demonstrative_pronouns.json#9,Certificate
63,3,1,ذَلِكَ,ذلك,ISM_MABNI,ISM_MABNI,True,registry:exact:02_mabniyat/demonstrative_pronouns.json#9,Certificate
63,9,14,ذَلِكَ,ذلك,ISM_MABNI,ISM_MABNI,True,registry:exact:02_mabniyat/demonstrative_pronouns.json#9,Certificate
64,6,1,ذَلِكَ,ذلك,ISM_MABNI,ISM_MABNI,True,registry:exact:02_mabniyat/demonstrative_pronouns.json#9,Certificate
64,9,5,ذَلِكَ,ذلك,ISM_MABNI,ISM_MABNI,True,registry:exact:02_mabniyat/demonstrative_pronouns.json#9,Certificate
64,9,25,ذَلِكَ,ذلك,ISM_MABNI,ISM_MABNI,True,registry:exact:02_mabniyat/demonstrative_pronouns.json#9,Certificate
65,1,40,ذَلِكَ,ذلك,ISM_MABNI,ISM_MABNI,True,registry:exact:02_mabniyat/demonstrative_pronouns.json#9,Certificate
65,5,1,ذَلِكَ,ذلك,ISM_MABNI,ISM_MABNI,True,registry:exact:02_mabniyat/demonstrative_pronouns.json#9,Certificate
66,4,20,ذَلِكَ,ذلك,ISM_MABNI,ISM_MABNI,True,registry:exact:02_mabniyat/demonstrative_pronouns.json#9,Certificate
68,13,3,ذَلِكَ,ذلك,ISM_MABNI,ISM_MABNI,True,registry:exact:02_mabniyat/demonstrative_pronouns.json#9,Certificate
70,31,4,ذَلِكَ,ذلك,ISM_MABNI,ISM_MABNI,True,registry:exact:02_mabniyat/demonstrative_pronouns.json#9,Certificate
70,44,5,ذَلِكَ,ذلك,ISM_MABNI,ISM_MABNI,True,registry:exact:02_mabniyat/demonstrative_pronouns.json#9,Certificate
72,11,6,ذَلِكَ,ذلك,ISM_MABNI,ISM_MABNI,True,registry:exact:02_mabniyat/demonstrative_pronouns.json#9,Certificate
75,40,2,ذَلِكَ,ذلك,ISM_MABNI,ISM_MABNI,True,registry:exact:02_mabniyat/demonstrative_pronouns.json#9,Certificate
76,11,4,ذَلِكَ,ذلك,ISM_MABNI,ISM_MABNI,True,registry:exact:02_mabniyat/demonstrative_pronouns.json#9,Certificate
76,27,2,هَؤُلَاءِ,هؤلاء,ISM_MABNI,ISM_MABNI,True,registry:exact:02_mabniyat/demonstrative_pronouns.json#13,Certificate
78,39,1,ذَلِكَ,ذلك,ISM_MABNI,ISM_MABNI,True,registry:exact:02_mabniyat/demonstrative_pronouns.json#9,Certificate
79,12,2,تِلْكَ,تلك,ISM_MABNI,ISM_MABNI,True,registry:exact:02_mabniyat/demonstrative_pronouns.json#6,Certificate
79,26,3,ذَلِكَ,ذلك,ISM_MABNI,ISM_MABNI,True,registry:exact:02_mabniyat/demonstrative_pronouns.json#9,Certificate
79,30,3,ذَلِكَ,ذلك,ISM_MABNI,ISM_MABNI,True,registry:exact:02_mabniyat/demonstrative_pronouns.json#9,Certificate
83,26,4,ذَلِكَ,ذلك,ISM_MABNI,ISM_MABNI,True,registry:exact:02_mabniyat/demonstrative_pronouns.json#9,Certificate
83,32,5,هَؤُلَاءِ,هؤلاء,ISM_MABNI,ISM_MABNI,True,registry:exact:02_mabniyat/demonstrative_pronouns.json#13,Certificate
85,11,12,ذَلِكَ,ذلك,ISM_MABNI,ISM_MABNI,True,registry:exact:02_mabniyat/demonstrative_pronouns.json#9,Certificate
89,5,3,ذَلِكَ,ذلك,ISM_MABNI,ISM_MABNI,True,registry:exact:02_mabniyat/demonstrative_pronouns.json#9,Certificate
98,8,18,ذَلِكَ,ذلك,ISM_MABNI,ISM_MABNI,True,registry:exact:02_mabniyat/demonstrative_pronouns.json#9,Certificate
100,7,3,ذَلِكَ,ذلك,ISM_MABNI,ISM_MABNI,True,registry:exact:02_mabniyat/demonstrative_pronouns.json#9,Certificate
