priority,topic_id,operator,vocalized_form,meaning_id,meaning_ar,syntactic_effect,semantic_field,conditions,exceptions,warnings,example_constructed,example_quran,surah_ayah,author_position,disagreement,source_part,source_page,confidence
1,MUBTADA_KHABAR,—,—,MK_BASIC_DEFINITION,المُبتَدَأ هو الاسم المَرفوع المُجَرَّد عَن العَوامِل اللَّفظيَّة، وَ الخَبَر هو المُسنَد إِليه,marfu3_marfu3,predication,أَن يَكون المُبتَدَأ مَعرِفَة وَ الخَبَر نَكِرَة غالِبًا,,قَد يَكون المُبتَدَأ نَكِرَة بِشُروط,زَيدٌ قائِمٌ,اللَّهُ نُورُ السَّمَاوَاتِ,النور:35,preferred,,1,168,0.95
2,MUBTADA_KHABAR,—,—,MK_NAKIRA_MUBTADA,جَواز ابتِداء النَّكِرَة بِشَرط الفائِدَة (وَصف، تَخصيص، نَفي، استِفهام),marfu3,nakira_initial_with_condition,أَن تُفيد النَّكِرَة فائِدَة,,تَسقُط القاعِدَة لَو لَم تُفِد,رَجُلٌ في الدَّارِ,أَئِنَّ لَنَا لَأَجْرًا,الشعراء:41,preferred,,1,168,0.92
3,MUBTADA_KHABAR,—,—,MK_KHABAR_MUFRAD,الخَبَر المُفرَد: اسم مَرفوع يُفسِّر المُبتَدَأ بِنَفسه,marfu3_isim_mufrad,khabar_single,,,قَد يَكون جُملَة أَو شِبه جُملَة,زَيدٌ كَريمٌ,اللَّهُ غَفُورٌ رَحِيمٌ,البقرة:173,preferred,,1,170,0.95
4,MUBTADA_KHABAR,—,—,MK_KHABAR_JUMLA,الخَبَر الجُملَة: جُملَة اسميَّة أَو فِعليَّة فيها ضَمير يَعود عَلى المُبتَدَأ,sentence_khabar,khabar_clause,وُجود رابِط بَين المُبتَدَأ وَ الخَبَر,,قَد يَكون الرابِط ضَميرًا مَستَتِرًا,زَيدٌ أَبوهُ كَريم,اللَّهُ لَا إِلَهَ إِلَّا هُوَ,البقرة:255,preferred,,1,171,0.92
5,MUBTADA_KHABAR,—,—,MK_KHABAR_SHIBH,الخَبَر شِبه الجُملَة: جارّ وَ مَجرور أَو ظَرف,prep_khabar,khabar_circumstance,قَد يَتَعَلَّق بِمَحذوف عامِل,,,زَيدٌ في الدَّارِ,الْحَمْدُ لِلَّهِ,الفاتحة:2,preferred,,1,172,0.95
6,MUBTADA_KHABAR,—,—,MK_KHABAR_TAQDIM,تَقديم الخَبَر: لِلِاختِصاص أَو لِلِاهتِمام أَو لِفاصِلَة الآيَة,fronting,khabar_fronting,حَيث يَأتي الخَبَر قَبل المُبتَدَأ,,قَد يَكون لِلتَّوكيد أَو الحَصر,في الدَّارِ زَيدٌ,لِلَّهِ مَا فِي السَّمَاوَاتِ,البقرة:284,preferred,خِلاف هَل تَقديم لِلِاختِصاص أَم لِلِاهتِمام,1,175,0.92
7,MUBTADA_KHABAR,—,—,MK_HADHF_MUBTADA,حَذف المُبتَدَأ لِدَليل قَويّ — مَفهومًا مِن السِّياق,deletion_subj,ellipsis_subject,دَليل قَويّ في السِّياق,,,(زَيدٌ) فاضِلٌ — كَجَواب عَلى سُؤال,صَبْرٌ جَمِيلٌ (أَي صَبري) — التَّقدير،,يوسف:18,preferred,,1,179,0.9
8,MUBTADA_KHABAR,—,—,MK_HADHF_KHABAR,حَذف الخَبَر لِدَليل قَويّ — وُجود قَرينَة دالَّة,deletion_pred,ellipsis_predicate,قَرينَة دالَّة عَلى المَحذوف,,,لَولا زَيدٌ (لَهَلَكتُ),لَوْلَا أَنْتُمْ لَكُنَّا مُؤْمِنِينَ,سبأ:31,preferred,,1,180,0.9
9,MUBTADA_KHABAR,—,—,MK_NAIB_FIIL,المُبتَدَأ النَّائِب مَناب الفِعل — يَرفَع فاعِلًا ظاهِرًا,quasi_verbal,subject_acts_as_verb,وَصف يَعمَل عَمَل الفِعل,,قَد يَكون اسم فاعِل أَو مَفعول,أَقائِمٌ زَيدٌ؟ (أَقائِم: مُبتَدَأ، زَيد: فاعِل سَدّ مَسَدّ الخَبَر),,,preferred,خِلاف هَل المُبتَدَأ يَنوب مَناب الفِعل,1,183,0.88
