word,engine_root,audited_root,audited_bab_sarfi,is_audited_and_correct,status,issue_type,fix_hint
قَرِبَ,قرب,قرب,فَعِلَ يَفْعَلُ ( كسر فتح ),True,exact_match,,
كَثَجَ,كثج,كثج,فَعَلَ يَفْعِلُ ( فتحُ كَسْرٍ ),True,exact_match,,
كَهِبَ,كهب,كهب,فَعِلَ يَفْعَلُ ( كسر فتح ),True,exact_match,,
قَلَدَ,قلد,قلد,فَعَلَ يَفْعِلُ ( فتحُ كَسْرٍ ),True,exact_match,,
فَدَّ,,فدد,فَعَلَ يَفْعِلُ ( فتحُ كَسْرٍ ),True,root_mismatch,engine_no_root,تَفَقَّد فَلتَرَة الـ closed-class أَو jamid
غَيِِنَ,غين,غين,فَعِلَ يَفْعَلُ ( كسر فتح ),True,exact_match,,
فَدَشَ,فدش,فدش,فَعَلَ يَفْعُلُ ( فتحُ ضمٍّ ),True,exact_match,,
نَجَشَ,نجش,نجش,فَعَلَ يَفْعُلُ ( فتحُ ضمٍّ ),True,exact_match,,
قَنَأَ,قنأ,قنء,فَعَلَ يَفْعَلُ ( فتحتان ),True,exact_match,,
قَاضَ,قاض,قوض,فَعَلَ يَفْعُلُ ( فتحُ ضمٍّ ),True,root_mismatch,unknown,يَحتاج فَحصًا يَدَويًّا
نَتَلَ,نتل,نتل,فَعَلَ يَفْعُلُ ( فتحُ ضمٍّ ),True,exact_match,,
كَحَّ,,كحح,فَعَلَ يَفْعُلُ ( فتحُ ضمٍّ ),True,root_mismatch,engine_no_root,تَفَقَّد فَلتَرَة الـ closed-class أَو jamid
قَزَّ,,قزز,فَعَلَ يَفْعُلُ ( فتحُ ضمٍّ ),True,root_mismatch,engine_no_root,تَفَقَّد فَلتَرَة الـ closed-class أَو jamid
غَلَظَ,غلظ,غلظ,فَعَلَ يَفْعِلُ ( فتحُ كَسْرٍ ),True,exact_match,,
فَلَعَ,فلع,فلع,فَعَلَ يَفْعَلُ ( فتحتان ),True,exact_match,,
نَدَفَ,ندف,ندف,فَعَلَ يَفْعِلُ ( فتحُ كَسْرٍ ),True,exact_match,,
كَرَبَ,,كرب,فَعَلَ يَفْعُلُ ( فتحُ ضمٍّ ),True,root_mismatch,engine_no_root,تَفَقَّد فَلتَرَة الـ closed-class أَو jamid
فَقِعَ,فقع,فقع,فَعِلَ يَفْعَلُ ( كسر فتح ),True,exact_match,,
فَسُلَ,فسل,فسل,فَعُلَ يَفْعُلُ ( ضمَ ضمٍَ ),True,exact_match,,
فَرِقَ,فرق,فرق,فَعِلَ يَفْعَلُ ( كسر فتح ),True,exact_match,,
فَشَجَ,فشج,فشج,فَعَلَ يَفْعِلُ ( فتحُ كَسْرٍ ),True,exact_match,,
فَسَخَ,فسخ,فسخ,فَعَلَ يَفْعَلُ ( فتحتان ),True,exact_match,,
فَصَخَ,فصخ,فصخ,فَعَلَ يَفْعَلُ ( فتحتان ),True,exact_match,,
قَصَّ,,قصص,فَعَلَ يَفْعُلُ ( فتحُ ضمٍّ ),True,root_mismatch,engine_no_root,تَفَقَّد فَلتَرَة الـ closed-class أَو jamid
قَذَلَ,قذل,قذل,فَعَلَ يَفْعُلُ ( فتحُ ضمٍّ ),True,exact_match,,
كَبَرَ,كبر,كبر,فَعَلَ يَفْعُلُ ( فتحُ ضمٍّ ),True,exact_match,,
نَحَتَ,نحت,نحت,فَعَلَ يَفْعُلُ ( فتحُ ضمٍّ ),True,exact_match,,
نَدَهَ,نده,نده,فَعَلَ يَفْعَلُ ( فتحتان ),True,exact_match,,
كَشِحَ,كشح,كشح,فَعِلَ يَفْعَلُ ( كسر فتح ),True,exact_match,,
فَطُنَ,فطن,فطن,فَعُلَ يَفْعُلُ ( ضمَ ضمٍَ ),True,exact_match,,
غَضِيَ,غضي,غضي,فَعِلَ يَفْعَلُ ( كسر فتح ),True,exact_match,,
كَثُرَ,كثر,كثر,فَعُلَ يَفْعُلُ ( ضمَ ضمٍَ ),True,exact_match,,
كَدَسَ,كدس,كدس,فَعَلَ يَفْعِلُ ( فتحُ كَسْرٍ ),True,exact_match,,
غَسَرَ,غسر,غسر,فَعَلَ يَفْعُلُ ( فتحُ ضمٍّ ),True,exact_match,,
فَدَمَ,فدم,فدم,فَعَلَ يَفْعِلُ ( فتحُ كَسْرٍ ),True,exact_match,,
غَافَ,غاف,غيف,فَعَلَ يَفْعِلُ ( فتحُ كَسْرٍ ),True,root_mismatch,unknown,يَحتاج فَحصًا يَدَويًّا
نَدَحَ,ندح,ندح,فَعَلَ يَفْعَلُ ( فتحتان ),True,exact_match,,
قَذِيَ,قذي,قذي,فَعِلَ يَفْعَلُ ( كسر فتح ),True,exact_match,,
قَصُرَ,قصر,قصر,فَعُلَ يَفْعُلُ ( ضمَ ضمٍَ ),True,exact_match,,
خَذَمَ,خذم,خذم,فَعَلَ يَفْعِلُ ( فتحُ كَسْرٍ ),True,exact_match,,
كَهَّ,,كهه,فَعَلَ يَفْعُلُ ( فتحُ ضمٍّ ),True,root_mismatch,engine_no_root,تَفَقَّد فَلتَرَة الـ closed-class أَو jamid
فَاحَ,فاح,فوح,فَعَلَ يَفْعُلُ ( فتحُ ضمٍّ ),True,root_mismatch,unknown,يَحتاج فَحصًا يَدَويًّا
فَرَتَ,فرت,فرت,فَعَلَ يَفْعُلُ ( فتحُ ضمٍّ ),True,exact_match,,
قَضَعَ,قضع,قضع,فَعَلَ يَفْعَلُ ( فتحتان ),True,exact_match,,
قَبَثَ,قبث,قبث,فَعَلَ يَفْعِلُ ( فتحُ كَسْرٍ ),True,exact_match,,
قَدِرَ,قدر,قدر,فَعِلَ يَفْعَلُ ( كسر فتح ),True,exact_match,,
قَعَّ,,قعع,فَعَلَ يَفْعُلُ ( فتحُ ضمٍّ ),True,root_mismatch,engine_no_root,تَفَقَّد فَلتَرَة الـ closed-class أَو jamid
قَمَهَ,قمه,قمه,فَعَلَ يَفْعَلُ ( فتحتان ),True,exact_match,,
فَرِتَ,فرت,فرت,فَعِلَ يَفْعَلُ ( كسر فتح ),True,exact_match,,
كَلَى,كلى,كلي,فَعَلَ يَفْعِلُ ( فتحُ كَسْرٍ ),True,root_mismatch,unknown,يَحتاج فَحصًا يَدَويًّا
فَخَزَ,فخز,فخز,فَعَلَ يَفْعَلُ ( فتحتان ),True,exact_match,,
فَحَى,فحى,فحي,فَعَلَ يَفْعِلُ ( فتحُ كَسْرٍ ),True,root_mismatch,unknown,يَحتاج فَحصًا يَدَويًّا
فَطِئَ,فطئ,فطء,فَعِلَ يَفْعَلُ ( كسر فتح ),True,exact_match,,
كَثَّ,,كثث,فَعَلَ يَفْعِلُ ( فتحُ كَسْرٍ ),True,root_mismatch,engine_no_root,تَفَقَّد فَلتَرَة الـ closed-class أَو jamid
كَلَتَ,كلت,كلت,فَعَلَ يَفْعِلُ ( فتحُ كَسْرٍ ),True,exact_match,,
كَهِيَ,كهي,كهي,فَعِلَ يَفْعَلُ ( كسر فتح ),True,exact_match,,
فَاتَ,فات,فوت,فَعَلَ يَفْعُلُ ( فتحُ ضمٍّ ),True,root_mismatch,unknown,يَحتاج فَحصًا يَدَويًّا
كَعَا,كعا,كعو,فَعَلَ يَفْعُلُ ( فتحُ ضمٍّ ),True,root_mismatch,unknown,يَحتاج فَحصًا يَدَويًّا
فَطِحَ,فطح,فطح,فَعِلَ يَفْعَلُ ( كسر فتح ),True,exact_match,,
قَمِدَ,قمد,قمد,فَعِلَ يَفْعَلُ ( كسر فتح ),True,exact_match,,
قَلِحَ,قلح,قلح,فَعِلَ يَفْعَلُ ( كسر فتح ),True,exact_match,,
قَفَزَ,قفز,قفز,فَعَلَ يَفْعِلُ ( فتحُ كَسْرٍ ),True,exact_match,,
خَدَجَ,خدج,خدج,فَعَلَ يَفْعُلُ ( فتحُ ضمٍّ ),True,exact_match,,
قَثُمَ,قثم,قثم,فَعُلَ يَفْعُلُ ( ضمَ ضمٍَ ),True,exact_match,,
قَبَصَ,قبص,قبص,فَعَلَ يَفْعِلُ ( فتحُ كَسْرٍ ),True,exact_match,,
كَهُنَ,كهن,كهن,فَعُلَ يَفْعُلُ ( ضمَ ضمٍَ ),True,exact_match,,
فَحُشَ,فحش,فحش,فَعُلَ يَفْعُلُ ( ضمَ ضمٍَ ),True,exact_match,,
غَمَجَ,غمج,غمج,فَعَلَ يَفْعِلُ ( فتحُ كَسْرٍ ),True,exact_match,,
قَشَمَ,قشم,قشم,فَعَلَ يَفْعِلُ ( فتحُ كَسْرٍ ),True,exact_match,,
فَتِقَ,فتق,فتق,فَعِلَ يَفْعَلُ ( كسر فتح ),True,exact_match,,
غَرَّ,,غرر,فَعَلَ يَفْعُلُ ( فتحُ ضمٍّ ),True,root_mismatch,engine_no_root,تَفَقَّد فَلتَرَة الـ closed-class أَو jamid
خَجِيَ,خجي,خجي,فَعِلَ يَفْعَلُ ( كسر فتح ),True,exact_match,,
خَرَجَ,خرج,خرج,فَعَلَ يَفْعُلُ ( فتحُ ضمٍّ ),True,exact_match,,
كَرَى,كرى,كري,فَعَلَ يَفْعِلُ ( فتحُ كَسْرٍ ),True,root_mismatch,unknown,يَحتاج فَحصًا يَدَويًّا
كَاءَ,كاء,كوء,فَعَلَ يَفْعُلُ ( فتحُ ضمٍّ ),True,root_mismatch,unknown,يَحتاج فَحصًا يَدَويًّا
كَحَلَ,كحل,كحل,فَعَلَ يَفْعُلُ ( فتحُ ضمٍّ ),True,exact_match,,
قَعُرَ,قعر,قعر,فَعُلَ يَفْعُلُ ( ضمَ ضمٍَ ),True,exact_match,,
كَزِمَ,كزم,كزم,فَعِلَ يَفْعَلُ ( كسر فتح ),True,exact_match,,
قَرِشَ,قرش,قرش,فَعِلَ يَفْعَلُ ( كسر فتح ),True,exact_match,,
قَزَمَ,قزم,قزم,فَعَلَ يَفْعُلُ ( فتحُ ضمٍّ ),True,exact_match,,
كَلَبَ,كلب,كلب,فَعَلَ يَفْعُلُ ( فتحُ ضمٍّ ),True,exact_match,,
قَثَمَ,قثم,قثم,فَعَلَ يَفْعُلُ ( فتحُ ضمٍّ ),True,exact_match,,
قَعِيَ,قعي,قعو,فَعِلَ يَفْعَلُ ( كسر فتح ),True,root_mismatch,unknown,يَحتاج فَحصًا يَدَويًّا
كَافَ,كاف,كوف,فَعَلَ يَفْعُلُ ( فتحُ ضمٍّ ),True,root_mismatch,unknown,يَحتاج فَحصًا يَدَويًّا
فَانَ,فان,فين,فَعَلَ يَفْعِلُ ( فتحُ كَسْرٍ ),True,root_mismatch,unknown,يَحتاج فَحصًا يَدَويًّا
غَقَّ,,غقق,فَعَلَ يَفْعِلُ ( فتحُ كَسْرٍ ),True,root_mismatch,engine_no_root,تَفَقَّد فَلتَرَة الـ closed-class أَو jamid
غَمَصَ,غمص,غمص,فَعَلَ يَفْعِلُ ( فتحُ كَسْرٍ ),True,exact_match,,
غَلَبَ,غلب,غلب,فَعَلَ يَفْعِلُ ( فتحُ كَسْرٍ ),True,exact_match,,
نَدَشَ,ندش,ندش,فَعَلَ يَفْعُلُ ( فتحُ ضمٍّ ),True,exact_match,,
فَقَّ,,فقق,فَعَلَ يَفْعُلُ ( فتحُ ضمٍّ ),True,root_mismatch,engine_no_root,تَفَقَّد فَلتَرَة الـ closed-class أَو jamid
قَعَثَ,قعث,قعث,فَعَلَ يَفْعَلُ ( فتحتان ),True,exact_match,,
فَشِقَ,فشق,فشق,فَعِلَ يَفْعَلُ ( كسر فتح ),True,exact_match,,
فَزَّ,,فزز,فَعَلَ يَفْعُلُ ( فتحُ ضمٍّ ),True,root_mismatch,engine_no_root,تَفَقَّد فَلتَرَة الـ closed-class أَو jamid
قَحِطَ,قحط,قحط,فَعِلَ يَفْعَلُ ( كسر فتح ),True,exact_match,,
كَبَنَ,كبن,كبن,فَعَلَ يَفْعُلُ ( فتحُ ضمٍّ ),True,exact_match,,
غَفَقَ,غفق,غفق,فَعَلَ يَفْعِلُ ( فتحُ كَسْرٍ ),True,exact_match,,
كَسِحَ,كسح,كسح,فَعِلَ يَفْعَلُ ( كسر فتح ),True,exact_match,,
فَقَسَ,فقس,فقس,فَعَلَ يَفْعِلُ ( فتحُ كَسْرٍ ),True,exact_match,,
كَدَجَ,كدج,كدج,فَعَلَ يَفْعُلُ ( فتحُ ضمٍّ ),True,exact_match,,
غَمَنَ,غمن,غمن,فَعَلَ يَفْعُلُ ( فتحُ ضمٍّ ),True,exact_match,,
كَابَ,كاب,كوب,فَعَلَ يَفْعُلُ ( فتحُ ضمٍّ ),True,root_mismatch,unknown,يَحتاج فَحصًا يَدَويًّا
غَفَى,غفى,غفي,فَعَلَ يَفْعِلُ ( فتحُ كَسْرٍ ),True,root_mismatch,unknown,يَحتاج فَحصًا يَدَويًّا
خَذِيَ,خذي,خذي,فَعِلَ يَفْعَلُ ( كسر فتح ),True,exact_match,,
غَارَ,غار,غور,فَعَلَ يَفْعُلُ ( فتحُ ضمٍّ ),True,root_mismatch,unknown,يَحتاج فَحصًا يَدَويًّا
قَبَطَ,قبط,قبط,فَعَلَ يَفْعِلُ ( فتحُ كَسْرٍ ),True,exact_match,,
نَحَى,نحى,نحي,فَعَلَ يَفْعِلُ ( فتحُ كَسْرٍ ),True,root_mismatch,unknown,يَحتاج فَحصًا يَدَويًّا
قَنَدَ,قند,قند,فَعَلَ يَفْعُلُ ( فتحُ ضمٍّ ),True,exact_match,,
قَضِئَ,قضئ,قضء,فَعِلَ يَفْعَلُ ( كسر فتح ),True,exact_match,,
نَحُفَ,نحف,نحف,فَعُلَ يَفْعُلُ ( ضمَ ضمٍَ ),True,exact_match,,
قَرِحَ,قرح,قرح,فَعِلَ يَفْعَلُ ( كسر فتح ),True,exact_match,,
قَرَأَ,قرأ,قرء,فَعَلَ يَفْعَلُ ( فتحتان ),True,exact_match,,
خَجَى,خجى,خجي,فَعَلَ يَفْعِلُ ( فتحُ كَسْرٍ ),True,root_mismatch,unknown,يَحتاج فَحصًا يَدَويًّا
فَرَقَ,فرق,فرق,فَعَلَ يَفْعُلُ ( فتحُ ضمٍّ ),True,exact_match,,
قَاحَ,قاح,قوح,فَعَلَ يَفْعُلُ ( فتحُ ضمٍّ ),True,root_mismatch,unknown,يَحتاج فَحصًا يَدَويًّا
كَفَخَ,كفخ,كفخ,فَعَلَ يَفْعَلُ ( فتحتان ),True,exact_match,,
قَصَعَ,قصع,قصع,فَعَلَ يَفْعَلُ ( فتحتان ),True,exact_match,,
قَشِفَ,قشف,قشف,فَعِلَ يَفْعَلُ ( كسر فتح ),True,exact_match,,
قَرَى,قرى,قري,فَعَلَ يَفْعِلُ ( فتحُ كَسْرٍ ),True,root_mismatch,unknown,يَحتاج فَحصًا يَدَويًّا
فَهَّ,,فهه,فَعِلَ يَفْعَلُ ( كسر فتح ),True,root_mismatch,engine_no_root,تَفَقَّد فَلتَرَة الـ closed-class أَو jamid
قَعِفَ,قعف,قعف,فَعِلَ يَفْعَلُ ( كسر فتح ),True,exact_match,,
غَابَ,غاب,غيب,فَعَلَ يَفْعِلُ ( فتحُ كَسْرٍ ),True,root_mismatch,unknown,يَحتاج فَحصًا يَدَويًّا
فَنَّ,,فنن,فَعَلَ يَفْعُلُ ( فتحُ ضمٍّ ),True,root_mismatch,engine_no_root,تَفَقَّد فَلتَرَة الـ closed-class أَو jamid
فَتَنَ,فتن,فتن,فَعَلَ يَفْعِلُ ( فتحُ كَسْرٍ ),True,exact_match,,
فَقَرَ,فقر,فقر,فَعَلَ يَفْعُلُ ( فتحُ ضمٍّ ),True,exact_match,,
قَمَعَ,قمع,قمع,فَعَلَ يَفْعَلُ ( فتحتان ),True,exact_match,,
فَلَى,فلى,فلي,فَعَلَ يَفْعِلُ ( فتحُ كَسْرٍ ),True,root_mismatch,unknown,يَحتاج فَحصًا يَدَويًّا
خَدِبَ,خدب,خدب,فَعِلَ يَفْعَلُ ( كسر فتح ),True,exact_match,,
غَفِرَ,غفر,غفر,فَعِلَ يَفْعَلُ ( كسر فتح ),True,exact_match,,
قَنِيَ,قني,قنو,فَعِلَ يَفْعَلُ ( كسر فتح ),True,root_mismatch,unknown,يَحتاج فَحصًا يَدَويًّا
غَرِضَ,غرض,غرض,فَعِلَ يَفْعَلُ ( كسر فتح ),True,exact_match,,
قَاءَ,قاء,قيء,فَعَلَ يَفْعِلُ ( فتحُ كَسْرٍ ),True,root_mismatch,unknown,يَحتاج فَحصًا يَدَويًّا
كَحَصَ,كحص,كحص,فَعَلَ يَفْعَلُ ( فتحتان ),True,exact_match,,
فَحَلَ,فحل,فحل,فَعَلَ يَفْعَلُ ( فتحتان ),True,exact_match,,
كَبَثَ,كبث,كبث,فَعَلَ يَفْعُلُ ( فتحُ ضمٍّ ),True,exact_match,,
قَطَلَ,قطل,قطل,فَعَلَ يَفْعُلُ ( فتحُ ضمٍّ ),True,exact_match,,
قَرِدَ,قرد,قرد,فَعِلَ يَفْعَلُ ( كسر فتح ),True,exact_match,,
كَلَعَ,كلع,كلع,فَعَلَ يَفْعَلُ ( فتحتان ),True,exact_match,,
كَسُدَ,كسد,كسد,فَعُلَ يَفْعُلُ ( ضمَ ضمٍَ ),True,exact_match,,
نَخَلَ,نخل,نخل,فَعَلَ يَفْعُلُ ( فتحُ ضمٍّ ),True,exact_match,,
فَرِخَ,فرخ,فرخ,فَعِلَ يَفْعَلُ ( كسر فتح ),True,exact_match,,
قَصِفَ,قصف,قصف,فَعِلَ يَفْعَلُ ( كسر فتح ),True,exact_match,,
فَطِسَ,فطس,فطس,فَعِلَ يَفْعَلُ ( كسر فتح ),True,exact_match,,
كَبَحَ,كبح,كبح,فَعَلَ يَفْعَلُ ( فتحتان ),True,exact_match,,
كَفَتَ,كفت,كفت,فَعَلَ يَفْعِلُ ( فتحُ كَسْرٍ ),True,exact_match,,
فَسَا,فسا,فسو,فَعَلَ يَفْعُلُ ( فتحُ ضمٍّ ),True,root_mismatch,unknown,يَحتاج فَحصًا يَدَويًّا
غَضِبَ,غضب,غضب,فَعِلَ يَفْعَلُ ( كسر فتح ),True,exact_match,,
فَرَغَ,فرغ,فرغ,فَعَلَ يَفْعُلُ ( فتحُ ضمٍّ ),True,exact_match,,
غَنِجَ,غنج,غنج,فَعِلَ يَفْعَلُ ( كسر فتح ),True,exact_match,,
غَلَقَ,غلق,غلق,فَعَلَ يَفْعِلُ ( فتحُ كَسْرٍ ),True,exact_match,,
كَوِعَ,كوع,كوع,فَعِلَ يَفْعَلُ ( كسر فتح ),True,exact_match,,
قَمَحَ,قمح,قمح,فَعَلَ يَفْعَلُ ( فتحتان ),True,exact_match,,
فَدِعَ,فدع,فدع,فَعِلَ يَفْعَلُ ( كسر فتح ),True,exact_match,,
كَنَبَ,كنب,كنب,فَعَلَ يَفْعُلُ ( فتحُ ضمٍّ ),True,exact_match,,
فَرَضَ,فرض,فرض,فَعَلَ يَفْعِلُ ( فتحُ كَسْرٍ ),True,exact_match,,
غَلِفَ,غلف,غلف,فَعِلَ يَفْعَلُ ( كسر فتح ),True,exact_match,,
قَمَطَ,قمط,قمط,فَعَلَ يَفْعُلُ ( فتحُ ضمٍّ ),True,exact_match,,
كَأَجَ,كأج,كءج,فَعَلَ يَفْعَلُ ( فتحتان ),True,exact_match,,
كَاحَ,كاح,كوح,فَعَلَ يَفْعُلُ ( فتحُ ضمٍّ ),True,root_mismatch,unknown,يَحتاج فَحصًا يَدَويًّا
خَذَقَ,خذق,خذق,فَعَلَ يَفْعُلُ ( فتحُ ضمٍّ ),True,exact_match,,
غَيِدَ,غيد,غيد,فَعِلَ يَفْعَلُ ( كسر فتح ),True,exact_match,,
غَرِمَ,غرم,غرم,فَعِلَ يَفْعَلُ ( كسر فتح ),True,exact_match,,
نَدِمَ,ندم,ندم,فَعِلَ يَفْعَلُ ( كسر فتح ),True,exact_match,,
فَهَقَ,فهق,فهق,فَعَلَ يَفْعَلُ ( فتحتان ),True,exact_match,,
نَحِتَ,نحت,نحت,فَعِلَ يَفْعَلُ ( كسر فتح ),True,exact_match,,
كَعُلَ,كعل,كعل,فَعُلَ يَفْعُلُ ( ضمَ ضمٍَ ),True,exact_match,,
كَذَبَ,كذب,كذب,فَعَلَ يَفْعِلُ ( فتحُ كَسْرٍ ),True,exact_match,,
قَصَرَ,قصر,قصر,فَعَلَ يَفْعُلُ ( فتحُ ضمٍّ ),True,exact_match,,
فَشِلَ,فشل,فشل,فَعِلَ يَفْعَلُ ( كسر فتح ),True,exact_match,,
كَبَدَ,كبد,كبد,فَعَلَ يَفْعُلُ ( فتحُ ضمٍّ ),True,exact_match,,
فَسَقَ,فسق,فسق,فَعَلَ يَفْعُلُ ( فتحُ ضمٍّ ),True,exact_match,,
نَجَذَ,نجذ,نجذ,فَعَلَ يَفْعُلُ ( فتحُ ضمٍّ ),True,exact_match,,
قَرَعَ,قرع,قرع,فَعَلَ يَفْعَلُ ( فتحتان ),True,exact_match,,
فَرَهَ,فره,فره,فَعَلَ يَفْعُلُ ( فتحُ ضمٍّ ),True,exact_match,,
قَزِلَ,قزل,قزل,فَعِلَ يَفْعَلُ ( كسر فتح ),True,exact_match,,
نَحِسَ,نحس,نحس,فَعِلَ يَفْعَلُ ( كسر فتح ),True,exact_match,,
فَدِرَ,فدر,فدر,فَعِلَ يَفْعَلُ ( كسر فتح ),True,exact_match,,
كَرَمَ,كرم,كرم,فَعَلَ يَفْعُلُ ( فتحُ ضمٍّ ),True,exact_match,,
نَدَا,ندا,ندو,فَعَلَ يَفْعُلُ ( فتحُ ضمٍّ ),True,root_mismatch,unknown,يَحتاج فَحصًا يَدَويًّا
كَنَا,كنا,كنو,فَعَلَ يَفْعُلُ ( فتحُ ضمٍّ ),True,root_mismatch,unknown,يَحتاج فَحصًا يَدَويًّا
قَصَمَ,قصم,قصم,فَعَلَ يَفْعِلُ ( فتحُ كَسْرٍ ),True,exact_match,,
قَنَّ,,قنن,فَعَلَ يَفْعُلُ ( فتحُ ضمٍّ ),True,root_mismatch,engine_no_root,تَفَقَّد فَلتَرَة الـ closed-class أَو jamid
قَرِفَ,قرف,قرف,فَعِلَ يَفْعَلُ ( كسر فتح ),True,exact_match,,
نَجِزَ,نجز,نجز,فَعِلَ يَفْعَلُ ( كسر فتح ),True,exact_match,,
قَمَزَ,قمز,قمز,فَعَلَ يَفْعِلُ ( فتحُ كَسْرٍ ),True,exact_match,,
فَشَغَ,فشغ,فشغ,فَعَلَ يَفْعَلُ ( فتحتان ),True,exact_match,,
نَحُزَ,نحز,نحز,فَعُلَ يَفْعُلُ ( ضمَ ضمٍَ ),True,exact_match,,
خَجِلَ,خجل,خجل,فَعِلَ يَفْعَلُ ( كسر فتح ),True,exact_match,,
غَشَا,غشا,غشو,فَعَلَ يَفْعُلُ ( فتحُ ضمٍّ ),True,root_mismatch,unknown,يَحتاج فَحصًا يَدَويًّا
غَلَثَ,غلث,غلث,فَعَلَ يَفْعِلُ ( فتحُ كَسْرٍ ),True,exact_match,,
قَحَفَ,قحف,قحف,فَعَلَ يَفْعَلُ ( فتحتان ),True,exact_match,,
قَزِمَ,قزم,قزم,فَعِلَ يَفْعَلُ ( كسر فتح ),True,exact_match,,
نَتَغَ,نتغ,نتغ,فَعَلَ يَفْعِلُ ( فتحُ كَسْرٍ ),True,exact_match,,
نَجُبَ,نجب,نجب,فَعُلَ يَفْعُلُ ( ضمَ ضمٍَ ),True,exact_match,,
كَثِعَ,كثع,كثع,فَعِلَ يَفْعَلُ ( كسر فتح ),True,exact_match,,
فَخِزَ,فخز,فخز,فَعِلَ يَفْعَلُ ( كسر فتح ),True,exact_match,,
غَرِدَ,غرد,غرد,فَعِلَ يَفْعَلُ ( كسر فتح ),True,exact_match,,
قَطَمَ,قطم,قطم,فَعَلَ يَفْعِلُ ( فتحُ كَسْرٍ ),True,exact_match,,
فَحَجَ,فحج,فحج,فَعَلَ يَفْعَلُ ( فتحتان ),True,exact_match,,
كَبِسَ,كبس,كبس,فَعِلَ يَفْعَلُ ( كسر فتح ),True,exact_match,,
نَجَعَ,نجع,نجع,فَعَلَ يَفْعِلُ ( فتحُ كَسْرٍ ),True,exact_match,,
قَنَصَ,قنص,قنص,فَعَلَ يَفْعِلُ ( فتحُ كَسْرٍ ),True,exact_match,,
كَأَلَ,كأل,كءل,فَعَلَ يَفْعَلُ ( فتحتان ),True,exact_match,,
غَرِزَ,غرز,غرز,فَعِلَ يَفْعَلُ ( كسر فتح ),True,exact_match,,
غَلُظَ,غلظ,غلظ,فَعُلَ يَفْعُلُ ( ضمَ ضمٍَ ),True,exact_match,,
كَنِتَ,كنت,كنت,فَعِلَ يَفْعَلُ ( كسر فتح ),True,exact_match,,
فَسُقَ,فسق,فسق,فَعُلَ يَفْعُلُ ( ضمَ ضمٍَ ),True,exact_match,,
كَنَفَ,كنف,كنف,فَعَلَ يَفْعُلُ ( فتحُ ضمٍّ ),True,exact_match,,
فَلَقَ,فلق,فلق,فَعَلَ يَفْعِلُ ( فتحُ كَسْرٍ ),True,exact_match,,
فَطَرَ,فطر,فطر,فَعَلَ يَفْعُلُ ( فتحُ ضمٍّ ),True,exact_match,,
نَخِصَ,نخص,نخص,فَعِلَ يَفْعَلُ ( كسر فتح ),True,exact_match,,
قَرِنَ,قرن,قرن,فَعِلَ يَفْعَلُ ( كسر فتح ),True,exact_match,,
قَلَزَ,قلز,قلز,فَعَلَ يَفْعُلُ ( فتحُ ضمٍّ ),True,exact_match,,
فَشِغَ,فشغ,فشغ,فَعِلَ يَفْعَلُ ( كسر فتح ),True,exact_match,,
فَرِكَ,فرك,فرك,فَعِلَ يَفْعَلُ ( كسر فتح ),True,exact_match,,
قَمِلَ,قمل,قمل,فَعِلَ يَفْعَلُ ( كسر فتح ),True,exact_match,,
كَمَخَ,كمخ,كمخ,فَعَلَ يَفْعَلُ ( فتحتان ),True,exact_match,,
فَتَكَ,فتك,فتك,فَعَلَ يَفْعُلُ ( فتحُ ضمٍّ ),True,exact_match,,
كَشَمَ,كشم,كشم,فَعَلَ يَفْعُلُ ( فتحُ ضمٍّ ),True,exact_match,,
كَلَحَ,كلح,كلح,فَعَلَ يَفْعَلُ ( فتحتان ),True,exact_match,,
كَمِهَ,كمه,كمه,فَعِلَ يَفْعَلُ ( كسر فتح ),True,exact_match,,
قَتَبَ,قتب,قتب,فَعَلَ يَفْعُلُ ( فتحُ ضمٍّ ),True,exact_match,,
كَبُرَ,كبر,كبر,فَعُلَ يَفْعُلُ ( ضمَ ضمٍَ ),True,exact_match,,
خَرَسَ,خرس,خرس,فَعَلَ يَفْعُلُ ( فتحُ ضمٍّ ),True,exact_match,,
كَشَفَ,كشف,كشف,فَعَلَ يَفْعِلُ ( فتحُ كَسْرٍ ),True,exact_match,,
كَحِلَ,كحل,كحل,فَعِلَ يَفْعَلُ ( كسر فتح ),True,exact_match,,
قَنَعَ,قنع,قنع,فَعَلَ يَفْعَلُ ( فتحتان ),True,exact_match,,
كَرِبَ,,كرب,فَعِلَ يَفْعَلُ ( كسر فتح ),True,root_mismatch,engine_no_root,تَفَقَّد فَلتَرَة الـ closed-class أَو jamid
قَبِسَ,قبس,قبس,فَعِلَ يَفْعَلُ ( كسر فتح ),True,exact_match,,
فَخَتَ,فخت,فخت,فَعَلَ يَفْعَلُ ( فتحتان ),True,exact_match,,
قَرِيَ,قري,قري,فَعِلَ يَفْعَلُ ( كسر فتح ),True,exact_match,,
خَرَتَ,خرت,خرت,فَعَلَ يَفْعُلُ ( فتحُ ضمٍّ ),True,exact_match,,
كَرَثَ,كرث,كرث,فَعَلَ يَفْعُلُ ( فتحُ ضمٍّ ),True,exact_match,,
كَنَعَ,كنع,كنع,فَعَلَ يَفْعَلُ ( فتحتان ),True,exact_match,,
كَفَأَ,كفأ,كفء,فَعَلَ يَفْعَلُ ( فتحتان ),True,exact_match,,
نَخَعَ,نخع,نخع,فَعَلَ يَفْعَلُ ( فتحتان ),True,exact_match,,
نَجَمَ,نجم,نجم,فَعَلَ يَفْعُلُ ( فتحُ ضمٍّ ),True,exact_match,,
كَثُفَ,كثف,كثف,فَعُلَ يَفْعُلُ ( ضمَ ضمٍَ ),True,exact_match,,
قَمَدَ,قمد,قمد,فَعَلَ يَفْعُلُ ( فتحُ ضمٍّ ),True,exact_match,,
قَافَ,قاف,قوف,فَعَلَ يَفْعُلُ ( فتحُ ضمٍّ ),True,root_mismatch,unknown,يَحتاج فَحصًا يَدَويًّا
فَرَمَ,فرم,فرم,فَعَلَ يَفْعُلُ ( فتحُ ضمٍّ ),True,exact_match,,
قَزَعَ,قزع,قزع,فَعَلَ يَفْعَلُ ( فتحتان ),True,exact_match,,
نَجَفَ,نجف,نجف,فَعَلَ يَفْعُلُ ( فتحُ ضمٍّ ),True,exact_match,,
غَلَفَ,غلف,غلف,فَعَلَ يَفْعُلُ ( فتحُ ضمٍّ ),True,exact_match,,
غَلَى,غلى,غلي,فَعَلَ يَفْعِلُ ( فتحُ كَسْرٍ ),True,root_mismatch,unknown,يَحتاج فَحصًا يَدَويًّا
قَرِقَ,قرق,قرق,فَعِلَ يَفْعَلُ ( كسر فتح ),True,exact_match,,
غَطَى,غطى,غطي,فَعَلَ يَفْعِلُ ( فتحُ كَسْرٍ ),True,root_mismatch,unknown,يَحتاج فَحصًا يَدَويًّا
غَمُقَ,غمق,غمق,فَعُلَ يَفْعُلُ ( ضمَ ضمٍَ ),True,exact_match,,
قَذِرَ,قذر,قذر,فَعِلَ يَفْعَلُ ( كسر فتح ),True,exact_match,,
قَصَلَ,قصل,قصل,فَعَلَ يَفْعِلُ ( فتحُ كَسْرٍ ),True,exact_match,,
فَرِثَ,فرث,فرث,فَعِلَ يَفْعَلُ ( كسر فتح ),True,exact_match,,
فَاظَ,فاظ,فوظ,فَعَلَ يَفْعُلُ ( فتحُ ضمٍّ ),True,root_mismatch,unknown,يَحتاج فَحصًا يَدَويًّا
فَرَكَ,فرك,فرك,فَعَلَ يَفْعُلُ ( فتحُ ضمٍّ ),True,exact_match,,
قَطَبَ,قطب,قطب,فَعَلَ يَفْعِلُ ( فتحُ كَسْرٍ ),True,exact_match,,
فَارَ,فار,فور,فَعَلَ يَفْعُلُ ( فتحُ ضمٍّ ),True,root_mismatch,unknown,يَحتاج فَحصًا يَدَويًّا
فَصَعَ,فصع,فصع,فَعَلَ يَفْعَلُ ( فتحتان ),True,exact_match,,
قَضَّ,,قضض,فَعَلَ يَفْعُلُ ( فتحُ ضمٍّ ),True,root_mismatch,engine_no_root,تَفَقَّد فَلتَرَة الـ closed-class أَو jamid
فَاقَ,فاق,فوق,فَعَلَ يَفْعُلُ ( فتحُ ضمٍّ ),True,root_mismatch,unknown,يَحتاج فَحصًا يَدَويًّا
نَخَجَ,نخج,نخج,فَعَلَ يَفْعَلُ ( فتحتان ),True,exact_match,,
قَاصَ,قاص,قيص,فَعَلَ يَفْعِلُ ( فتحُ كَسْرٍ ),True,root_mismatch,unknown,يَحتاج فَحصًا يَدَويًّا
فَحَّ,,فحح,فَعَلَ يَفْعُلُ ( فتحُ ضمٍّ ),True,root_mismatch,engine_no_root,تَفَقَّد فَلتَرَة الـ closed-class أَو jamid
قَثَا,قثا,قثو,فَعَلَ يَفْعُلُ ( فتحُ ضمٍّ ),True,root_mismatch,unknown,يَحتاج فَحصًا يَدَويًّا
كَرُمَ,كرم,كرم,فَعُلَ يَفْعُلُ ( ضمَ ضمٍَ ),True,exact_match,,
فَلَكَ,فلك,فلك,فَعَلَ يَفْعُلُ ( فتحُ ضمٍّ ),True,exact_match,,
فَقِمَ,فقم,فقم,فَعِلَ يَفْعَلُ ( كسر فتح ),True,exact_match,,
نَجَثَ,نجث,نجث,فَعَلَ يَفْعُلُ ( فتحُ ضمٍّ ),True,exact_match,,
قَذَّ,,قذذ,فَعَلَ يَفْعُلُ ( فتحُ ضمٍّ ),True,root_mismatch,engine_no_root,تَفَقَّد فَلتَرَة الـ closed-class أَو jamid
كَمِئَ,كمئ,كمء,فَعِلَ يَفْعَلُ ( كسر فتح ),True,exact_match,,
قَلَى,قلى,قلي,فَعَلَ يَفْعِلُ ( فتحُ كَسْرٍ ),True,root_mismatch,unknown,يَحتاج فَحصًا يَدَويًّا
نَدَصَ,ندص,ندص,فَعَلَ يَفْعُلُ ( فتحُ ضمٍّ ),True,exact_match,,
فَاغَ,فاغ,فوغ,فَعَلَ يَفْعُلُ ( فتحُ ضمٍّ ),True,root_mismatch,unknown,يَحتاج فَحصًا يَدَويًّا
فَجَّ,,فجج,فَعَلَ يَفْعُلُ ( فتحُ ضمٍّ ),True,root_mismatch,engine_no_root,تَفَقَّد فَلتَرَة الـ closed-class أَو jamid
فَحِمَ,فحم,فحم,فَعِلَ يَفْعَلُ ( كسر فتح ),True,exact_match,,
فَغَا,فغا,فغو,فَعَلَ يَفْعُلُ ( فتحُ ضمٍّ ),True,root_mismatch,unknown,يَحتاج فَحصًا يَدَويًّا
نَتَنَ,نتن,نتن,فَعَلَ يَفْعِلُ ( فتحُ كَسْرٍ ),True,exact_match,,
كَفَّ,,كفف,فَعَلَ يَفْعُلُ ( فتحُ ضمٍّ ),True,root_mismatch,engine_no_root,تَفَقَّد فَلتَرَة الـ closed-class أَو jamid
فَطَمَ,فطم,فطم,فَعَلَ يَفْعِلُ ( فتحُ كَسْرٍ ),True,exact_match,,
غَطِشَ,غطش,غطش,فَعِلَ يَفْعَلُ ( كسر فتح ),True,exact_match,,
كَاسَ,كاس,كوس,فَعَلَ يَفْعُلُ ( فتحُ ضمٍّ ),True,root_mismatch,unknown,يَحتاج فَحصًا يَدَويًّا
غَنِثَ,غنث,غنث,فَعِلَ يَفْعَلُ ( كسر فتح ),True,exact_match,,
قَاتَ,قات,قوت,فَعَلَ يَفْعُلُ ( فتحُ ضمٍّ ),True,root_mismatch,unknown,يَحتاج فَحصًا يَدَويًّا
نَتَكَ,نتك,نتك,فَعَلَ يَفْعِلُ ( فتحُ كَسْرٍ ),True,exact_match,,
كَتَحَ,كتح,كتح,فَعَلَ يَفْعَلُ ( فتحتان ),True,exact_match,,
خَرِجَ,خرج,خرج,فَعِلَ يَفْعَلُ ( كسر فتح ),True,exact_match,,
كَثَعَ,كثع,كثع,فَعَلَ يَفْعَلُ ( فتحتان ),True,exact_match,,
كَنَدَ,كند,كند,فَعَلَ يَفْعُلُ ( فتحُ ضمٍّ ),True,exact_match,,
كَنَّ,,كنن,فَعَلَ يَفْعُلُ ( فتحُ ضمٍّ ),True,root_mismatch,engine_no_root,تَفَقَّد فَلتَرَة الـ closed-class أَو jamid
كَمَشَ,كمش,كمش,فَعَلَ يَفْعُلُ ( فتحُ ضمٍّ ),True,exact_match,,
قَعَشَ,قعش,قعش,فَعَلَ يَفْعَلُ ( فتحتان ),True,exact_match,,
كَحَبَ,,كحب,فَعَلَ يَفْعَلُ ( فتحتان ),True,root_mismatch,engine_no_root,تَفَقَّد فَلتَرَة الـ closed-class أَو jamid
كَنَشَ,كنش,كنش,فَعَلَ يَفْعُلُ ( فتحُ ضمٍّ ),True,exact_match,,
قَسَطَ,قسط,قسط,فَعَلَ يَفْعِلُ ( فتحُ كَسْرٍ ),True,exact_match,,
كَهَنَ,كهن,كهن,فَعَلَ يَفْعُلُ ( فتحُ ضمٍّ ),True,exact_match,,
فَجَا,فجا,فجو,فَعَلَ يَفْعُلُ ( فتحُ ضمٍّ ),True,root_mismatch,unknown,يَحتاج فَحصًا يَدَويًّا
كَحَثَ,كحث,كحث,فَعَلَ يَفْعَلُ ( فتحتان ),True,exact_match,,
نَثَرَ,نثر,نثر,فَعَلَ يَفْعُلُ ( فتحُ ضمٍّ ),True,exact_match,,
كَدَنَ,كدن,كدن,فَعَلَ يَفْعُلُ ( فتحُ ضمٍّ ),True,exact_match,,
فَرِسَ,فرس,فرس,فَعِلَ يَفْعَلُ ( كسر فتح ),True,exact_match,,
قَطَفَ,قطف,قطف,فَعَلَ يَفْعُلُ ( فتحُ ضمٍّ ),True,exact_match,,
كَرَعَ,كرع,كرع,فَعَلَ يَفْعَلُ ( فتحتان ),True,exact_match,,
فَأَرَ,فأر,فءر,فَعَلَ يَفْعَلُ ( فتحتان ),True,exact_match,,
غَرِقَ,غرق,غرق,فَعِلَ يَفْعَلُ ( كسر فتح ),True,exact_match,,
كَلِسَ,كلس,كلس,فَعِلَ يَفْعَلُ ( كسر فتح ),True,exact_match,,
قَنَا,قنا,قنو,فَعَلَ يَفْعُلُ ( فتحُ ضمٍّ ),True,root_mismatch,unknown,يَحتاج فَحصًا يَدَويًّا
فَافَ,فاف,فوف,فَعَلَ يَفْعُلُ ( فتحُ ضمٍّ ),True,root_mismatch,unknown,يَحتاج فَحصًا يَدَويًّا
قَشَرَ,قشر,قشر,فَعَلَ يَفْعُلُ ( فتحُ ضمٍّ ),True,exact_match,,
غَانَ,غان,غين,فَعَلَ يَفْعِلُ ( فتحُ كَسْرٍ ),True,root_mismatch,unknown,يَحتاج فَحصًا يَدَويًّا
كَادَ,,كود,فَعَلَ يَفْعُلُ ( فتحُ ضمٍّ ),True,root_mismatch,engine_no_root,تَفَقَّد فَلتَرَة الـ closed-class أَو jamid
خَزَقَ,خزق,خزق,فَعَلَ يَفْعِلُ ( فتحُ كَسْرٍ ),True,exact_match,,
فَلَطَ,فلط,فلط,فَعَلَ يَفْعُلُ ( فتحُ ضمٍّ ),True,exact_match,,
فَضَغَ,فضغ,فضغ,فَعَلَ يَفْعَلُ ( فتحتان ),True,exact_match,,
قَرِظَ,قرظ,قرظ,فَعِلَ يَفْعَلُ ( كسر فتح ),True,exact_match,,
فَثَغَ,فثغ,فثغ,فَعَلَ يَفْعَلُ ( فتحتان ),True,exact_match,,
فَضَحَ,فضح,فضح,فَعَلَ يَفْعَلُ ( فتحتان ),True,exact_match,,
خَتَمَ,ختم,ختم,فَعَلَ يَفْعِلُ ( فتحُ كَسْرٍ ),True,exact_match,,
فَرَّ,,فرر,فَعَلَ يَفْعُلُ ( فتحُ ضمٍّ ),True,root_mismatch,engine_no_root,تَفَقَّد فَلتَرَة الـ closed-class أَو jamid
فَقِهَ,فقه,فقه,فَعِلَ يَفْعَلُ ( كسر فتح ),True,exact_match,,
قَدَّ,,قدد,فَعَلَ يَفْعُلُ ( فتحُ ضمٍّ ),True,root_mismatch,engine_no_root,تَفَقَّد فَلتَرَة الـ closed-class أَو jamid
كَلِفَ,كلف,كلف,فَعِلَ يَفْعَلُ ( كسر فتح ),True,exact_match,,
نَخَمَ,نخم,نخم,فَعَلَ يَفْعُلُ ( فتحُ ضمٍّ ),True,exact_match,,
غَمَا,غما,غمو,فَعَلَ يَفْعُلُ ( فتحُ ضمٍّ ),True,root_mismatch,unknown,يَحتاج فَحصًا يَدَويًّا
كَسَرَ,كسر,كسر,فَعَلَ يَفْعِلُ ( فتحُ كَسْرٍ ),True,exact_match,,
قَدُمَ,قدم,قدم,فَعُلَ يَفْعُلُ ( ضمَ ضمٍَ ),True,exact_match,,
فَرَشَ,فرش,فرش,فَعَلَ يَفْعُلُ ( فتحُ ضمٍّ ),True,exact_match,,
قَرِتَ,قرت,قرت,فَعِلَ يَفْعَلُ ( كسر فتح ),True,exact_match,,
غَهِبَ,غهب,غهب,فَعِلَ يَفْعَلُ ( كسر فتح ),True,exact_match,,
قَعَرَ,قعر,قعر,فَعَلَ يَفْعَلُ ( فتحتان ),True,exact_match,,
فَاضَ,فاض,فيض,فَعَلَ يَفْعِلُ ( فتحُ كَسْرٍ ),True,root_mismatch,unknown,يَحتاج فَحصًا يَدَويًّا
قَطَعَ,قطع,قطع,فَعَلَ يَفْعَلُ ( فتحتان ),True,exact_match,,
قَنَتَ,قنت,قنت,فَعَلَ يَفْعُلُ ( فتحُ ضمٍّ ),True,exact_match,,
غَمِصَ,غمص,غمص,فَعِلَ يَفْعَلُ ( كسر فتح ),True,exact_match,,
كَبِرَ,كبر,كبر,فَعِلَ يَفْعَلُ ( كسر فتح ),True,exact_match,,
زَرَقَ,زرق,زرق,فَعَلَ يَفْعُلُ ( فتحُ ضمٍّ ),True,exact_match,,
خَجَأَ,خجأ,خجء,فَعَلَ يَفْعَلُ ( فتحتان ),True,exact_match,,
قَفَصَ,قفص,قفص,فَعَلَ يَفْعِلُ ( فتحُ كَسْرٍ ),True,exact_match,,
كَعَبَ,كعب,كعب,فَعَلَ يَفْعُلُ ( فتحُ ضمٍّ ),True,exact_match,,
كَسَفَ,كسف,كسف,فَعَلَ يَفْعِلُ ( فتحُ كَسْرٍ ),True,exact_match,,
قَلَبَ,قلب,قلب,فَعَلَ يَفْعُلُ ( فتحُ ضمٍّ ),True,exact_match,,
فَخُمَ,فخم,فخم,فَعُلَ يَفْعُلُ ( ضمَ ضمٍَ ),True,exact_match,,
خَرِدَ,خرد,خرد,فَعِلَ يَفْعَلُ ( كسر فتح ),True,exact_match,,
قَطِعَ,قطع,قطع,فَعِلَ يَفْعَلُ ( كسر فتح ),True,exact_match,,
نَدُرَ,ندر,ندر,فَعُلَ يَفْعُلُ ( ضمَ ضمٍَ ),True,exact_match,,
كَمَّ,,كمم,فَعَلَ يَفْعُلُ ( فتحُ ضمٍّ ),True,root_mismatch,engine_no_root,تَفَقَّد فَلتَرَة الـ closed-class أَو jamid
قَشَا,قشا,قشو,فَعَلَ يَفْعُلُ ( فتحُ ضمٍّ ),True,root_mismatch,unknown,يَحتاج فَحصًا يَدَويًّا
كَعِرَ,كعر,كعر,فَعِلَ يَفْعَلُ ( كسر فتح ),True,exact_match,,
فَحَصَ,فحص,فحص,فَعَلَ يَفْعَلُ ( فتحتان ),True,exact_match,,
قَدَحَ,قدح,قدح,فَعَلَ يَفْعَلُ ( فتحتان ),True,exact_match,,
قَطُفَ,قطف,قطف,فَعُلَ يَفْعُلُ ( ضمَ ضمٍَ ),True,exact_match,,
خَذَا,خذا,خذو,فَعَلَ يَفْعُلُ ( فتحُ ضمٍّ ),True,root_mismatch,unknown,يَحتاج فَحصًا يَدَويًّا
غَوِيَ,غوي,غوو,فَعِلَ يَفْعَلُ ( كسر فتح ),True,root_mismatch,unknown,يَحتاج فَحصًا يَدَويًّا
كَبِثَ,كبث,كبث,فَعِلَ يَفْعَلُ ( كسر فتح ),True,exact_match,,
فَرُهَ,فره,فره,فَعُلَ يَفْعُلُ ( ضمَ ضمٍَ ),True,exact_match,,
فَدَرَ,فدر,فدر,فَعَلَ يَفْعِلُ ( فتحُ كَسْرٍ ),True,exact_match,,
كَسَا,كسا,كسو,فَعَلَ يَفْعُلُ ( فتحُ ضمٍّ ),True,root_mismatch,unknown,يَحتاج فَحصًا يَدَويًّا
كَصَى,كصى,كصي,فَعَلَ يَفْعِلُ ( فتحُ كَسْرٍ ),True,root_mismatch,unknown,يَحتاج فَحصًا يَدَويًّا
كَسَبَ,كسب,كسب,فَعَلَ يَفْعِلُ ( فتحُ كَسْرٍ ),True,exact_match,,
كَفَلَ,كفل,كفل,فَعَلَ يَفْعُلُ ( فتحُ ضمٍّ ),True,exact_match,,
فَلِيَ,فلي,فلي,فَعِلَ يَفْعَلُ ( كسر فتح ),True,exact_match,,
قَعَصَ,قعص,قعص,فَعَلَ يَفْعَلُ ( فتحتان ),True,exact_match,,
قَنِعَ,قنع,قنع,فَعِلَ يَفْعَلُ ( كسر فتح ),True,exact_match,,
نَخَرَ,نخر,نخر,فَعَلَ يَفْعُلُ ( فتحُ ضمٍّ ),True,exact_match,,
قَبُحَ,قبح,قبح,فَعُلَ يَفْعُلُ ( ضمَ ضمٍَ ),True,exact_match,,
كَنِبَ,كنب,كنب,فَعِلَ يَفْعَلُ ( كسر فتح ),True,exact_match,,
نَحَرَ,نحر,نحر,فَعَلَ يَفْعَلُ ( فتحتان ),True,exact_match,,
غَمَزَ,غمز,غمز,فَعَلَ يَفْعِلُ ( فتحُ كَسْرٍ ),True,exact_match,,
قَوِسَ,قوس,قوس,فَعِلَ يَفْعَلُ ( كسر فتح ),True,exact_match,,
كَخَّ,,كخخ,فَعَلَ يَفْعِلُ ( فتحُ كَسْرٍ ),True,root_mismatch,engine_no_root,تَفَقَّد فَلتَرَة الـ closed-class أَو jamid
كَفَى,كفى,كفي,فَعَلَ يَفْعِلُ ( فتحُ كَسْرٍ ),True,root_mismatch,unknown,يَحتاج فَحصًا يَدَويًّا
كَمِرَ,كمر,كمر,فَعِلَ يَفْعَلُ ( كسر فتح ),True,exact_match,,
كَرِجَ,كرج,كرج,فَعِلَ يَفْعَلُ ( كسر فتح ),True,exact_match,,
كَتَّ,,كتت,فَعَلَ يَفْعُلُ ( فتحُ ضمٍّ ),True,root_mismatch,engine_no_root,تَفَقَّد فَلتَرَة الـ closed-class أَو jamid
قَضُفَ,قضف,قضف,فَعُلَ يَفْعُلُ ( ضمَ ضمٍَ ),True,exact_match,,
خَرَبَ,خرب,خرب,فَعَلَ يَفْعُلُ ( فتحُ ضمٍّ ),True,exact_match,,
فَحَثَ,فحث,فحث,فَعَلَ يَفْعَلُ ( فتحتان ),True,exact_match,,
غَسِيَ,غسي,غسو,فَعِلَ يَفْعَلُ ( كسر فتح ),True,root_mismatch,unknown,يَحتاج فَحصًا يَدَويًّا
فَزَعَ,فزع,فزع,فَعَلَ يَفْعَلُ ( فتحتان ),True,exact_match,,
كَعَزَ,كعز,كعز,فَعَلَ يَفْعَلُ ( فتحتان ),True,exact_match,,
غَاصَ,غاص,غوص,فَعَلَ يَفْعُلُ ( فتحُ ضمٍّ ),True,root_mismatch,unknown,يَحتاج فَحصًا يَدَويًّا
فَهِدَ,فهد,فهد,فَعِلَ يَفْعَلُ ( كسر فتح ),True,exact_match,,
قَرَّ,,قرر,فَعَلَ يَفْعُلُ ( فتحُ ضمٍّ ),True,root_mismatch,engine_no_root,تَفَقَّد فَلتَرَة الـ closed-class أَو jamid
قَذَفَ,قذف,قذف,فَعَلَ يَفْعِلُ ( فتحُ كَسْرٍ ),True,exact_match,,
قَرِطَ,قرط,قرط,فَعِلَ يَفْعَلُ ( كسر فتح ),True,exact_match,,
قَدَفَ,قدف,قدف,فَعَلَ يَفْعُلُ ( فتحُ ضمٍّ ),True,exact_match,,
قَسَّ,,قسس,فَعَلَ يَفْعُلُ ( فتحُ ضمٍّ ),True,root_mismatch,engine_no_root,تَفَقَّد فَلتَرَة الـ closed-class أَو jamid
فَتَرَ,فتر,فتر,فَعَلَ يَفْعُلُ ( فتحُ ضمٍّ ),True,exact_match,,
قَتِدَ,قتد,قتد,فَعِلَ يَفْعَلُ ( كسر فتح ),True,exact_match,,
كَسِلَ,كسل,كسل,فَعِلَ يَفْعَلُ ( كسر فتح ),True,exact_match,,
كَتِلَ,كتل,كتل,فَعِلَ يَفْعَلُ ( كسر فتح ),True,exact_match,,
قَمُؤَ,قمؤ,قمء,فَعُلَ يَفْعُلُ ( ضمَ ضمٍَ ),True,exact_match,,
كَتَهَ,كته,كته,فَعَلَ يَفْعَلُ ( فتحتان ),True,exact_match,,
كَصَّ,,كصص,فَعَلَ يَفْعِلُ ( فتحُ كَسْرٍ ),True,root_mismatch,engine_no_root,تَفَقَّد فَلتَرَة الـ closed-class أَو jamid
غَمِجَ,غمج,غمج,فَعِلَ يَفْعَلُ ( كسر فتح ),True,exact_match,,
نَجِعَ,نجع,نجع,فَعِلَ يَفْعَلُ ( كسر فتح ),True,exact_match,,
قَارَ,قار,قور,فَعَلَ يَفْعُلُ ( فتحُ ضمٍّ ),True,root_mismatch,unknown,يَحتاج فَحصًا يَدَويًّا
فَقَصَ,فقص,فقص,فَعَلَ يَفْعِلُ ( فتحُ كَسْرٍ ),True,exact_match,,
كَمَدَ,كمد,كمد,فَعَلَ يَفْعُلُ ( فتحُ ضمٍّ ),True,exact_match,,
نَدِلَ,ندل,ندل,فَعِلَ يَفْعَلُ ( كسر فتح ),True,exact_match,,
فَآ,فءا,فءو,فَعَلَ يَفْعُلُ ( فتحُ ضمٍّ ),True,root_mismatch,unknown,يَحتاج فَحصًا يَدَويًّا
نَتَفَ,نتف,نتف,فَعَلَ يَفْعِلُ ( فتحُ كَسْرٍ ),True,exact_match,,
كَتَفَ,كتف,كتف,فَعَلَ يَفْعِلُ ( فتحُ كَسْرٍ ),True,exact_match,,
غَزَّ,,غزز,فَعَلَ يَفْعُلُ ( فتحُ ضمٍّ ),True,root_mismatch,engine_no_root,تَفَقَّد فَلتَرَة الـ closed-class أَو jamid
فَتِخَ,فتخ,فتخ,فَعِلَ يَفْعَلُ ( كسر فتح ),True,exact_match,,
نَدَسَ,ندس,ندس,فَعَلَ يَفْعُلُ ( فتحُ ضمٍّ ),True,exact_match,,
فَغِيَ,فغي,فغي,فَعِلَ يَفْعَلُ ( كسر فتح ),True,exact_match,,
كَعَّ,,كعع,فَعَلَ يَفْعِلُ ( فتحُ كَسْرٍ ),True,root_mismatch,engine_no_root,تَفَقَّد فَلتَرَة الـ closed-class أَو jamid
قَزَحَ,قزح,قزح,فَعَلَ يَفْعَلُ ( فتحتان ),True,exact_match,,
قَلِعَ,قلع,قلع,فَعِلَ يَفْعَلُ ( كسر فتح ),True,exact_match,,
غَشِيَ,غشي,غشو,فَعِلَ يَفْعَلُ ( كسر فتح ),True,root_mismatch,unknown,يَحتاج فَحصًا يَدَويًّا
فَشَا,فشا,فشو,فَعَلَ يَفْعُلُ ( فتحُ ضمٍّ ),True,root_mismatch,unknown,يَحتاج فَحصًا يَدَويًّا
قَهَّ,,قهه,فَعَلَ يَفْعِلُ ( فتحُ كَسْرٍ ),True,root_mismatch,engine_no_root,تَفَقَّد فَلتَرَة الـ closed-class أَو jamid
نَخَسَ,نخس,نخس,فَعَلَ يَفْعُلُ ( فتحُ ضمٍّ ),True,exact_match,,
فَتَحَ,فتح,فتح,فَعَلَ يَفْعَلُ ( فتحتان ),True,exact_match,,
فَتَأَ,فتأ,فتء,فَعَلَ يَفْعَلُ ( فتحتان ),True,exact_match,,
كَبَتَ,كبت,كبت,فَعَلَ يَفْعِلُ ( فتحُ كَسْرٍ ),True,exact_match,,
كَشِئَ,كشئ,كشء,فَعِلَ يَفْعَلُ ( كسر فتح ),True,exact_match,,
قَنَبَ,قنب,قنب,فَعَلَ يَفْعِلُ ( فتحُ كَسْرٍ ),True,exact_match,,
فَحَضَ,فحض,فحض,فَعَلَ يَفْعَلُ ( فتحتان ),True,exact_match,,
خَدَشَ,خدش,خدش,فَعَلَ يَفْعِلُ ( فتحُ كَسْرٍ ),True,exact_match,,
قَعَا,قعا,قعو,فَعَلَ يَفْعُلُ ( فتحُ ضمٍّ ),True,root_mismatch,unknown,يَحتاج فَحصًا يَدَويًّا
فَجَسَ,فجس,فجس,فَعَلَ يَفْعُلُ ( فتحُ ضمٍّ ),True,exact_match,,
كَوِمَ,كوم,كوم,فَعِلَ يَفْعَلُ ( كسر فتح ),True,exact_match,,
فَازَ,فاز,فوز,فَعَلَ يَفْعُلُ ( فتحُ ضمٍّ ),True,root_mismatch,unknown,يَحتاج فَحصًا يَدَويًّا
قَسَحَ,قسح,قسح,فَعَلَ يَفْعَلُ ( فتحتان ),True,exact_match,,
نَدَغَ,ندغ,ندغ,فَعَلَ يَفْعَلُ ( فتحتان ),True,exact_match,,
قَبَعَ,قبع,قبع,فَعَلَ يَفْعَلُ ( فتحتان ),True,exact_match,,
كَخَمَ,كخم,كخم,فَعَلَ يَفْعَلُ ( فتحتان ),True,exact_match,,
فَهَا,فها,فهو,فَعَلَ يَفْعُلُ ( فتحُ ضمٍّ ),True,root_mismatch,unknown,يَحتاج فَحصًا يَدَويًّا
فَرُتَ,فرت,فرت,فَعُلَ يَفْعُلُ ( ضمَ ضمٍَ ),True,exact_match,,
نَحِفَ,نحف,نحف,فَعِلَ يَفْعَلُ ( كسر فتح ),True,exact_match,,
كَرِشَ,كرش,كرش,فَعِلَ يَفْعَلُ ( كسر فتح ),True,exact_match,,
فَلَذَ,فلذ,فلذ,فَعَلَ يَفْعِلُ ( فتحُ كَسْرٍ ),True,exact_match,,
قَطَنَ,قطن,قطن,فَعَلَ يَفْعُلُ ( فتحُ ضمٍّ ),True,exact_match,,
فَئِقَ,فئق,فءق,فَعِلَ يَفْعَلُ ( كسر فتح ),True,exact_match,,
غَشَمَ,غشم,غشم,فَعَلَ يَفْعُلُ ( فتحُ ضمٍّ ),True,exact_match,,
غَنَضَ,غنض,غنض,فَعَلَ يَفْعِلُ ( فتحُ كَسْرٍ ),True,exact_match,,
نَتَا,نتا,نتو,فَعَلَ يَفْعُلُ ( فتحُ ضمٍّ ),True,root_mismatch,unknown,يَحتاج فَحصًا يَدَويًّا
غَنَظَ,غنظ,غنظ,فَعَلَ يَفْعِلُ ( فتحُ كَسْرٍ ),True,exact_match,,
قَلِفَ,قلف,قلف,فَعِلَ يَفْعَلُ ( كسر فتح ),True,exact_match,,
قَفَلَ,قفل,قفل,فَعَلَ يَفْعُلُ ( فتحُ ضمٍّ ),True,exact_match,,
غَصَنَ,غصن,غصن,فَعَلَ يَفْعِلُ ( فتحُ كَسْرٍ ),True,exact_match,,
قَعَفَ,قعف,قعف,فَعَلَ يَفْعَلُ ( فتحتان ),True,exact_match,,
قَصَدَ,قصد,قصد,فَعَلَ يَفْعِلُ ( فتحُ كَسْرٍ ),True,exact_match,,
قَهَدَ,قهد,قهد,فَعَلَ يَفْعَلُ ( فتحتان ),True,exact_match,,
فَرِيَ,فري,فري,فَعِلَ يَفْعَلُ ( كسر فتح ),True,exact_match,,
قَالَ,قال,قول,فَعَلَ يَفْعُلُ ( فتحُ ضمٍّ ),True,root_mismatch,unknown,يَحتاج فَحصًا يَدَويًّا
غَرُضَ,غرض,غرض,فَعُلَ يَفْعُلُ ( ضمَ ضمٍَ ),True,exact_match,,
قَرِسَ,قرس,قرس,فَعِلَ يَفْعَلُ ( كسر فتح ),True,exact_match,,
فَنَحَ,فنح,فنح,فَعَلَ يَفْعَلُ ( فتحتان ),True,exact_match,,
فَسَجَ,فسج,فسج,فَعَلَ يَفْعُلُ ( فتحُ ضمٍّ ),True,exact_match,,
غَلَا,غلا,غلو,فَعَلَ يَفْعُلُ ( فتحُ ضمٍّ ),True,root_mismatch,unknown,يَحتاج فَحصًا يَدَويًّا
غَزُرَ,غزر,غزر,فَعُلَ يَفْعُلُ ( ضمَ ضمٍَ ),True,exact_match,,
فَضَعَ,فضع,فضع,فَعَلَ يَفْعَلُ ( فتحتان ),True,exact_match,,
نَثَطَ,نثط,نثط,فَعَلَ يَفْعُلُ ( فتحُ ضمٍّ ),True,exact_match,,
خَدَمَ,خدم,خدم,فَعَلَ يَفْعُلُ ( فتحُ ضمٍّ ),True,exact_match,,
قَمِعَ,قمع,قمع,فَعِلَ يَفْعَلُ ( كسر فتح ),True,exact_match,,
كَدَى,كدى,كدي,فَعَلَ يَفْعِلُ ( فتحُ كَسْرٍ ),True,root_mismatch,unknown,يَحتاج فَحصًا يَدَويًّا
فَرَسَ,فرس,فرس,فَعَلَ يَفْعِلُ ( فتحُ كَسْرٍ ),True,exact_match,,
فَأَمَ,فأم,فءم,فَعَلَ يَفْعَلُ ( فتحتان ),True,exact_match,,
نَتُنَ,نتن,نتن,فَعُلَ يَفْعُلُ ( ضمَ ضمٍَ ),True,exact_match,,
غَضِفَ,غضف,غضف,فَعِلَ يَفْعَلُ ( كسر فتح ),True,exact_match,,
قَفَسَ,قفس,قفس,فَعَلَ يَفْعِلُ ( فتحُ كَسْرٍ ),True,exact_match,,
فَعَمَ,فعم,فعم,فَعَلَ يَفْعَلُ ( فتحتان ),True,exact_match,,
كَتَمَ,كتم,كتم,فَعَلَ يَفْعُلُ ( فتحُ ضمٍّ ),True,exact_match,,
كَنَى,كنى,كني,فَعَلَ يَفْعِلُ ( فتحُ كَسْرٍ ),True,root_mismatch,unknown,يَحتاج فَحصًا يَدَويًّا
قَئِبَ,قئب,قءب,فَعِلَ يَفْعَلُ ( كسر فتح ),True,exact_match,,
نَجِدَ,نجد,نجد,فَعِلَ يَفْعَلُ ( كسر فتح ),True,exact_match,,
قَدُوَ,قدو,قدو,فَعُلَ يَفْعُلُ ( ضمَ ضمٍَ ),True,exact_match,,
كَتَا,كتا,كتو,فَعَلَ يَفْعُلُ ( فتحُ ضمٍّ ),True,root_mismatch,unknown,يَحتاج فَحصًا يَدَويًّا
كَزَّ,,كزز,فَعَلَ يَفْعُلُ ( فتحُ ضمٍّ ),True,root_mismatch,engine_no_root,تَفَقَّد فَلتَرَة الـ closed-class أَو jamid
قَهِمَ,قهم,قهم,فَعِلَ يَفْعَلُ ( كسر فتح ),True,exact_match,,
نَحِلَ,نحل,نحل,فَعِلَ يَفْعَلُ ( كسر فتح ),True,exact_match,,
خَرِزَ,خرز,خرز,فَعِلَ يَفْعَلُ ( كسر فتح ),True,exact_match,,
قَسُمَ,قسم,قسم,فَعُلَ يَفْعُلُ ( ضمَ ضمٍَ ),True,exact_match,,
غَزِلَ,غزل,غزل,فَعِلَ يَفْعَلُ ( كسر فتح ),True,exact_match,,
كَلَأَ,كلأ,كلء,فَعَلَ يَفْعَلُ ( فتحتان ),True,exact_match,,
نَحَطَ,نحط,نحط,فَعَلَ يَفْعِلُ ( فتحُ كَسْرٍ ),True,exact_match,,
قَحَا,قحا,قحو,فَعَلَ يَفْعُلُ ( فتحُ ضمٍّ ),True,root_mismatch,unknown,يَحتاج فَحصًا يَدَويًّا
فَصَمَ,فصم,فصم,فَعَلَ يَفْعِلُ ( فتحُ كَسْرٍ ),True,exact_match,,
قَنَحَ,قنح,قنح,فَعَلَ يَفْعَلُ ( فتحتان ),True,exact_match,,
فَشَخَ,فشخ,فشخ,فَعَلَ يَفْعَلُ ( فتحتان ),True,exact_match,,
غَاثَ,غاث,غوث,فَعَلَ يَفْعُلُ ( فتحُ ضمٍّ ),True,root_mismatch,unknown,يَحتاج فَحصًا يَدَويًّا
قَذَعَ,قذع,قذع,فَعَلَ يَفْعَلُ ( فتحتان ),True,exact_match,,
كَنِعَ,كنع,كنع,فَعِلَ يَفْعَلُ ( كسر فتح ),True,exact_match,,
قَطُعَ,قطع,قطع,فَعُلَ يَفْعُلُ ( ضمَ ضمٍَ ),True,exact_match,,
غَفَلَ,غفل,غفل,فَعَلَ يَفْعُلُ ( فتحُ ضمٍّ ),True,exact_match,,
قَفِزَ,قفز,قفز,فَعِلَ يَفْعَلُ ( كسر فتح ),True,exact_match,,
كَرِهَ,كره,كره,فَعِلَ يَفْعَلُ ( كسر فتح ),True,exact_match,,
كَدَهَ,كده,كده,فَعَلَ يَفْعَلُ ( فتحتان ),True,exact_match,,
غَاجَ,غاج,غوج,فَعَلَ يَفْعُلُ ( فتحُ ضمٍّ ),True,root_mismatch,unknown,يَحتاج فَحصًا يَدَويًّا
قَفَحَ,قفح,قفح,فَعَلَ يَفْعَلُ ( فتحتان ),True,exact_match,,
فَلَا,,فلو,فَعَلَ يَفْعُلُ ( فتحُ ضمٍّ ),True,root_mismatch,engine_no_root,تَفَقَّد فَلتَرَة الـ closed-class أَو jamid
فَرَثَ,فرث,فرث,فَعَلَ يَفْعُلُ ( فتحُ ضمٍّ ),True,exact_match,,
كَهَمَ,كهم,كهم,فَعَلَ يَفْعَلُ ( فتحتان ),True,exact_match,,
قَشَبَ,قشب,قشب,فَعَلَ يَفْعِلُ ( فتحُ كَسْرٍ ),True,exact_match,,
فَقُمَ,فقم,فقم,فَعُلَ يَفْعُلُ ( ضمَ ضمٍَ ),True,exact_match,,
قَفِئَ,قفئ,قفء,فَعِلَ يَفْعَلُ ( كسر فتح ),True,exact_match,,
فَرُغَ,فرغ,فرغ,فَعُلَ يَفْعُلُ ( ضمَ ضمٍَ ),True,exact_match,,
غَرِلَ,غرل,غرل,فَعِلَ يَفْعَلُ ( كسر فتح ),True,exact_match,,
فَشَقَ,فشق,فشق,فَعَلَ يَفْعُلُ ( فتحُ ضمٍّ ),True,exact_match,,
كَرِيَ,كري,كرو,فَعِلَ يَفْعَلُ ( كسر فتح ),True,root_mismatch,unknown,يَحتاج فَحصًا يَدَويًّا
قَصَفَ,قصف,قصف,فَعَلَ يَفْعِلُ ( فتحُ كَسْرٍ ),True,exact_match,,
