wazn,count
فَعْل,2772
فَعِيل,1501
فَعَل,1176
فَاعِل,579
أَفْعَل,456
يَفْعَل,450
فَعِل,438
فِعْل,392
فَعَلُو,360
فَعَال,349
الْفَعْل,331
الفَعْل,319
الْفَعِيل,290
فِعَال,278
فَاعَلُو,275
فُعُول,272
الفَّاعِل,266
تَفْعَل,256
فُعْل,252
الْفِعَال,252
الْفَاعِل,218
أَفْعَال,209
فَعُول,204
فِعل,189
يَفْعُل,186
يَفْعِل,177
وَفَعَل,174
وَفَعِل,163
وَالفَعْل,160
فَعَّل,158
تَفْعُل,152
الْمُفْعِل,150
الأَفْعَال,149
فَعْلَة,148
وَفَعْل,135
الْفُعْل,122
الْفَعَال,121
فَاعَل,118
يُفْعِل,118
مُفْعِل,118
بِفَعْل,116
أَفعُل,115
مَفْعُول,112
الفَّعِيل,112
فُعْلَة,103
أَفعَل,100
الفَّعْل,99
فِعْلَة,95
فَاعِلَة,94
فُعُل,87
بِالْفَعْل,87
كَفَعِل,86
فَعَلْن,83
يُفَعِّل,82
فَعاَل,82
تُفْعَل,81
فَعلُم,77
أَفَعْل,76
يُفِعْل,76
بِفِعْل,73
الفَعِلَة,73
فَعَنَّل,72
يُفْعَل,70
فَعَلَت,70
فَعْلَت,70
تَفْعِل,70
تُفَعِّل,68
تُفْعِل,66
فَعل,66
الْفِعْل,65
الفِعل,64
فُعَال,63
فَفَعَل,63
الفَّيْعَال,63
الفِّعْل,62
الْفَاعَل,61
فَعَلْت,59
وَفَعِلُو,59
الْفَعْلَة,58
افْعُلُو,58
فَعَلَة,57
فَعِلُو,57
فَعَلْتُم,56
وَأَفْعَل,56
فَعُل,56
تَفْعَلُو,54
وَفِعْل,53
الفُّعُل,53
فُعِل,52
تَفْعُلُو,52
الْمُفْعَل,52
وَيَفْعَل,51
الفَّعُول,50
أُفعِل,50
يَسْتَفْعِل,49
فَعَّلُو,48
وَفَعَّل,47
تَفْعِيل,46
يَفُعْل,46
فُعَلَاء,46
وَفَعلُم,45
نَفْعَل,45
فَعِلُم,45
الفَّعْلَن,45
افْتَعَلُو,44
الْفَعَل,44
تَفَعَّل,42
وَفَعِيل,41
لَفَاعِل,41
الفَّعَل,40
الفَعِل,39
يُفَاعِل,39
وَكَفَعِل,38
الْفَعاَئِلَة,38
مُفَعِّل,37
فَعِيلَة,37
الْفُعُول,36
أَفْعَلُو,36
الفُّعُول,36
الفَّعَال,36
يَتَفَعَّل,35
الْفُعْلَى,35
وَأَفْعَال,35
بِفَاعِل,35
فِعْلَت,34
نُفَعِّل,33
مَفَاعِل,33
أَفْعُل,33
وَافْعَلُو,33
يُفعِل,33
فَعَّال,31
أَفْعِل,31
افْتَعَل,30
فَعِلَت,30
مُفْعَل,30
وَيَفْعِل,30
الفُّعْل,30
وَأَفعَل,30
فَفَعَلْن,29
افْعَل,29
فَأَفْعَل,29
يَفْعَلُو,29
الْفِعْلَة,29
بِفُعْل,29
أَفْعَلْن,29
الْفَعِل,29
فُعَل,28
فُعْلَى,28
وَفَعْلَة,28
فَعَّلَت,28
أَفعَال,28
يَفعُل,28
وَفَعِّل,27
وَالْفَعَل,27
لِفَعْل,27
الفِّعَال,27
الْمُفَاعِل,27
أُفْعِل,27
افْعِل,27
وَالفَّعَال,27
وَيُفَعِّل,26
وَفُعْل,26
فَعَائِل,26
مُفْتَعِل,26
وَفَعَلُو,25
يَفْتَعِل,25
وَفِعَال,25
وَالأَفْعَال,25
مَفْعِل,25
الْمَفْعِل,25
بِفَعَل,24
بِفِعَال,24
فِيعَال,24
تُفْعِلُو,24
وَفَعَلْن,24
وَالفَّاعِل,24
يَفعَل,24
فَاعِلُو,23
وَفُعُول,23
مُفَعَّل,22
فُعِلُو,22
وَافْعَل,22
أَفْعَلْت,22
إِفْعَال,22
افْعَلُو,22
فَعِلْتُم,22
فَفَعَلُو,22
فَافْعِل,22
فَفَعْل,21
بِالفَعِلَة,21
فِعاَل,21
الأَفْعَل,21
فَافْعَل,21
وَأَفَعْل,21
فَاعَال,20
وَفَعَال,20
وَفَعْلُو,20
وَالْفَعْل,20
فَفَعِّل,20
فَافْعَلُو,20
وَفَعْلَت,20
فَعِلَة,20
فَاعْلَة,20
وَفَعُل,20
وَالفَّعْل,20
بِالْمَفْعُول,20
وَيُفْعِل,19
تَفْتَعِلُو,19
تَسْتَفْعِل,19
وَالفَعِلَة,19
فُعِّل,19
الْمُفَعَّل,19
افْعُل,19
تَفْعِلُو,19
فَعْلُو,19
الْمُفعَل,19
يُفعَل,19
فِبَعْل,18
مَفْعَل,18
فُعَّل,18
وَفُعُل,18
فُعِلَت,18
وَافْعِل,18
مَفْعِلَة,18
أَفعَلْن,18
فَعَالَة,17
فُعِّلَت,17
فُعْلَت,17
الْمَفْعُول,17
لَفَعَل,17
وَالْفِعَال,17
بِفَعَال,17
الْفَعُول,17
وَافْعُلُو,17
يَفِعْل,17
الفَّعْلَة,17
وَفَاعَل,16
فَفَعَّل,16
نَفْعُل,16
مَفْعُولَة,16
فَعَّلْن,16
وَافْعُل,16
مِفْعَال,16
الْفُعُل,16
لَفَعِيل,16
بِفُعُول,16
الْفُعَّال,16
أَفُعْل,16
افْعَلَت,16
يَفعِل,16
فَعَّلْت,15
وَفَاعِل,15
فِعَل,15
فَاعْل,15
وَفَعل,15
فَفِعْل,15
بِالْفِعْل,15
تُفِعْل,15
مُفَعَّلَة,15
لَفَعْل,15
فَافْعُل,15
وَالْفِعْلَة,15
فُعْلِيَّت,15
الفَّعَلَة,15
الْفَعل,15
تَفعِيل,15
فَافعُل,15
الفَعَل,14
تَفْتَعِل,14
فَفَعَلَت,14
يَافَعْل,14
وَيَفْعُل,14
وَفَعَّلْن,14
فَعْلَل,14
تَفَاعَل,14
وَفَعَّلُو,14
وَالْفَاعِل,14
الْفَاعِلَة,14
الْفَعَّال,14
وَفَاعَلُو,14
وَتَفْعَل,14
وَفَاعِلُو,14
وَأَفْعَلُو,14
فَعِلْت,14
لَفَعُول,14
وَالْفَعاَئِلَة,14
مُفعِل,14
الفُعُول,13
وَالْفُعْل,13
تَفَعَّلُو,13
وَأَفْعِل,13
فِعَالَة,13
نَفْعِل,13
لَمَفْعُول,13
الْفَعاَل,13
افَّعَل,13
فَأَفْعَلُو,13
لِلْمُفْعِل,13
مُتَفَاعِل,13
أَفِعْلَة,13
وَالْمُفَاعِل,13
بِفَعِيل,13
نَفُعْل,13
الفَّيَاعِيل,13
فَيُفَعِّل,13
فَفَعَّلُو,13
كَفَعَل,13
تُفعِل,13
فَأَفعَل,13
نُفْعِل,12
الفَعِيل,12
فَفَعِل,12
يُفَعَّل,12
اسْتَفْعَلُو,12
وَيَسْتَفْعِل,12
تَفُعْل,12
الْمُفَعِّل,12
فَتَّعِل,12
فَافْعُلُو,12
فَعاَلَة,12
أَفْعَلْتُم,12
لِلْفَاعَل,12
لِلْمُفَعِّل,12
افعُل,12
تُفَاعِل,11
فَافْتَعِلُو,11
اسْتَفْعَل,11
كَفَعْل,11
أُفَعِّل,11
يَفْعُلُو,11
فِعَالَت,11
وَنَفْعَل,11
الْمَفَاعِل,11
فَأَفْعِلُو,11
أَفَاعِيل,11
الْفَعَلَة,11
فُعِّلُو,11
يَفْعِلُو,11
يُفَعْل,11
الفَّعَالَة,11
لِلفَّاعِل,11
وَمَفَاعِل,11
مُفَاعِل,11
فَعَّلْتُم,11
بِمُفْعِل,11
بِالفَّعْل,11
الفَّاعْل,11
لفَعَل,10
فَعَالَت,10
فُعَلَاؤ,10
تَفَعُّل,10
مُتَفَعِّل,10
فَعُلَت,10
افَّعَلُو,10
وَافَّعَلُو,10
وَتَفْعِيل,10
أَفْعَلَت,10
فَافْعِلُو,10
بِمَفْعُول,10
أُفِعْل,10
بِالْفِعَال,10
لِيُفْعِل,10
فُعْلِيَّة,10
افْعِلُو,10
أَفْعِلَت,10
إِفْعاَل,10
الفَّعاَل,10
وَفِعل,10
تُفعِلُو,10
مُفتَعِل,10
فَافْتَعَل,9
وَفُعْلَى,9
فَاسْتَفْعَلُو,9
لِتَفْعُلُو,9
فُعْلَه,9
مُسْتَفْعِل,9
وَالفِعل,9
لَفِعْل,9
تُفَعَّل,9
مُفَاعَل,9
أُفْعِلُو,9
فِالْبَاعِل,9
إِفْعِيل,9
فَتَّعِلُو,9
وَيُفِعْل,9
بِالْفُعْل,9
تَتَفَعَّل,9
لِلفَّعْلَن,9
يَفُعْلُو,9
بِالفَّاعِل,9
وَالْمَفَاعِيل,9
يَفَعْل,9
وَاسْتَفْعِل,9
لِلْفَعاَئِلَة,9
مُفعَل,9
لأَفعُل,9
الفِعْل,8
لفَعْل,8
فَعِّل,8
فُعِلْت,8
وَفُعِل,8
فَفُعْل,8
فَاعَلتُم,8
فُعلَى,8
تَفَعْلُو,8
وَالأَفْعَل,8
فُعْلَال,8
لِفَعَل,8
تَفْعِلَة,8
وَالْفَعِيل,8
لِيَفْعُل,8
أَفَّعِل,8
وَأَفْعَلْن,8
الْفَوَاعِل,8
لِيَفْعَل,8
بِأَفْعَل,8
وَأَفَعْلُو,8
بِفَعْلَة,8
بِفَعِل,8
الْمُتَفَعِّل,8
فَفَعْلُو,8
فِعِّيل,8
الفُّعَلَاء,8
فَعَلِي,8
فِاعَل,8
مَفعُول,8
وَالإِفعِيل,8
فَيَفْعُل,7
فَأَعلُم,7
يُفَعِّلُو,7
وَمُفَعِّل,7
وَافَّعَل,7
أُفْعِلْتُم,7
تَفْعَلَن,7
الفَّعاَلَة,7
وَفَعَلْت,7
لِفُعُول,7
فُعل,7
لِلْفَعْل,7
لِتَفْعَلُو,7
مُفْتَعَل,7
أَفْعاَل,7
فَعِيلَت,7
يَتَفَاعَل,7
بِفَاعِلَة,7
فَيُفْعِل,7
الفِّعْلَى,7
فَتَفَعَّلُو,7
أَفْعَلَة,7
فُعْلُو,7
فَوَاعِل,7
وَالْمَفْعِل,7
الفَّعِيلَة,7
فَأَفْعِل,7
فَعَلتُم,7
فَعْلَى,7
بِالْفَعَال,7
فَأَفْعَلْن,7
فُعاَل,7
مُسْتَفَعْل,7
فَمْعُول,7
وَفَعلِي,7
تَفعُل,7
لِيُفعِل,7
تَفعِل,7
فَافعُلُو,7
تَفعَل,7
تَفعِلُو,7
بِأَفعُل,7
أَفعَلُو,7
بِالفِعْل,6
افْتَعَلَت,6
فَافْتَعِل,6
فَفْعَل,6
فُعَالَى,6
وَفُعِلْت,6
فَفَأَعل,6
الفُعلَي,6
لِلفِعل,6
فَتَفَعَّل,6
تُفَاعِلُو,6
فَفَعَّلْن,6
وَأَفْعِلُو,6
مُفْعِلَة,6
وَالْفَعْلَاء,6
فَفُعِل,6
افَّعِلُو,6
نَفَّعِل,6
فَعَلْتُمُو,6
لِيُفَعِّل,6
فَعِلْتُمُو,6
الفَّاعِلَة,6
سَيَفْعَل,6
فَيَفْعَل,6
يُفَاعِلُو,6
لِفُعْل,6
مَفَاعِيل,6
تُفَعِّلُو,6
أَيَفْعَل,6
اسْتُفْعِلُو,6
لِيُفِعْل,6
أُفِعْلَت,6
أَفْعِلُو,6
بِفَعاَل,6
بِفُعُل,6
فَعْلَاء,6
فِعْلَى,6
وَافْعِلُو,6
وَأَفْعُل,6
وَاسْتَفْعَلُو,6
تَفُعْلُو,6
وَالفَّعْلَاء,6
يَافَاعِل,6
فُعلُل,6
فَفَاعِل,6
فَيْعَال,6
وَيَفُعْل,6
وَلِيَفْعَل,6
لِيَفْعِل,6
الْفِعَل,6
فَعاَئِلَة,6
أَفعِلُو,6
الْمُفعِل,6
أُفعِلَت,6
افعُلُو,6
وَأَفعِلُو,6
وَافعُل,6
فَيَفعُلُو,6
افْتَعَلْتُم,5
الفُعْلَى,5
وَفُعَل,5
فَاعَلت,5
فَفْعَلُو,5
الفَعَائِل,5
فَتَفْعُل,5
فَلْيَفْعُل,5
لَيَفْعُل,5
فَئِعْلَة,5
تَسْتَفْعِلُو,5
الْفَعْلَاء,5
وَلَفِعْل,5
اسْتِفْعَال,5
أَفَعَل,5
لِلْفَعَل,5
الْفُعْلَة,5
وَالإِفْعَال,5
الْفِعاَل,5
فَعَلَن,5
وَافَّعِل,5
يَفَّعِل,5
مَفْعَلَة,5
مُفِعْل,5
فَفَعِّلُو,5
لِيُفْعِلُو,5
يَفْعِلَن,5
تَفْعَلْن,5
لَفَعَلْن,5
وَفَعَلَن,5
وَافْتَعِلُو,5
يُفَاعْل,5
الْمِفْعَال,5
فَعِّلُو,5
وَفُعِّل,5
بِإِفْعَال,5
بِالْفَعَلَة,5
فَعاَّل,5
وَفُعِلَت,5
أَفَعَلْت,5
يَفْتَعْل,5
يُفَعْلَف,5
وَالْفَاعِلَة,5
وَفُعَال,5
وَالفُّعْل,5
بِفَعْلَت,5
مَفَعْل,5
أَفَاعِل,5
فُعْلُل,5
مِفْعِيل,5
فَانفَعَل,5
لَفَعَّل,5
الإِفْعاَل,5
فُعَلَائ,5
يَفُعْلَن,5
بِفَعاَّل,5
لَفِعْلَة,5
بِفِعْلَة,5
فَفَاعِلُو,5
وَاسْتَفْعَل,5
وَمَفْعِلَة,5
تَفَعْل,5
لِفَعِل,5
وَافْعَلَت,5
وَفَعاَئِلَت,5
أَفعِل,5
أَفعَلْت,5
لِتُفعِل,5
وَأَفعِل,5
أَفعَلْتُم,5
فَافتَعِلُو,5
تَفعُلُو,5
فَعَالَى,5
وَالفَّعَالَى,5
الأَفعُل,5
تُفَاعِلْن,4
فَفَعَلْت,4
الْمُسْتَفْعِل,4
يَافَاعَل,4
وَتَفْعِل,4
لِيَفْعُلُو,4
فَعَلْتَن,4
وَفْعُل,4
فُعْلِي,4
الفُعْل,4
فَاعَلَت,4
فَعِلتُم,4
هَافَعلُم,4
وَالفُعلَى,4
فَاعَلْت,4
فَاعَلْتُم,4
وَتَفَعَّل,4
مُفَاعَلَة,4
وَفَاعِلَة,4
لَيَفْعَلَن,4
يُفْعَلُو,4
افَّعَلْت,4
فَافَّعِل,4
فَأَفَعْل,4
بِالْمُفْعِل,4
أَفَعِل,4
وَالْفِعْل,4
لِنَفْعَل,4
لِفَعل,4
وَيَتَفَعَّل,4
الْفَاعِلِيَّة,4
بِفَعَالَة,4
لَفَعِل,4
تُفَاعْل,4
فَاعْلُو,4
فِعَالِي,4
أَفَعْلُو,4
أَفْعَلتُم,4
وَنَفْعُل,4
لَمُفْعَل,4
اسْتَفَعْل,4
وَيَفِعْل,4
أُفْعِلَت,4
الأَفْعاَل,4
الْفُعَلَاء,4
افْتِعاَل,4
فَعاَئِل,4
وَافْتِعاَل,4
يَتَفَعَّلُو,4
الْمُفَّعِّل,4
وَفُعْلِي,4
بِالفِّعْل,4
فِعْلِي,4
نَتَفَعَّل,4
يَتَفَعَّلْن,4
بِالفُّعُل,4
بِفَعُول,4
وَفَعِّلُو,4
نُفَاعِل,4
الْمَفْعَلَة,4
الْمِفْعِيل,4
وَأَفْعِلَت,4
لِلفَّعْل,4
لأَفْعَل,4
يُفِعْلُو,4
لأُفَعِّلَن,4
فَعْلَال,4
افْطُعْل,4
يُسْتَفْعَل,4
يُفَاعَل,4
لأَفُعْل,4
اسْتَفْعَلْتُم,4
بِفِعْلَت,4
فَأُفَعِّل,4
وَفَعاَلِيَة,4
فَاعَلتُّم,4
تَفُعْلَن,4
اسْتَفْعِلُو,4
وَاسْتَفْعِلُو,4
بِفُعاَل,4
وَالأَفْعِلَة,4
وَنُفَعِّل,4
فَعْلَن,4
لأَفْعلَن,4
فَعَلُوت,4
الأَفعَال,4
يَسْتَفعِل,4
الإِفعِيل,4
وَمُفعِل,4
وَيُفعِل,4
فُنَعِّل,4
وَيَفعُل,4
الفَّعَالَى,4
الْمُفتَعِل,4
يَفتَعِل,4
فَلْيَفعُل,4
فَلِفَعْل,4
وَأَفعَلُو,4
افتِعَال,4
فَافتَعَل,4
وَفَاعَال,3
اسْتَفْعِل,3
فَيُفْعَل,3
وَفَعَّلَت,3
بِالفُعُل,3
وَفَعِلَت,3
يَسْتَفْعِلُو,3
وَالفَعَال,3
لِتَفْعِل,3
وَتَفْعُل,3
فَنُؤْعِل,3
فَعْلِي,3
وَفَعْلِي,3
فِعْلَم,3
تَتَفَعَّلُو,3
وَأُفْعِل,3
لِلأَفْعَال,3
وَإِسْتَفْعَل,3
فَتَفَاعَل,3
وَفُعْلَت,3
فَعَلت,3
فَاسْتَفْعِلُو,3
أُفْعَل,3
انفَعَل,3
لَتُفْعَلُن,3
لَمُفْعِل,3
وَفَعَلَت,3
نَفْتَعِل,3
فَتْعِيل,3
افَّعِل,3
فَافَّعِلُو,3
مُفَّعَل,3
وَأُفْعِلُو,3
الفُّعَال,3
وَأَفِعْلُو,3
وَأَفْعَلْت,3
وَالفَّعَل,3
فَعَالِيَة,3
يَافِعَال,3
وَالْفُعُول,3
أَتَفْعَل,3
يَفْعَلْن,3
أَفْعِلَة,3
بِالْفُعُول,3
الْفَاعْل,3
لِفَعَنَّل,3
وَتُفِعْل,3
يَتَفَاعْل,3
أَتُفَعِّل,3
الأَفَاعِيل,3
فَلْيَفْعَل,3
فَتَفْعِيل,3
وَالْمَفْعُول,3
الإِفْعَال,3
بِالْفُعْلَى,3
فَعَلتُّم,3
لِتُفْعِل,3
وَالْمُفْعَل,3
لَنُفْعِلَن,3
وَأُفْعِلَت,3
وَيَفْعَلُو,3
الْفَاعْلَة,3
وَفِعْلَة,3
فَيَفْعِل,3
تَفِعْل,3
مَفِعْل,3
فُعِّلْتُم,3
فَالْفَاعِل,3
يَفْعِلْن,3
فُعَيْل,3
فَتُفْعِل,3
أَفْعَلَن,3
فَأَفْعَلْتُم,3
فَافْتَعَلُو,3
مُسْتَفْعَل,3
وَافْتَعَلُو,3
الْفِعلِيل,3
وَإِفْعَال,3
تَفَّعِل,3
سَنُفْعِل,3
فَأُفْعِلُو,3
وَأَفْعِلْن,3
الأَفَعْل,3
الفِّعْلَة,3
بِفَعل,3
لأَفْعُلَن,3
بِالفَّعْلَن,3
بِفَاعْل,3
تُفَعْل,3
فَفُعْلُو,3
لَفَاعْل,3
أُفْعِلْت,3
كَفَعَال,3
وَالفُّعُل,3
فَالفَّاعِل,3
وَفُعْلُل,3
فِعْلَال,3
وَتُفَعِّلُو,3
وَافْتَعَل,3
لأَفْعُل,3
لِتَفْعَل,3
فَعَالِيل,3
يُفْعِلُو,3
أَفْعَلت,3
ءَأَفْعَلْتُم,3
لِفُعْلَت,3
افْتَعْلَت,3
لِفَاعِل,3
الفُّعْلَة,3
فَاعِلَت,3
فَأَفْعَلَت,3
وَافْطَعِل,3
وَتَفُعْل,3
يَفَّعَّل,3
لِنَفْعِل,3
فَفَعْلَت,3
فعل,3
انفَعَلْتُم,3
فَعَّلْتُمُو,3
يَفْعُلْن,3
وَفَعْلَل,3
أَتَفْعُل,3
تَفْتَعْل,3
بِمُفَعَّل,3
سَنُفَعِّل,3
وَفُعِلُو,3
يَامَفْعَل,3
فَاسْتَفْعَل,3
فَعِلَي,3
فَسَتَفْعَل,3
وَلَيَفْعَلَن,3
بِالْفَعْلَاء,3
وَالْفَوَاعِل,3
سَنَفْعُل,3
لَفَعَلَت,3
لِلْفُعَلَاء,3
فَوَاعِيل,3
مُسْتَفِعْل,3
تَفَاعَلُو,3
انفَعَلُو,3
فَفَعَلَّم,3
فَعَلَّم,3
بِالْفَاعِل,3
فَعْلَي,3
بِأَفْعِلَت,3
الفَعْلَة,3
افْعَلَة,3
فُمَعَّل,3
فُمْعِل,3
كَالْفُعْل,3
الأَفعِيَال,3
وَالفُّعُول,3
وَالأَفعَال,3
افعُلْن,3
تُفعَل,3
فَنعُل,3
يَفعُلُو,3
افعِلُو,3
فَافعِلُو,3
وَالْمُفعَل,3
اسْتُفْعِل,3
الفِعِل,2
تَفْعُلَن,2
وَلفَعْل,2
فَتَأْعُل,2
فَتَءْتَعِل,2
فَءْتَعِل,2
افْتَعَلْت,2
افْتَعِل,2
فَافْتَعَلَت,2
فَعَّلْتَن,2
لِلفَعِل,2
وَالفَعِل,2
وَلَلفَعِلَة,2
فَعِلت,2
فَبِفِعْل,2
لِيُفْعَل,2
فَعْلَس,2
وَالْمُفْتَعِل,2
لفَعِل,2
فَاعاَل,2
فَاعُل,2
وَلفَعُلَن,2
فَلفُعْل,2
وَفُعْلَه,2
فَفَأَعِل,2
فَفَأَعِلُو,2
فَأَعل,2
فَفَعل,2
لفَعل,2
الفُعلَى,2
بِالفُعلَى,2
فِالْبَعْلَاء,2
فَلَفِعْل,2
مُنفَعْل,2
فَانفَعَلَت,2
فِالْبُعْل,2
وَلَيُفَعِّلَن,2
تَفَعَّلْن,2
فِالْبِعْل,2
وَفُعِّلَت,2
فُوعِل,2
فِبَاعِل,2
كَفَاعِل,2
أَفَعَّلْتُم,2
فِالْبُعْلَى,2
فَسَتُفْعِل,2
أَفَفِالْبَاعِل,2
سَيُفْعِل,2
انفِعَال,2
فِمَبْعُول,2
فُعْلِل,2
فُعْلِلَت,2
فِبَعِيل,2
فَعُولَة,2
فُعُولَت,2
يَاإِفْعِيل,2
وَأُفَعِّل,2
وَلِتَفْعُلُو,2
يَفْعُلَن,2
فَتَفْعَل,2
افَّعَلَن,2
فَافَّعَلُو,2
فَنَفَّعِل,2
فَيَفَّعِل,2
مُفَتَاعِل,2
وَافَّعِلُو,2
وَيَفَّعِل,2
وَفِعَالَة,2
وَالفَّعَائِل,2
مُفْعَلُو,2
مُفْعَلِي,2
فِعْلُم,2
وَلأُفِعْل,2
مُفْعَلَة,2
وَفُعاَل,2
فِعِل,2
وَيُفَاعِل,2
كَالْمُفْعِل,2
أَفَعَلْتُم,2
افْعَلْن,2
فَنَفْعَل,2
لأَفْعَلَن,2
وَلِنَفْعَل,2
بِالْفَعل,2
وَافْعُلْن,2
الْفَعْلَت,2
بِفَعَنَّل,2
اسْتَفَعْلُو,2
تُفِعْلُو,2
مَفَعْلَة,2
يَسْتَفِعْل,2
فَفَعِلَت,2
أَتُفَاعْل,2
بِفِعَالَة,2
وَالْفِعَالَة,2
لِفَعِيل,2
لَيَفْعُلُن,2
لَفَعْلَة,2
بِالْفَعَل,2
لَفُعْل,2
لَلْفُعْلَى,2
لَنَفْعُلَن,2
الْفُعَلَة,2
الْمُفْتَعِل,2
وَفَعَلَة,2
بِالأَفْعَال,2
وَبِالْفَعْل,2
بِالْفِعْلَة,2
وَلْيَفْعُل,2
سَيَفْعِل,2
وَلَيَفْعِلُن,2
الْفُعْلُول,2
وَفَعاَل,2
فَعَّالَة,2
الْفَعَالِل,2
الْفَعَائِل,2
لِلْفَعِيل,2
بِالْفَاعِلَة,2
يُفَعْلِف,2
أَسْتَفْعِل,2
افْعُلْن,2
فَأَفْعَلْت,2
فَافْتُعِل,2
الْفَعاَّل,2
وَالْفَعَالِيل,2
الفَّوَاعْل,2
وَالفَّوَاعْل,2
فَالْمُفَعِّل,2
يَفَّعَّلُو,2
سَيَفْعُل,2
فَسَيُفْعِل,2
وَلأُفْعِلَن,2
وَنُفْعِل,2
بِفُعَال,2
سَنَسْتَفْعِل,2
فَعَالِل,2
فَفُعْلَت,2
وَفُعْلِيَّت,2
ءَالفَّعَل,2
لَنَفْعَلَن,2
يُفْعِلَن,2
يُفْعِلْن,2
بِأَفْعَلَة,2
الفُّعْلَى,2
بِأَفْعُل,2
فَفِعَال,2
لِفَعُل,2
لِلفِّعَال,2
فَافْتَعْل,2
نُفَعْل,2
وَفُعْلُو,2
الفَّعَّال,2
وَالفَّعِيل,2
وَالفُّعَّل,2
كَالفَّعِيل,2
وَالفُّعَّال,2
الفَّعُّول,2
وَفُعْلِلُو,2
لَفُعْلَى,2
وَالأَفْعاَل,2
فَعْلَلِير,2
يُفَعِّلْن,2
ءَأَفْعُل,2
أَفِعْل,2
الفَّعْلَاء,2
لَنَفْعَل,2
وَالْمِفْعِيل,2
وَفَعَلتُم,2
فُعاَلَة,2
لِلإِفْعاَل,2
لِنُفْعِل,2
وَافْتَعِل,2
لِفُعْلَة,2
كَفَعَلَة,2
فَفَعِلُو,2
فَعْلِيَّة,2
وَأَفْعَلَت,2
أَيُفْعِل,2
بِفُعَلَائ,2
لِفُعَلَائ,2
فَيَاعِيل,2
وَالفَّيَاعِيل,2
انفَعْلَت,2
تَفَعْلَق,2
بِمَفَاعِيل,2
بِأَفْعَال,2
لأَفْعَال,2
وَفَاعِلَت,2
الفَّاعْلَة,2
وَبِفَعْل,2
الفِّعِّيل,2
وَالْمُتَفَعِّل,2
الفَّوَاعِل,2
وَلأُفَعِّلَن,2
وَتُفْعِلُو,2
فَلْيَفْعَلُو,2
الفُّعَلَاؤ,2
فَيُفَاعِل,2
وَالْمُسْتَفْعَل,2
تَفِعْلُو,2
فَعاَلَت,2
فَيُفِعْل,2
لَيُفِعْل,2
لِيُفِعْلُو,2
فَإِفْعَال,2
انفَعِلُو,2
فَانفَعَلُو,2
تَفْعَلِل,2
مُفْعَلِل,2
وَتَفْعَلِل,2
وَلِتَفْعَلِل,2
بِفِعَالَت,2
فَعَّلت,2
أَوَفَعِلْتُم,2
وَفَعِلْت,2
فَفِعْلَة,2
أَفَبِفَعَال,2
مَفْعِلَت,2
افْتَعَلْتُمُو,2
تَفَاعَلْتُم,2
وَفَعِيلَت,2
بِالْفُعْلَة,2
فِعْلِيل,2
فُوعِلْتُم,2
الْفُعَل,2
فَسَيَفْعَل,2
كَالأَفْعاَل,2
لَيَفْعَل,2
وَسَيَفْعَل,2
وَلَتَفْعَلُن,2
تَفَعَّلَت,2
وَفِعَل,2
فَعِلُّم,2
فَفِعل,2
الْفَعلَلُوت,2
كَالْفِعْل,2
التَّفَاعُل,2
الْفُعَال,2
وَفَعَّال,2
أَسْتَفْعَلْت,2
الْمَفْعِلَة,2
سَيُفْعَل,2
فَاسْتَفْعِل,2
سَتُفْعَل,2
وَتَفَاعُل,2
الْفِعْلَوْل,2
فَفَعِيل,2
انفَعَلَت,2
مُنفَعِل,2
وَفَوَاعِل,2
افْعَتَل,2
افْعَتَلُو,2
الْفَعْلَى,2
فُعِلْتُم,2
وَيُفْعَل,2
الْفُعُّول,2
أَفَعِيل,2
فِعَلَة,2
بِالْفِعْلَاس,2
وَتَفَعَّلُو,2
فَتَنفَعِلُو,2
مُنفَعَل,2
أَفَعْلَت,2
وَيْفَعَل,2
الْفِعْلِيَاء,2
فَاسْتَفْعَلْتُم,2
لَفَعِيلَة,2
وَاسْتَفْعَلْتُم,2
فِعَّال,2
لِلْفَعِل,2
بِفَعِلَة,2
الْفُعْلُل,2
فاَّعِل,2
الفاَعِل,2
فاَعِل,2
فُعَلَة,2
فاَعَلْتُم,2
فَفَعَال,2
لِفِعْل,2
فِعْلَي,2
وَلِيُفَعِّل,2
نُفِعْل,2
فُسْتَمِعْل,2
أَفعِيَال,2
فَفُنَعِّل,2
افتَعَلَت,2
ءَأَفعَلْت,2
أُفعِلُو,2
وَتُفعِل,2
لَفَنعِلَن,2
يَفعَلَن,2
أَفعِلْن,2
لأَفعَل,2
مَفعَل,2
تَفتَعِل,2
اسْتَفعَلُو,2
الْمَفعُول,2
افتَعَل,2
وَافعُلُو,2
يَفعُلُن,2
فَأَفعِلْن,2
كَالأَفْعَال,2
وَلأَفْعَال,2
فَلأَفعُل,2
بِالفَّعَال,2
مُفْعِلُو,2
فَعَابِيل,1
لفِعْل,1
وَالفِعْل,1
اسْتَفْعَلْت,1
فَأَءْتَعِل,1
فَءْتَعَلْتُم,1
فَءْتَعَلْن,1
فَفَاءْتَعَلْتُم,1
فَفَتَءْتَعِل,1
بِفَعِلِي,1
بِافْتِعَال,1
فَافْتَعَلْتُمُو,1
لفَءْتَعِلَن,1
لاَّفْتَعَلُو,1
لاَّفْتَعَلْن,1
لَفْتَعَلْت,1
لفُعْل,1
لَلفَعِلَة,1
وَبِالفَعِلَة,1
وَيَافَاعَل,1
فُعُلَي,1
فَلْيَسْتَفْعِلُو,1
لِيَسْتَفْعِل,1
وَالفُعُل,1
الفِعْلَة,1
وَلِلفَعْل,1
الفَعْلَى,1
فُعْلِس,1
يَافَعَلَى,1
فَئِعْل,1
وَالْمُفْتَعِلَة,1
الفُعُل,1
لفَعَلُو,1
لفِيعاَل,1
وَالْمُفَعَّلَة,1
فَيَأْعُل,1
لفَعَّالَة,1
وَفْتَعِلُو,1
الفُعَل,1
لَبِفِعَال,1
وَفِعَائِكُل,1
وَالفُعْل,1
يَبْنَفُعْل,1
فَأَعِلتُم,1
فَفَأَعِلتُم,1
فَفَتُؤْعِل,1
افْتُعِل,1
الفَعَال,1
الفَعَالَة,1
فَفَأَعلُم,1
فَفَعلُم,1
لفَعلُم,1
كَالفُعلَى,1
وَفُعلَى,1
فِعلِي,1
بِالفَعل,1
وَالفَعل,1
لِلفَعَال,1
فَلَيُفَعِّلُن,1
أَتَسْتَفْعِل,1
فِبَعَل,1
فَنَتَفَعَّل,1
وَتُفْعِل,1
إِسْتَفْعَل,1
وَأَفَاعِيل,1
الْمُفَاعَلَة,1
وَتَفَاعَل,1
مَفْعُولَت,1
وَيَفْعُلُو,1
لِتُفَعِّل,1
مُسْتَفْعِلَة,1
فَعُلْت,1
فِأَبْعَال,1
فِالأَبْعَال,1
فِالْبَعَل,1
فَفَعُلَت,1
فِبِعَالَة,1
لَيُفَعِّلَن,1
لِفُعُولَت,1
وَفُعُولَت,1
فِبَعْلَة,1
فَاعِلِي,1
فِبَاعِلِي,1
لَفَعاَل,1
فِبُعْل,1
وَلِيُفَعِّلُو,1
افَّعَلْتَن,1
افَّعَلْتُم,1
افُّعِلُو,1
افِّعَال,1
فَعِلَن,1
فَتَّعِلَن,1
فَتْعَل,1
فَافَّعِلْن,1
فَافِّعَال,1
لاَفَّعَلْتُم,1
لاَّفَّعَلُو,1
لاَّفَّعَلْن,1
وَافَّعَلَت,1
وَافَّعَلْت,1
وَنَفَّعِل,1
يَفَّعِلُو,1
الفِّعَالَة,1
أَفُتْعَل,1
فَتْعُل,1
فُتْعَلُو,1
لَفَاعِلُو,1
وَفَعَلْتُم,1
أَفِعْلُو,1
فَأَفِعْلُو,1
وَلِيُفِعْل,1
لِنُفَعِّل,1
فَعْلَاج,1
أَفْعَلتُمُو,1
افَّاعَلْتُم,1
بِفَعاَلَة,1
وَفُعْلَة,1
وَفَعَالِيَة,1
بِفَعَّال,1
كَالْفِعَال,1
وَالْفِعِلَّة,1
افْتُعْلَت,1
أَتُفَاعِلُونَن,1
لِيُفَاعِلُو,1
وَالْفَعَال,1
مُفْعِلِي,1
تَفَعْلَسُو,1
أَفَنَفْعَل,1
فَفَعَلْتُم,1
وَافْعَلْن,1
فَعاَلِيب,1
الْفُعُلَة,1
افْتَعِلُو,1
وَسَيُفَعَّل,1
بِفَعَالَي,1
بِالْفَعْلَة,1
بِفَعْلَتَي,1
وَالْفَاعْل,1
وَتُفَاعِل,1
أَيُفِعْل,1
فَعْلَب,1
فَاسْتَفَعْلُو,1
كَفُعْل,1
وَأَفِعْلَاؤ,1
وَسَيُفْعِل,1
لِيُفَاعْلُو,1
وَفَاعْل,1
يُفَاعْلُو,1
الْفِعَالَة,1
كَالْفِعَالَة,1
وَفَعَائِل,1
مُفَعْلَر,1
لَنُفَعِّلَن,1
وَالْفُعُل,1
وَمُفَعَّل,1
أَفَفَعِل,1
أَفَفَعِلْتُم,1
فَفَاعَلْن,1
يَافَعْلَة,1
يَافَعْلَت,1
يَافَعْلَتَى,1
فَتَفَعْلَسُو,1
الْفُعْلَي,1
فَسَيَفْعُل,1
وَتُفْعَل,1
وَفَعُول,1
تَفَاعْل,1
وَفَعِلْن,1
وَيَفْعَلْن,1
فَالْفَعْل,1
لَلْفَعْل,1
أَفَفُعْل,1
فَأَفْعُل,1
فَالْفُعْل,1
لِتَفْعُل,1
يَتَفَاعَلُو,1
وَسَيَفْعِل,1
تَفِعْلَة,1
فَيَفِعْل,1
فَيُفِعْلُو,1
وَأُفِعْل,1
وَأُفِعْلَت,1
وَفَعاَئِل,1
لِيَفْعِلُو,1
وَلْنَفْعِل,1
يَفْعُول,1
الْفِعل,1
لأَفْتَعِلَن,1
الأُفْعُول,1
بِمُفْعَل,1
وَتَفِعْل,1
يَفِعْلُو,1
لِفَعَلَة,1
بِالأَفْعَل,1
تَفَاعُل,1
يَفِعِّل,1
مُفْعَلَّة,1
نُتَفَعَّل,1
وَيُتَفَعَّل,1
تَسْتَفِعْل,1
فَعْلَف,1
فَاسْتَفَعْل,1
يَسْتَفِعْلَن,1
أُفَاعِل,1
لاَفْتَعَلْتُم,1
لَيَسْتَفْعِلَن,1
لِلْمُفَعَّل,1
فِعلِيل,1
بِالْفُعَّل,1
وَالْمُنْفَعِلَة,1
لِيَفَّعَّلُو,1
أَفْعِلْن,1
لَتَفْعُلُن,1
لَيُفْعِلَن,1
وَلأَفْعَلْن,1
وَلِيَفْعُلُو,1
فَافَّاعَلْتُم,1
افَّاعَل,1
افَّاعَلُو,1
فَفَعْلَل,1
فِعَاءَكُل,1
بِفِيعَال,1
مُفْعَالَّت,1
بِالفُّعْل,1
كَالفِّعَال,1
مُفَعْلَل,1
وَفُعْلِيَّة,1
فِعَالَي,1
التَّفْعِلَة,1
فَبِفَعِل,1
فَفَعِلُم,1
فَفَعِلُن,1
فَكَفَعِل,1
فَلِفَعِل,1
كَفَعِلُم,1
وَبِفَعِل,1
وَفَعِلُم,1
وَلِفَعْل,1
نَفِعْل,1
وَفَعْلَلْن,1
وَفُعْلِلَت,1
الفَّعل,1
نَفْعَلَن,1
ءَأَفْعَال,1
أَلِفَعْل,1
الفَّعْلَانِي,1
فَعْلَان,1
وَتَفَعَّلْتُم,1
وَلِيَفْعِل,1
وَالْمُفْعِل,1
فَفَعُل,1
وَأَفُعُل,1
وَلِلفِّعَال,1
بِالْمَفْعَلَة,1
فَعِلْن,1
وَبِفَعْلَت,1
وَتَفْعَلْن,1
افْتَعْلُو,1
تَفْتَعْلُو,1
فُعِلت,1
فَنَفُعْل,1
وَسَتُفَعْل,1
وَنُفَعْل,1
يَتَفَعْلَد,1
لَيَفْعُلَن,1
لَبِالْمِفْعَال,1
أَفْعِلِي,1
مِفْعَل,1
لَتَفْعَلُن,1
وَفُعَّال,1
وَفَعْلَانِيَّة,1
تُفْعِلْن,1
سَأُفْعِل,1
وَبِالفُّعُل,1
الفَّعَالِيَة,1
الفُّعَالَة,1
فُعَالَة,1
مُفْدَعَل,1
وَافْدُعِل,1
بِمُفَعْلِل,1
الفُّعَّال,1
فَعُّول,1
فَعْلَلَة,1
لَيُفْعِل,1
فَتَفِعْل,1
بِالأَفْعاَل,1
فَلَنَفْعَلَن,1
لِيَتَفَاعَلُو,1
فَيَفُعْلُو,1
الفَّعُل,1
لَبِفَعِيل,1
تَفْعَتِل,1
أَنَفْعُل,1
لَمَفْعِل,1
الفِّعِل,1
لَيُفْعَلَن,1
لِلفُّعْل,1
أَفَفِعْل,1
وَبِالأَفْعَال,1
يَفْتَسْعِل,1
وَفَعَالِيل,1
فُعَالِل,1
الفَّعَائِل,1
وَالفَّاعِلَة,1
مُفْتَعِيل,1
بِفُعَالَى,1
لِمَفَاعِيل,1
وَالْمَفْعَلَة,1
وَلَنُفْعِلَن,1
فَعاَلِل,1
فِعْلِلَة,1
وَالفَّعاَلِل,1
فُعْلَانِي,1
يَتَفَعْلَل,1
فَفَعاَل,1
مُفْتَسْعِل,1
فُعلُلَة,1
فِيعِيل,1
وَالفِّعْل,1
بِالفَّاعِلَة,1
فَفَاعَل,1
تَفَاعَلَت,1
لَفَعْلَى,1
وَالفَّعَلَة,1
أَفِعْلَاء,1
سَنَفُعْل,1
لَفِعْلِلَة,1
لِلفَّيَاعِيل,1
لِلفَّيْعَال,1
الْمَفْعَل,1
وَالفُّعَلَاء,1
فَيَفْعَلُو,1
بِالفَّعَل,1
وَانفَعْل,1
وَانفَعْلَت,1
وَتَنفَعْل,1
وَفَاعْلُو,1
يَفَّعْلَق,1
افْعَأَلَّت,1
أَفَعِلُو,1
بِالفَّعَالَة,1
بِالفُّعَلَاء,1
فَعِلتُّم,1
الأَفْعُل,1
فَتُفْعِلُو,1
فَيُفْعِلُو,1
لَيُفْعِلُن,1
أَتَفْعِل,1
وَلَنَفْعِلَن,1
فَأَفْعَال,1
تَفَعْلَى,1
لَيَفُعْل,1
لِيَفُعْلُو,1
يَفُعْلُن,1
بِفَعَلَة,1
فِعِّيلَة,1
فَأَفَّعَّل,1
لَنَفَّعَّلَن,1
وَالفِّعِّيل,1
وَالْمُفَّعِّل,1
يُفَعِّلُن,1
يَفْطَعِل,1
سَأَفْعِل,1
لَيَفْعِلُن,1
وَتَفْعَلُو,1
وَلْيَفْعَلُو,1
فَوَاعْل,1
وَالفَّاعْل,1
يُفَعَّلُو,1
وَالأَفَعْل,1
وَافْطَعَلْت,1
وَلِتُفْعَل,1
أَفَنَفْعِل,1
وَلْيَفْعِلْن,1
أَفْطَعْل,1
افْطُعِلْتُم,1
الْمُفْطَعْل,1
تُفَاعْلُو,1
مُفَاعْل,1
نَفْطَعْل,1
الْمُسْتَفْعَل,1
فَعُلُو,1
وَالفَّعَالِل,1
أَفَعْلَن,1
الْمُفِعْل,1
فَعاَلة,1
فَأَفَعْلُو,1
وَالفَّعاَل,1
وَلأُفِعْلَن,1
بِفَعِيلَت,1
أَنُفْعِل,1
يُفْعِلُن,1
لِلْمُفَعْلِف,1
أَفَّعَل,1
فَأَفَّعِل,1
فَافَّعَل,1
مُفَّعِل,1
وَالْمُفَعَّل,1
وَانفَعَل,1
وَلِلْمُفَعَّل,1
يَنفَعِل,1
افْعَلَل,1
افْعَلْلَنتُم,1
الْمُفْعَلِلَّة,1
لِيَفْعَلِل,1
مُفْعَلِلَّة,1
وَافْعَلَلُّو,1
أَفَتَفْعَل,1
فَافَّعَّلُو,1
فَنَفَعْل,1
فَيَفْعَلْن,1
كَالفُّعَل,1
لَفَعْلُو,1
وَفِعاَل,1
فَبِفُعْل,1
كَفُعُل,1
لَنَفُعْل,1
أَفَتَفْعُل,1
أَفَعِلْتُم,1
ءَافْعَل,1
أَفْعَلِي,1
فَفِعْلَت,1
لأَفَعْلُو,1
لِفِعْلَت,1
وَفَعْلَد,1
لأَفْعِل,1
مُفَعِّلُو,1
فَيَفْتَعِل,1
كَالْفُعْلُول,1
وَالْمُفْتَعْل,1
تُفْعِلَن,1
لِتُفْعِلُو,1
فَتَفْعِل,1
فَلَفَعَلْت,1
لِتَفَاعَلُو,1
وَلَتَفْعِلَن,1
يُفْعَلْن,1
وَفَعَّلْتُمُو,1
فَبِفِعْلَت,1
فَفَعْلَز,1
وَالْفُعْلَى,1
وَفَعْلَن,1
وَأَفْتَعِل,1
يَفْتَعِلُو,1
بِفِعَل,1
يَفْعِلُن,1
التَّفَعْلُف,1
فَلْيَسْتَفْعِل,1
وَلْيَسْتَفْعِل,1
يَسْتَفْعِلْن,1
فَفَاعَلْتُم,1
فَعَّلتُّم,1
كَالْمُفَعَّلَة,1
الْفُعَلَاؤ,1
تُفَعِّلَن,1
فَعَّلَن,1
فُعِّلْت,1
فَلَيَفْعَلَن,1
فَيَتَفَعَّل,1
لَتَفْعَل,1
لِلْفَاعِل,1
لِيَفْعَلُو,1
وَفَعَّلْتَن,1
وَفُعِّلْتُم,1
وَلِتَفْعَل,1
وَلِتَفْعَلُو,1
وَلِنُفَعِّل,1
وَلِيَفْعَلُو,1
وَالْفُعْلَة,1
لَفَعِلُّم,1
أَفِعل,1
وَالْمَفَاعِل,1
وَفَعَالِيب,1
فُعْلًى,1
بِالْمَفْعِلَة,1
بِمَفْعِلَة,1
سَأَسْتَفْعِل,1
لأَسْتَفْعِلَن,1
لَفَعَّال,1
لَمَفْعِلَة,1
وَالْمَفْعِلَة,1
وَالْمُسْتَفْعِل,1
وَتَفْعِلُو,1
وَيَسْتَفْعِلُو,1
فَفُعِلُو,1
لأَفْعِلَن,1
وَأَفْعاَل,1
الْفُعاَل,1
لِفُعاَل,1
الأَفْعِلَة,1
وَأَفْعِلَة,1
وَالْفُعَال,1
فُعِلتُم,1
لَيَفْعِل,1
فَتُفَعِّل,1
كَالْفُعَّال,1
كَالْفَعَّال,1
وَفُعَالَى,1
الْمَفَعْل,1
فَفِعْلُو,1
كَالْفَعَال,1
الْفَعِيلَة,1
مُتَفَعِّلَة,1
لَيَسْتَفِعْل,1
لَتُفْعِلُن,1
فَتَفْعَلُو,1
لَفَعِلْتُم,1
انفَعْلُو,1
لاَنفَعْلُو,1
يَنفَعْلُو,1
لِيَتَفَعَّلُو,1
وَيَفْعِلْن,1
تُفُعِّل,1
فَتُفُعِّل,1
فَلَفَاعَلُو,1
فَلْيُفَاعِل,1
فُوعِلُو,1
لِتَفْعُلَن,1
لِفِعَال,1
لِلْفِعَال,1
وَفُعِّلُو,1
يَفْعَتِل,1
وَفِعَّال,1
بِمِفْعَال,1
الْمُفَعَّلَة,1
افْعِلِي,1
فَافْعِلِي,1
لِيُفَعِّلُو,1
الْفِعَلَة,1
الْمُسْتَفَعْل,1
فَمُسْتَفَعْل,1
لِمُسْتَفَعْل,1
وَنُفِعْل,1
وَأَفْعَلْتُم,1
وَلِيَفْتَعِلُو,1
فَعْوَلَة,1
فِعْلِيس,1
مُفْتَعِلَة,1
كَالْفَعْل,1
فَلَنَفُعْلَن,1
يَنفَعْل,1
فَلأُفَعِّلَن,1
لْيَفْعَل,1
وَتَفَعَّلَت,1
يَفْعِيل,1
بِمَفْعَل,1
فَيَنفَعِلُو,1
لَمُنفَعِل,1
مُتَفَعَّل,1
الْفَعاَئِل,1
وَالْفَعاَئِل,1
وَيُفَعْلِل,1
وَالْفُعَّل,1
الْمُفَعلَلَة,1
بِفِعلَال,1
فِعلَال,1
فُعَّال,1
لِتُفَعِّلُو,1
لِلْمُتَفَعِّل,1
وَاسْتَفْعَلْت,1
وَفُعَلَاء,1
وَلِتُفَعِّلُو,1
فَفُعْلِلُو,1
فَسَأَفْعُل,1
لَفِعَال,1
لِلْفُعُل,1
وَبِالْفِعَال,1
وَتَفْعُلُو,1
الْفَوْعَل,1
لاَسْتَفْعَلْت,1
فَفَعَّلْت,1
وَالْمُفَعِّل,1
وَفَعَّلْتُم,1
فَفَعِلْتُمُو,1
افْتَعَلْن,1
أَفُعَّال,1
فَفَعَّالَت,1
فَاعُول,1
وَيَفُعْلُو,1
أَفْعِلْنِي,1
الْفَعاَلَة,1
وَبِفَعاَل,1
وَتُفَعِّل,1
وَفَعِلَة,1
وَلِتُفْعِلُو,1
الْفُعَّل,1
الفُعْلُل,1
فَفَعِلْت,1
فَلَعِل,1
وَفَلَعَل,1
وَفِيَلْعِلُو,1
فَلَعْلُو,1
وَتَفَعْل,1
أَنُفْعِلُكُمُو,1
بِأَفْعِلَة,1
وَفْيَتَلَعَّل,1
الْمَفْعُولَة,1
فَفَعْلَة,1
فِتَلْعِل,1
وَافْتَعْلَت,1
بِافأَلْعَال,1
وَلِيَتَفَعَّلُو,1
وَيَتَفَعَّلُو,1
التَّفَاعِيل,1
الْفَعُل,1
كَأَفْعَال,1
كَفِعْل,1
وَالْفَعُول,1
أَتُفِعْلُونَن,1
فُمَعْلَدَة,1
فُمِعْل,1
وَنَفُعْل,1
لافْعَلَت,1
وَافْعَلَة,1
لَتَفُعْل,1
فَتَفَعْل,1
لَيَفَعْلَن,1
وَلَيَفَعْلَن,1
لأَفْعَلْتُم,1
فُعْتَمْسِل,1
افْتَعلْت,1
لِلْفَعل,1
وَلَفُعِلْت,1
بِالْفَعاَئِلَة,1
فَلْيُفْعِل,1
وَلْيُفْعِل,1
فَمْعُولَة,1
وَفَعَّلت,1
أَؤُفَعِّل,1
أَفَأُفَعِّل,1
سَأُفَعِّل,1
فَلَفُنَعِّلَن,1
لَتُفَعَّلُن,1
لَتُفَعِّلَن,1
أَفعَلَت,1
وَأَفعَلَت,1
فَافعِل,1
فَافتَعَلَت,1
لَفُعِل,1
لَيُفعَلَن,1
يَفعُول,1
يَفَاعِيل,1
وَبِالفَّعْل,1
فَأَفعَلْت,1
فَأَفعِل,1
لأُفعِل,1
وَلِتُفعِل,1
وَلِيُفعَلُو,1
وَلِيُفعِلُو,1
فَتَفَاعَلُو,1
وَتَفعِل,1
وَتَفَاعَلْتُم,1
وَلَتَفَاعَلْتُم,1
يُفَاعِلُن,1
أَءُفعِل,1
أَفعَلْتُمُو,1
سَأُفعِل,1
فَفُعُل,1
لَتَفعِيل,1
فَتَنَعَّل,1
وَأُفعِل,1
وَفُنَعِّل,1
مِفعَلَت,1
فَيَفعَل,1
فَعْتَنسِل,1
فَنعَل,1
إِفعَال,1
وَفُنعِل,1
بِمُفعَل,1
فُنعِل,1
فَافعَل,1
اسْتَفعَل,1
افعَلَفُو,1
فَافتَعِل,1
لاَفتَعَل,1
لَفَنعُلَن,1
لَفَنعُل,1
لَيَفعُلَن,1
فَعْلَانِي,1
وَافتَعَلُو,1
وَلَتَفعُلُن,1
وَلَيَفعُلَن,1
فَعَّالَت,1
وَالفَّعِيلَة,1
مَفعِل,1
افتَعِلُو,1
سَفَنعُل,1
فَفَاعِلَة,1
فَفَعِلَة,1
فَيَفعُل,1
لِفَنعُل,1
وَافتَعِل,1
وَافتَعِلُو,1
وَلْتَفعُل,1
أَفَبِفِعْلَة,1
فَفِعِل,1
وَبِفِعْلَة,1
وَبِفِعْلَت,1
فَأَفعُل,1
فَتَفعُل,1
لِيَفعِلُو,1
مُسْتَفعِلَة,1
الْمُتَفَاعِل,1
فَلْيَتَفَاعَل,1
فَتَفعَل,1
الإِفعَال,1
فَأَفعِلُو,1
فَسَيُفعِل,1
فَلْيُفعِل,1
لِتُفعِلُو,1
وَالْمُفعِل,1
وَيُفعِلُو,1
يَسْتَفعِلُو,1
الفَّاعُول,1
فَيَفتَعِل,1
يَفعِلْن,1
بِالْمُفعَل,1
مُفعِلَة,1
وَفَعَالِل,1
الأَفَاعِل,1
وَمِفْعَال,1
فَافْعَال,1
فَتُفَاعِلُو,1
فَاعَلْن,1
لَفُعِّلَت,1
وَيُسْتَفْعَل,1
وَأَفُعْل,1
كَفَعِيل,1
أَتُفْعِل,1
أَفَتُفْعِل,1
التَّفْعُلَة,1
لِمَفْعِل,1
الأَفِعْلَة,1
مُنْفَعِل,1
لَفَعْلَت,1
