wazn_plain,voweled_variants,rows,tokens,examples
فعلم,فَعلُم | فَعَلَّم | فَعِلُم | فَعِلُّم | فِعْلَم | فِعْلُم | كَفَعِلُم | لفَعلُم | لَفَعِلُّم | وَفَعلُم | وَفَعِلُم,17,181,ءنت+أَنتُم | ءنت+أَنتُمَا | ءنت+أَنتُمُ | ءنت+لأَنتُم | ءنت+وَأَنتُم
ففعل,فَفَعل | فَفَعَل | فَفَعُل | فَفَعِل | فَفَعَّل | فَفَعِّل | فَفَعْل | فَفُعُل | فَفُعِل | فَفُعْل | فَفِعل | فَفِعِل | فَفِعْل | فَفْعَل,69,117,ءجر+فَأَجِرْهُ | ءجر+فَأَجْرُهُ | ءخذ+فَأَخَذَهُ | ءخذ+فَأَخَذَهُم | ءخذ+فَأَخَذَهُمُ
فعنل,بِفَعَنَّل | فَعَنَّل | لِفَعَنَّل,4,77,جهم+بِجَهَنَّمَ | جهم+جَهَنَّمَ | جهم+جَهَنَّمُ | جهم+لِجَهَنَّمَ
كفعل,وَكَفَعِل,1,38,ذلك+وَكَذَلِكَ
فعالت,بِفِعَالَت | فَعاَلَت | فَعَالَت | فَعَّالَت | فِعَالَت,17,26,ءمن+أَمَانَتَهُ | بضع+بِضَاعَتَهُم | بضع+بِضَاعَتُنَا | تجر+تِجَارَتُهُم | جمل+جِمَالَتٌ
فبعل,فِبَعَل | فِبَعْل | فِبُعْل,7,20,بدر+بِبَدْرٍ | بدن+بِبَدَنِكَ | بطن+بِبَطْنِ | بعض+بِبَعْضٍ | بعض+بِبَعْضِ
فياعيل,الفَّيَاعِيل | فَيَاعِيل | لِلفَّيَاعِيل | وَالفَّيَاعِيل,7,18,شطن+الشَّيَاطِينَ | شطن+الشَّيَاطِينُ | شطن+الشَّيَاطِينِ | شطن+شَيَاطِينَ | شطن+شَيَاطِينِهِم
فعليت,فُعْلِيَّت | وَفُعْلِيَّت,9,17,ذرر+ذُرِّيَّتَهُ | ذرر+ذُرِّيَّتَهُم | ذرر+ذُرِّيَّتُهُم | ذرر+ذُرِّيَّتِنَا | ذرر+ذُرِّيَّتِهِ
ففاعل,فَفَأَعل | فَفَأَعِل | فَفَاعَل | فَفَاعِل,6,14,ءمن+أَفَأَمِنَ | ءنت+أَفَأَنتَ | شرب+فَشَارِبُونَ | قتل+فَقَاتِل | قتل+فَقَاتِلاَ
يافعل,يَافَعْل,2,14,ءرض+يَاأَرْضُ | ءهل+يَاأَهْلَ
فتعل,فَتَّعِل | فَتْعَل | فَتْعُل,7,14,تبع+تَتَّبِع | تبع+تَتَّبِعَ | تبع+تَتَّبِعَانِّ | تبع+تَتَّبِعُونَ | تبع+تَتَّبِعِ
فنعل,فَنعَل | فَنعُل | فُنعِل | فُنَعِّل | لَفَنعُل | لِفَنعُل | وَفُنعِل | وَفُنَعِّل,12,13,نزل+نُنَزِّل | نزل+نُنَزِّلُ | نزل+نُنَزِّلُهُ | نزل+وَنُنَزِّلُ | نسخ+نَنسَخ
يافاعل,وَيَافَاعَل | يَافَاعَل | يَافَاعِل,6,11,ءدم+وَيَاءَادَمُ | ءدم+يَاءَادَمُ | سمر+يَاسَامِرِيُّ | صحب+يَاصَاحِبَيِ | صلح+يَاصَالِحُ
فتعلو,فَتَّعِلُو | فُتْعَلُو | وَفْتَعِلُو,4,11,ءمر+وَأْتَمِرُوا | تبع+تَتَّبِعُوا | تبع+تَتَّبِعُونَا | ترك+تُتْرَكُوا
مفعيل,الْمِفْعِيل | مِفْعِيل | وَالْمِفْعِيل,6,11,سكن+الْمِسْكِينَ | سكن+الْمِسْكِينِ | سكن+مِسْكِينًا | سكن+مِسْكِينٌ | سكن+مِسْكِينٍ
فعيلت,بِفَعِيلَت | فَعِيلَت | وَفَعِيلَت,8,10,خطء+خَطِيئَتُهُ | خطء+خَطِيئَتِي | سكن+سَكِينَتَهُ | طرق+بِطَرِيقَتِكُمُ | عشر+عَشِيرَتَكَ
فلفعل,فَلفُعْل | فَلَفِعْل | فَلِفَعِل | فَلِفَعْل,5,9,ءمم+فَلأُمِّهِ | بءس+فَلَبِئْسَ | ذلك+فَلِذَلِكَ | نعم+فَلَنِعْمَ | نفس+فَلِنَفْسِهِ
فالباعل,فِالْبَاعِل,1,9,بطل+بِالْبَاطِلِ
فعالية,الفَّعَالِيَة | فَعَالِيَة | وَفَعاَلِيَة | وَفَعَالِيَة,5,9,ثمن+ثَمَانِيَةٌ | ثمن+ثَمَانِيَةَ | ثمن+وَثَمَانِيَةَ | زبن+الزَّبَانِيَةَ | علن+وَعَلاَنِيَةً
ايفعل,أَيَفْعَل | أَيُفِعْل | أَيُفْعِل,6,9,حبب+أَيُحِبُّ | حسب+أَيَحْسَبُ | حسب+أَيَحْسَبُونَ | شرك+أَيُشْرِكُونَ | طمع+أَيَطْمَعُ
فاعلم,فَأَعلُم,1,7,ءنت+ءَأَنتُم
فمعول,فَمْعُول,4,7,مدد+مَمْدُودًا | مدد+مَمْدُودٍ | ملك+مَمْلُوكًا | منن+مَمْنُونٍ
فمعل,فُمَعَّل | فُمِعْل | فُمْعِل,6,7,مدد+مُمِدُّكُم | مرد+مُمَرَّدٌ | مزق+مُمَزَّقٍ | مسك+مُمْسِكَ | مسك+مُمْسِكَاتُ
فالفاعل,فَالفَّاعِل | فَالْفَاعِل,6,6,حمل+فَالْحَامِلاَتِ | زجر+فَالزَّاجِرَاتِ | سبق+فَالسَّابِقَاتِ | صلح+فَالصَّالِحَاتُ | عصف+فَالْعَاصِفَاتِ
فءعلة,فَئِعْلَة,2,5,ءمم+أَئِمَّةً | ءمم+أَئِمَّةَ
ففعلم,فَفَعلُم | فَفَعَلَّم | فَفَعِلُم,3,5,ءنت+فَأَنتُم | ذلك+فَذَلِكُمُ | كأن+فَكَأَنَّمَا
فالبعل,فِالْبَعَل | فِالْبُعْل | فِالْبِعْل,3,5,بخل+بِالْبُخْلِ | برر+بِالْبِرِّ | بصر+بِالْبَصَرِ
مفعلو,مُفَعِّلُو | مُفْعَلُو | مُفْعِلُو,4,5,ترف+مُتْرَفُوهَا | عذب+مُعَذِّبُوهَا | هلك+مُهْلِكُوا | هلك+مُهْلِكُوهَا
ففعال,فَفَعاَل | فَفَعَال | فَفِعَال,4,5,رجل+فَرِجَالاً | رهن+فَرِهَانٌ | سلم+فَسَلاَمٌ | متع+فَمَتَاعُ
فعاءلت,وَفَعاَئِلَت,3,5,ملك+وَمَلاَئِكَتَهُ | ملك+وَمَلاَئِكَتُهُ | ملك+وَمَلاَئِكَتِهِ
فبفعل,فَبِفَعِل | فَبِفُعْل | فَبِفِعْل,3,4,ءذن+فَبِإِذْنِ | ذلك+فَبِذَلِكَ | ظلم+فَبِظُلْمٍ
هافعلم,هَافَعلُم,1,4,ءنت+هَاأَنتُم
فعولت,فُعُولَت | لِفُعُولَت | وَفُعُولَت,3,4,بعل+بُعُولَتِهِنَّ | بعل+لِبُعُولَتِهِنَّ | بعل+وَبُعُولَتُهُنَّ
فاعلية,الْفَاعِلِيَّة,1,4,جهل+الْجَاهِلِيَّةِ
بالفعل,وَبِالفَّعْل | وَبِالفُّعُل | وَبِالْفَعْل,3,4,حقق+وَبِالْحَقِّ | زبر+وَبِالزُّبُرِ | نجم+وَبِالنَّجْمِ
فعللة,فَعْلَلَة | فُعلُلَة | فِعْلِلَة | لَفِعْلِلَة,4,4,زلزل+زَلْزَلَةَ | سلسل+سِلْسِلَةٍ | سنبل+سُنبُلَةٍ | شرذم+لَشِرْذِمَةٌ
ففعلة,فَفَعِلَة | فَفَعْلَة | فَفِعْلَة,3,4,عدد+فَعِدَّةٌ | لعن+فَلَعْنَةُ | نظر+فَنَظِرَةٌ
فعلوت,فَعَلُوت,3,4,ملك+مَلَكُوتَ | ملك+مَلَكُوتُ | ملك+مَلَكُوتِ
فعلس,فَعْلَس | فُعْلِس,2,3,ءسس+أَسَّسَ | ءسس+أُسِّسَ
فنءعل,فَنُؤْعِل,1,3,ءمن+أَنُؤْمِنُ
فوعل,الْفَوْعَل | فُوعِل,3,3,برك+بُورِكَ | عقب+عُوقِبَ | كثر+الْكَوْثَرَ
فباعل,فِبَاعِل | فِبَاعِلِي,3,3,بسط+بِبَاسِطٍ | بلغ+بِبَالِغِهِ | بلغ+بِبَالِغِيهِ
فتعيل,فَتْعِيل,2,3,تبب+تَتْبِيبٍ | تبر+تَتْبِيرًا
يافعال,يَافِعَال,2,3,جبل+يَاجِبَالُ | نسء+يَانِسَاءَ
بفعل,وَبِفَعِل | وَبِفَعْل,3,3,ذلك+وَبِذَلِكَ | صدد+وَبِصَدِّهِم | عهد+وَبِعَهْدِ
ءافعل,ءَأَفْعُل | ءَافْعَل,3,3,سجد+ءَأَسْجُدُ | شكر+ءَأَشْكُرُ | عجم+ءَاعْجَمِيٌّ
ءافعلتم,ءَأَفْعَلْتُم,3,3,سلم+ءَأَسْلَمْتُم | شفق+ءَأَشْفَقْتُم | قرر+ءَأَقْرَرْتُم
مفعللة,الْمُفَعلَلَة | الْمُفْعَلِلَّة | مُفْعَلِلَّة,3,3,طمءن+الْمُطْمَئِنَّةُ | طمءن+مُطْمَئِنَّةً | قنطر+الْمُقَنطَرَةِ
مفعلت,مَفْعِلَت | مِفعَلَت,2,3,عذر+مَعْذِرَتُهُم | نسء+مِنسَأَتَهُ
يامفعل,يَامَفْعَل,1,3,عشر+يَامَعْشَرَ
فنعلن,لَفَنعُلَن | لَفَنعِلَن,3,3,نزع+لَنَنزِعَنَّ | نسف+لَنَنسِفَنَّهُ | نصر+لَنَنصُرَنَّكُم
فتاعل,فَتَأْعُل,2,2,ءخذ+أَتَأْخُذُونَهُ | ءمر+أَتَأْمُرُونَ
فتءتعل,فَتَءْتَعِل,2,2,ءخذ+أَتَتَّخِذُ | ءخذ+أَتَتَّخِذُنَا
فءتعلن,فَءْتَعَلْن | لفَءْتَعِلَن,2,2,ءخذ+أَتَّخَذْنَاهُم | ءخذ+لأَتَّخِذَنَّ
فءتعل,فَءْتَعِل,2,2,ءخذ+أَتَّخِذ | ءخذ+أَتَّخِذُ
لفعلة,وَلَلفَعِلَة,1,2,ءخر+وَلَلأَخِرَةُ
بفعال,لَبِفِعَال | وَبِفَعاَل,2,2,ءمم+لَبِإِمَامٍ | كلم+وَبِكَلاَمِي
فعاءكل,فِعَاءَكُل | وَفِعَائِكُل,2,2,ءمم+وَإِمَائِكُم | دمم+دِمَاءَكُم
فالبعلاء,فِالْبَعْلَاء,1,2,بءس+بِالْبَأْسَاءِ
فالبعلى,فِالْبُعْلَى,1,2,بشر+بِالْبُشْرَى
فمبعول,فِمَبْعُول,1,2,بعث+بِمَبْعُوثِينَ
فبعيل,فِبَعِيل,1,2,بعد+بِبَعِيدٍ
ياافعيل,يَاإِفْعِيل,1,2,بلس+يَاإِبْلِيسُ
مفتاعل,مُفَتَاعِل,1,2,تبع+مُتَتَابِعَيْنِ
فعاليب,فَعاَلِيب | وَفَعَالِيب,2,2,جلب+جَلاَبِيبِهِنَّ | غرب+وَغَرَابِيبُ
فالفعل,فَالْفَعْل | فَالْفُعْل,2,2,حقق+فَالْحَقُّ | حكم+فَالْحُكْمُ
فالمفعل,فَالْمُفَعِّل,2,2,دبر+فَالْمُدَبِّرَاتِ | قسم+فَالْمُقَسِّمَاتِ
سنستفعل,سَنَسْتَفْعِل,1,2,درج+سَنَسْتَدْرِجُهُم
ءالفعل,ءَالفَّعَل,1,2,ذكر+ءَالذَّكَرَيْنِ
فعللير,فَعْلَلِير,2,2,زمهر+زَمْهَرِيرًا | قمطر+قَمْطَرِيرًا
اوفعلتم,أَوَفَعِلْتُم,1,2,عجب+أَوَعَجِبْتُم
فوعلتم,فُوعِلْتُم,2,2,عقب+عُوقِبْتُم | قتل+قُوتِلْتُم
فعللوت,الْفَعلَلُوت,1,2,عنكب+الْعَنكَبُوتِ
ففعيل,فَفَعِيل,2,2,فرق+فَفَرِيقًا | قلل+فَقَلِيلاً
فعلاس,بِالْفِعْلَاس,1,2,قسط+بِالْقِسْطَاسِ
فعلياء,الْفِعْلِيَاء,1,2,كبر+الْكِبْرِيَاءُ
فلعل,فَلَعِل | وَفَلَعَل,2,2,لبث+لَلَبِثَ | لبس+وَلَلَبَسْنَا
فستمعل,فُسْتَمِعْل,2,2,مرر+مُسْتَمِرٌّ | مرر+مُسْتَمِرٍّ
اءفعل,أَءُفعِل | أَؤُفَعِّل,2,2,نبء+أَؤُنَبِّئُكُم | نزل+أَءُنزِلَ
ففنعل,فَفُنَعِّل,2,2,نبء+فَنُنَبِّئُكُم | نبء+فَنُنَبِّئُهُم
ءافعلت,ءَأَفعَلْت,1,2,نذر+ءَأَنذَرْتَهُم
فعابيل,فَعَابِيل,1,1,ءبل+أَبَابِيلَ
فاءتعل,فَأَءْتَعِل,1,1,ءخذ+ءَأَتَّخِذُ
فءتعلتم,فَءْتَعَلْتُم,1,1,ءخذ+أَتَّخَذْتُم
ففاءتعلتم,فَفَاءْتَعَلْتُم,1,1,ءخذ+أَفَاتَّخَذْتُم
ففتءتعل,فَفَتَءْتَعِل,1,1,ءخذ+أَفَتَتَّخِذُونَهُ
فتعلت,لَفْتَعَلْت,1,1,ءخذ+لَتَّخَذْتَ
بالفعلة,وَبِالفَعِلَة,1,1,ءخر+وَبِالأَخِرَةِ
فليستفعلو,فَلْيَسْتَفْعِلُو,1,1,ءذن+فَلْيَسْتَئْذِنُوا
لفعل,وَلِلفَعْل,1,1,ءرض+وَلِلأَرْضِ
يافعلى,يَافَعَلَى,1,1,ءسف+يَاأَسَفَى
فءعل,فَئِعْل,1,1,ءفك+أَئِفْكًا
فياعل,فَيَأْعُل,1,1,ءمر+أَيَأْمُرُكُم
يبنفعل,يَبْنَفُعْل,1,1,ءمم+يَبْنَؤُمَّ
ففتءعل,فَفَتُؤْعِل,1,1,ءمن+أَفَتُؤْمِنُونَ
ففاعلم,فَفَأَعلُم,1,1,ءنت+أَفَأَنتُم
اتستفعل,أَتَسْتَفْعِل,1,1,بدل+أَتَسْتَبْدِلُونَ
مفعولت,مَفْعُولَت,1,1,بسط+مَبْسُوطَتَانِ
فابعال,فِأَبْعَال,1,1,بصر+بِأَبْصَارِهِم
فالابعال,فِالأَبْعَال,1,1,بصر+بِالأَبْصَارِ
فبعالة,فِبِعَالَة,1,1,بضع+بِبِضَاعَةٍ
فبعلة,فِبَعْلَة,1,1,بكك+بِبَكَّةَ
فتعلن,فَتَّعِلَن,1,1,تبع+تَتَّبِعَنِ
فعلاج,فَعْلَاج,1,1,ثجج+ثَجَّاجًا
فعلب,فَعْلَب,1,1,حبب+حَبَّبَ
مفعلر,مُفَعْلَر,1,1,حرر+مُحَرَّرًا
يافعلة,يَافَعْلَة,1,1,حسر+يَاحَسْرَةً
يافعلت,يَافَعْلَت,1,1,حسر+يَاحَسْرَتَنَا
يافعلتى,يَافَعْلَتَى,1,1,حسر+يَاحَسْرَتَى
فعلف,فَعْلَف,1,1,خفف+خَفَّفَ
ففعلل,فَفَعْلَل,1,1,دمدم+فَدَمْدَمَ
مفعالت,مُفْعَالَّت,1,1,دهم+مُدْهَامَّتَانِ
فكفعل,فَكَفَعِل,1,1,ذلك+فَكَذَلِكَ
ءافعال,ءَأَفْعَال,1,1,ربب+ءَأَرْبَابٌ
لفعال,وَلِلفِّعَال,1,1,رجل+وَلِلرِّجَالِ
بالمفعال,لَبِالْمِفْعَال,1,1,رصد+لَبِالْمِرْصَادِ
فعلانية,وَفَعْلَانِيَّة,1,1,رهب+وَرَهْبَانِيَّةً
مفدعل,مُفْدَعَل,1,1,زجر+مُزْدَجَرٌ
بفعيل,لَبِفَعِيل,1,1,سبل+لَبِسَبِيلٍ
بالافعال,وَبِالأَفْعَال,1,1,سحر+وَبِالأَسْحَارِ
مفتعيل,مُفْتَعِيل,1,1,سطر+مُسْتَطِيرًا
مفتسعل,مُفْتَسْعِل,1,1,سلم+مُسْتَسْلِمُونَ
فيعيل,فِيعِيل,1,1,سنن+سِينِينَ
مفطعل,الْمُفْطَعْل,1,1,ضرر+الْمُضْطَرَّ
مفعلف,لِلْمُفَعْلِف,1,1,طفف+لِلْمُطَفِّفِينَ
لمفعل,وَلِلْمُفَعَّل,1,1,طلق+وَلِلْمُطَلَّقَاتِ
فعلد,وَفَعْلَد,1,1,عدد+وَعَدَّدَهُ
ففعلز,فَفَعْلَز,1,1,عزز+فَعَزَّزْنَا
فليستفعل,فَلْيَسْتَفْعِل,1,1,عفف+فَلْيَسْتَعْفِف
ساستفعل,سَأَسْتَفْعِل,1,1,غفر+سَأَسْتَغْفِرُ
فلفاعلو,فَلَفَاعَلُو,1,1,قتل+فَلَقَاتَلُوكُم
فوعلو,فُوعِلُو,1,1,قتل+قُوتِلُوا
فمستفعل,فَمُسْتَفَعْل,1,1,قرر+فَمُسْتَقَرٌّ
فعليس,فِعْلِيس,1,1,قسس+قِسِّيسِينَ
بالفعال,وَبِالْفِعَال,1,1,كتب+وَبِالْكِتَابِ
ففعالت,فَفَعَّالَت,1,1,كفر+فَكَفَّارَتُهُ
فيلعلو,وَفِيَلْعِلُو,1,1,لبس+وَلِيَلْبِسُوا
فلعلو,فَلَعْلُو,1,1,لجج+لَلَجُّوا
فيتلعل,وَفْيَتَلَعَّل,1,1,لطف+وَلْيَتَلَطَّف
فتلعل,فِتَلْعِل,1,1,لفت+لِتَلْفِتَنَا
فمعلدة,فُمَعْلَدَة,1,1,مدد+مُمَدَّدَةٍ
فعتمسل,فُعْتَمْسِل,1,1,مسك+مُسْتَمْسِكُونَ
فمعولة,فَمْعُولَة,1,1,منع+مَمْنُوعَةٍ
فلفنعلن,فَلَفُنَعِّلَن,1,1,نبء+فَلَنُنَبِّئَنَّ
فتنعل,فَتَنَعَّل,1,1,نزل+نَتَنَزَّلُ
فعتنسل,فَعْتَنسِل,1,1,نسخ+نَسْتَنسِخُ
سفنعل,سَفَنعُل,1,1,نظر+سَنَنظُرُ
ففاعلة,فَفَاعِلَة,1,1,نظر+فَنَاظِرَةٌ
بفعلة,وَبِفِعْلَة,1,1,نعم+وَبِنِعْمَةِ
فليتفاعل,فَلْيَتَفَاعَل,1,1,نفس+فَلْيَتَنَافَسِ
