wazn_plain,voweled_variants,sources,babs,morph_types,token_count,row_count,examples
فعل,أَلِفَعْل | الفَعَل | الفَعِل | الفَعْل | الفُعلَي | الفُعَل | الفُعُل | الفُعْل | الفِعل | الفِعِل | الفِعْل | الفَّعل | الفَّعَل | الفَّعُل | الفَّعْل | الفُّعُل | الفُّعْل | الفِّعِل | الفِّعْل | الْفَعل | الْفَعَل | الْفَعُل | الْفَعِل | الْفَعْل | الْفُعَل | الْفُعُل | الْفُعَّل | الْفُعْل | الْفُعْلَي | الْفِعل | الْفِعَل | الْفِعْل | بِالفَعل | بِالفُعُل | بِالفِعْل | بِالفَّعَل | بِالفَّعْل | بِالفُّعُل | بِالفُّعْل | بِالفِّعْل | بِالْفَعل | بِالْفَعَل | بِالْفَعْل | بِالْفُعَّل | بِالْفُعْل | بِالْفِعْل | بِفَعل | بِفَعَل | بِفَعِل | بِفَعِلِي | بِفَعْل | بِفُعُل | بِفُعْل | بِفِعَل | بِفِعْل | فعل | فَعل | فَعَل | فَعَلَ | فَعَلِي | فَعُل | فَعُلَ | فَعِل | فَعِلَ | فَعِلَي | فَعَّل | فَعِّل | فَعْل | فَعْلَي | فَعْلِي | فُعل | فُعَل | فُعَّل | فُعُل | فُعُلَي | فُعِل | فُعَّل | فُعِّل | فُعْل | فُعْلَه | فُعْلِي | فِعل | فِعلِي | فِعَل | فِعِل | فِعْل | فِعْلَي | فِعْلِي | كَالفُّعَل | كَالْفَعْل | كَالْفُعْل | كَالْفِعْل | كَفَعَل | كَفَعِل | كَفَعْل | كَفُعُل | كَفُعْل | كَفِعْل | لفَعل | لفَعَل | لفَعِل | لفَعْل | لفُعْل | لفِعْل | لَفَعَل | لَفَعِل | لَفَعَّل | لَفَعْل | لَفُعِل | لَفُعْل | لَفِعْل | لَلْفَعْل | لِفَعل | لِفَعَل | لِفَعُل | لِفَعِل | لِفَعْل | لِفُعْل | لِفِعْل | لِلفَعِل | لِلفِعل | لِلفَّعْل | لِلفُّعْل | لِلْفَعل | لِلْفَعَل | لِلْفَعِل | لِلْفَعْل | لِلْفُعُل | وَالفَعل | وَالفَعِل | وَالفَعْل | وَالفُعُل | وَالفُعْل | وَالفِعل | وَالفِعْل | وَالفَّعَل | وَالفَّعْل | وَالفُّعُل | وَالفُّعَّل | وَالفُّعْل | وَالفِّعْل | وَالْفَعَل | وَالْفَعْل | وَالْفُعُل | وَالْفُعَّل | وَالْفُعْل | وَالْفِعْل | وَفَعل | وَفَعلِي | وَفَعَل | وَفَعُل | وَفَعِل | وَفَعَّل | وَفَعِّل | وَفَعْل | وَفَعْلِي | وَفُعَل | وَفُعُل | وَفُعِل | وَفُعِّل | وَفُعْل | وَفُعْلَه | وَفُعْلِي | وَفِعل | وَفِعَل | وَفِعْل | وَفْعُل | وَلفَعْل | وَلَفِعْل | وَلِفَعْل,canonical_table | mishkat_extracted | user_extensions,verb_form_I | الصفة المشبهة | المصدر الأصلي | جمع تكسير | شاذ | صيغة مبالغة,noun | verb,8856,2467,(curated)+حَذِر | (curated)+سَهْل | (curated)+حَسَن | (curated)+جُنُب | (curated)+حَذِر
فعيل,الفَعِيل | الفَّعِيل | الفِّعِّيل | الْفَعِيل | بِفَعِيل | فَعِيل | فُعَيْل | فِعِّيل | كَالفَّعِيل | كَفَعِيل | لَفَعِيل | لِفَعِيل | لِلْفَعِيل | وَالفَّعِيل | وَالفِّعِّيل | وَالْفَعِيل | وَفَعِيل,canonical_table | mishkat_extracted,التصغير | الصفة المشبهة | المصدر الأصلي | صيغة مبالغة,noun,2016,391,(curated)+كَرِيم | (curated)+عَلِيم | (curated)+صِدِّيق | (curated)+كُتَيِّب | (curated)+رَحِيل
يفعل,لَيَفُعْل | لَيَفْعَل | لَيَفْعُل | لَيَفْعِل | لَيُفِعْل | لَيُفْعِل | لِيَفْعَل | لِيَفْعُل | لِيَفْعِل | لِيُفعِل | لِيُفَعِّل | لِيُفِعْل | لِيُفْعَل | لِيُفْعِل | لْيَفْعَل | وَلِيَفْعَل | وَلِيَفْعِل | وَلِيُفَعِّل | وَلِيُفِعْل | وَلْيَفْعُل | وَلْيُفْعِل | وَيَفعُل | وَيَفُعْل | وَيَفِعْل | وَيَفَّعِل | وَيَفْعَل | وَيَفْعُل | وَيَفْعِل | وَيُفعِل | وَيُفَعِّل | وَيُفِعْل | وَيُفْعَل | وَيُفْعِل | وَيْفَعَل | يَفعَل | يَفعُل | يَفعِل | يَفَعْل | يَفُعْل | يَفِعِّل | يَفِعْل | يَفَّعِل | يَفَّعَّل | يَفْعَل | يَفْعَلُ | يَفْعُل | يَفْعُلُ | يَفْعِل | يَفْعِلُ | يُفعَل | يُفعِل | يُفَعَّل | يُفَعِّل | يُفَعْل | يُفِعْل | يُفْعَل | يُفْعِل | يُفْعِلُ,mishkat_extracted | user_extensions,verb_form_I | verb_form_IV,verb,1635,699,(curated)+يُكْرِمُ | (curated)+يَكْتُبُ | (curated)+يَنْصُرُ | (curated)+يَجْلِسُ | ءتل+يَأْتَلِ
فعال,الفَعَال | الفَّعاَل | الفَّعَال | الفَّعَّال | الفُّعَال | الفُّعَّال | الفِّعَال | الْفَعاَل | الْفَعاَّل | الْفَعَال | الْفَعَّال | الْفُعاَل | الْفُعَال | الْفُعَّال | الْفِعاَل | الْفِعَال | بِالفَّعَال | بِالْفَعَال | بِالْفِعَال | بِفَعاَل | بِفَعاَّل | بِفَعَال | بِفَعَالَي | بِفَعَّال | بِفُعاَل | بِفُعَال | بِفِعَال | فَعاَل | فَعاَّل | فَعَال | فَعَّال | فَعَّال | فُعاَل | فُعَال | فُعَّال | فُعَّال | فِعاَل | فِعَال | فِعَالَي | فِعَالِي | فِعَّال | كَالفِّعَال | كَالْفَعَال | كَالْفَعَّال | كَالْفُعَّال | كَالْفِعَال | كَفَعَال | لَفَعاَل | لَفَعَّال | لَفِعَال | لِفُعاَل | لِفِعَال | لِلفَعَال | لِلفِّعَال | لِلْفِعَال | وَالفَعَال | وَالفَّعاَل | وَالفَّعَال | وَالفُّعَّال | وَالْفَعَال | وَالْفُعَال | وَالْفِعَال | وَفَعاَل | وَفَعَال | وَفَعَّال | وَفُعاَل | وَفُعَال | وَفُعَّال | وَفِعاَل | وَفِعَال | وَفِعَّال,canonical_table | mishkat_extracted | user_extensions,اسم الآلة | جمع تكسير | شاذ | صيغة مبالغة,noun,1557,483,(curated)+غَفَّار | (curated)+خَلَّاط | (curated)+حِزَام | (curated)+جَرَّار | (curated)+قَطَّاع
فاعل,الفاَعِل | الفَّاعِل | الفَّاعْل | الْفَاعَل | الْفَاعِل | الْفَاعْل | بِالفَّاعِل | بِالْفَاعِل | بِفَاعِل | بِفَاعْل | فاَعِل | فاَّعِل | فَأَعل | فَاعَل | فَاعُل | فَاعِل | فَاعِلِي | فَاعْل | فِاعَل | كَفَاعِل | لَفَاعِل | لَفَاعْل | لِفَاعِل | لِلفَّاعِل | لِلْفَاعَل | لِلْفَاعِل | وَالفَّاعِل | وَالفَّاعْل | وَالْفَاعِل | وَالْفَاعْل | وَفَاعَل | وَفَاعِل | وَفَاعْل,canonical_table | mishkat_extracted,اسم الآلة | اسم الفاعل,noun | verb,1485,527,(curated)+كَاتِب | (curated)+طَابِع | ءثر+ءَاثَرَكَ | ءثر+وَءَاثَرَ | ءثم+ءَاثِمًا
افعل,أَفعَل | أَفعُل | أَفعِل | أَفَعَل | أَفَعِل | أَفَعْل | أَفُعْل | أَفِعل | أَفِعْل | أَفَّعَل | أَفَّعِل | أَفْعَل | أَفْعَلِي | أَفْعُل | أَفْعِل | أَفْعِلِي | أُفعِل | أُفَعِّل | أُفِعْل | أُفْعَل | أُفْعِل | أُفْعِلُ | افعُل | افَّعَل | افَّعِل | افْعَل | افْعُل | افْعِل | افْعِلِي | الأَفعُل | الأَفَعْل | الأَفْعَل | الأَفْعُل | بِأَفعُل | بِأَفْعَل | بِأَفْعُل | بِالأَفْعَل | لأَفعَل | لأَفعُل | لأَفُعْل | لأَفْعَل | لأَفْعُل | لأَفْعِل | لأُفعِل | وَأَفعَل | وَأَفعِل | وَأَفَعْل | وَأَفُعُل | وَأَفُعْل | وَأَفْعَل | وَأَفْعُل | وَأَفْعِل | وَأُفعِل | وَأُفَعِّل | وَأُفِعْل | وَأُفْعِل | وَافعُل | وَافَّعَل | وَافَّعِل | وَافْعَل | وَافْعُل | وَافْعِل | وَالأَفَعْل | وَالأَفْعَل | وَلأُفِعْل,canonical_table | mishkat_extracted | user_extensions,verb_form_IV | اسم التفضيل | الصفة المشبهة | جمع تكسير,verb,1357,484,(curated)+أَحْمَر | (curated)+أَكْبَر | (curated)+أَنْفُس | (curated)+أُكْرِمُ | ءذن+ائْذَن
تفعل,تَفعَل | تَفعُل | تَفعِل | تَفَعَّل | تَفَعُّل | تَفَعْل | تَفُعْل | تَفِعْل | تَفَّعِل | تَفْعَل | تَفْعُل | تَفْعِل | تُفعَل | تُفعِل | تُفَعَّل | تُفَعِّل | تُفَعْل | تُفُعِّل | تُفِعْل | تُفْعَل | تُفْعِل | تُفْعِلُ | لَتَفُعْل | لَتَفْعَل | لِتَفْعَل | لِتَفْعُل | لِتَفْعِل | لِتُفعِل | لِتُفَعِّل | لِتُفْعِل | وَتَفعِل | وَتَفَعَّل | وَتَفَعْل | وَتَفُعْل | وَتَفِعْل | وَتَفْعَل | وَتَفْعُل | وَتَفْعِل | وَتُفعِل | وَتُفَعِّل | وَتُفِعْل | وَتُفْعَل | وَتُفْعِل | وَلِتَفْعَل | وَلِتُفعِل | وَلِتُفْعَل | وَلْتَفعُل,canonical_table | mishkat_extracted | user_extensions,verb_form_IV | المصدر الأصلي,verb,894,394,(curated)+تَعَلُّم | (curated)+تُكْرِمُ | ءثر+تُؤْثِرُونَ | ءخذ+تَأْخُذ | ءخذ+تَأْخُذُهُ
فعلة,الفَعِلَة | الفَعْلَة | الفِعْلَة | الفَّعَلَة | الفَّعْلَة | الفُّعْلَة | الفِّعْلَة | الْفَعَلَة | الْفَعْلَة | الْفُعَلَة | الْفُعُلَة | الْفُعْلَة | الْفِعَلَة | الْفِعْلَة | بِالفَعِلَة | بِالْفَعَلَة | بِالْفَعْلَة | بِالْفُعْلَة | بِالْفِعْلَة | بِفَعَلَة | بِفَعِلَة | بِفَعْلَة | بِفِعْلَة | فَعَلَة | فَعِلَة | فَعْلَة | فُعَلَة | فُعْلَة | فِعَلَة | فِعْلَة | كَفَعَلَة | لَفَعْلَة | لَفِعْلَة | لَلفَعِلَة | لِفَعَلَة | لِفُعْلَة | وَالفَعِلَة | وَالفَّعَلَة | وَالْفُعْلَة | وَالْفِعِلَّة | وَالْفِعْلَة | وَفَعَلَة | وَفَعِلَة | وَفَعْلَة | وَفُعْلَة | وَفِعْلَة,canonical_table | mishkat_extracted | user_extensions,اسم المرّة | اسم الهيئة | الصفة المشبهة (feminine) | جمع تكسير | شاذ | صيغة مبالغة | صيغة مبالغة (feminine),noun,781,278,(curated)+حَذِرَة | (curated)+سَهْلَة | (curated)+حَسَنَة | (curated)+حَذِرَة | (curated)+هُمَزَة
فعول,الفُعُول | الفَّعُول | الفَّعُّول | الفُّعُول | الْفَعُول | الْفُعُول | الْفُعُّول | بِالْفُعُول | بِفَعُول | بِفُعُول | فَعُول | فَعُّول | فُعُول | لَفَعُول | لِفُعُول | وَالفُّعُول | وَالْفَعُول | وَالْفُعُول | وَفَعُول | وَفُعُول,canonical_table | mishkat_extracted | user_extensions,الصفة المشبهة | المصدر الأصلي | جمع تكسير | صيغة مبالغة,noun,708,254,(curated)+وَقُور | (curated)+شَكُور | (curated)+خُرُوج | (curated)+عُلُوم | ءجر+أُجُورَكُم
مفعل,الْمَفَعْل | الْمَفْعَل | الْمَفْعِل | الْمُفعَل | الْمُفعِل | الْمُفَعَّل | الْمُفَعِّل | الْمُفِعْل | الْمُفَّعِّل | الْمُفْعَل | الْمُفْعِل | بِالْمُفعَل | بِالْمُفْعِل | بِمَفْعَل | بِمُفعَل | بِمُفَعَّل | بِمُفْعَل | بِمُفْعِل | كَالْمُفْعِل | لَمَفْعِل | لَمُفْعَل | لَمُفْعِل | لِلْمُفَعَّل | لِلْمُفَعِّل | لِلْمُفْعِل | لِمَفْعِل | مَفعَل | مَفعِل | مَفَعْل | مَفِعْل | مَفْعَل | مَفْعِل | مُفعَل | مُفعِل | مُفَعَّل | مُفَعِّل | مُفِعْل | مُفَّعَل | مُفَّعِل | مُفْعَل | مُفْعَلِي | مُفْعِل | مُفْعِلِي | مِفْعَل | وَالْمَفْعِل | وَالْمُفعَل | وَالْمُفعِل | وَالْمُفَعَّل | وَالْمُفَعِّل | وَالْمُفَّعِّل | وَالْمُفْعَل | وَالْمُفْعِل | وَمُفعِل | وَمُفَعَّل | وَمُفَعِّل,canonical_table | mishkat_extracted,اسم الآلة | اسم الزمان | اسم الفاعل | اسم المفعول | اسم المكان | المصدر الميمي,noun,676,272,(curated)+مُكْرِم | (curated)+مُعَلِّم | (curated)+مُكْرَم | (curated)+مُعَلَّم | (curated)+مَوْعَد
فعلو,فَعَلُو | فَعُلُو | فَعِلُو | فَعَّلُو | فَعِّلُو | فَعْلُو | فُعِلُو | فُعِّلُو | فُعْلُو | لفَعَلُو | لَفَعْلُو | وَفَعَلُو | وَفَعِلُو | وَفَعَّلُو | وَفَعِّلُو | وَفَعْلُو | وَفُعِلُو | وَفُعِّلُو | وَفُعْلُو,mishkat_extracted,,noun | verb,660,160,ءخذ+أُخِذُوا | ءكل+لأَكَلُوا | ءمر+أُمِرُوا | ءمر+وَأَمَرُوا | ءهل+وَأَهْلُونَا
افعال,أَفعَال | أَفُعَّال | أَفْعاَل | أَفْعَال | إِفعَال | إِفْعاَل | إِفْعَال | افِّعَال | الأَفعَال | الأَفْعاَل | الأَفْعَال | الإِفعَال | الإِفْعاَل | الإِفْعَال | بِأَفْعَال | بِإِفْعَال | بِالأَفْعاَل | بِالأَفْعَال | كَأَفْعَال | كَالأَفْعاَل | كَالأَفْعَال | لأَفْعَال | لِلأَفْعَال | لِلإِفْعاَل | وَأَفْعاَل | وَأَفْعَال | وَإِفْعَال | وَالأَفعَال | وَالأَفْعاَل | وَالأَفْعَال | وَالإِفْعَال | وَلأَفْعَال,canonical_table | mishkat_extracted | user_extensions,المصدر الأصلي | جمع تكسير,verb,543,248,(curated)+إِكْرَام | (curated)+أَوْلَاد | برر+الأَبْرَارَ | برر+الأَبْرَارِ | برر+لِلأَبْرَارِ
فعلت,الْفَعْلَت | بِفَعْلَت | بِفَعْلَتَي | بِفِعْلَت | فَعَلت | فَعَلَت | فَعَلْت | فَعُلَت | فَعُلْت | فَعِلت | فَعِلَت | فَعِلْت | فَعَّلت | فَعَّلَت | فَعَّلْت | فَعْلَت | فُعِلت | فُعِلَت | فُعِلْت | فُعِّلَت | فُعِّلْت | فُعْلَت | فِعْلَت | لَفَعَلَت | لَفَعْلَت | لَفُعِّلَت | لِفُعْلَت | لِفِعْلَت | وَفَعَلَت | وَفَعَلْت | وَفَعِلَت | وَفَعِلْت | وَفَعَّلت | وَفَعَّلَت | وَفَعْلَت | وَفُعِلَت | وَفُعِلْت | وَفُعِّلَت | وَفُعْلَت | وَلَفُعِلْت,mishkat_extracted,,verb,477,271,ءجل+أَجَّلْتَ | ءجل+أُجِّلَت | ءخذ+أَخَذَتِ | ءخذ+أَخَذَتْهُ | ءخذ+أَخَذَتْهُمُ
فاعلو,فَاعَلُو | فَاعِلُو | فَاعْلُو | لَفَاعِلُو | وَفَاعَلُو | وَفَاعِلُو | وَفَاعْلُو,mishkat_extracted,,noun | verb,332,40,ءسف+ءَاسَفُونَا | ءمن+ءَامَنُوا | ءمن+ءَامِنُوا | بسط+بَاسِطُوا | بشر+بَاشِرُوهُنَّ
افعلو,أَفعَلُو | أَفعِلُو | أَفَعِلُو | أَفَعْلُو | أَفِعْلُو | أَفْعَلُو | أَفْعِلُو | أُفعِلُو | أُفْعِلُو | افعُلُو | افعِلُو | افَّعَلُو | افَّعِلُو | افُّعِلُو | افْعَلُو | افْعُلُو | افْعِلُو | لأَفَعْلُو | لاَّفَّعَلُو | وَأَفعَلُو | وَأَفعِلُو | وَأَفَعْلُو | وَأَفِعْلُو | وَأَفْعَلُو | وَأَفْعِلُو | وَأُفْعِلُو | وَافعُلُو | وَافَّعَلُو | وَافَّعِلُو | وَافْعَلُو | وَافْعُلُو | وَافْعِلُو,mishkat_extracted,,verb,304,132,برم+أَبْرَمُوا | بسل+أُبْسِلُوا | بشر+وَأَبْشِرُوا | بلغ+أَبْلَغُوا | تبع+اتَّبَعُوا
تفعلو,تَفعُلُو | تَفعِلُو | تَفَعَّلُو | تَفَعْلُو | تَفُعْلُو | تَفِعْلُو | تَفْعَلُو | تَفْعُلُو | تَفْعِلُو | تُفعِلُو | تُفَعِّلُو | تُفِعْلُو | تُفْعِلُو | لِتَفْعَلُو | لِتَفْعُلُو | لِتُفعِلُو | لِتُفَعِّلُو | لِتُفْعِلُو | وَتَفَعَّلُو | وَتَفْعَلُو | وَتَفْعُلُو | وَتَفْعِلُو | وَتُفَعِّلُو | وَتُفْعِلُو | وَلِتَفْعَلُو | وَلِتَفْعُلُو | وَلِتُفَعِّلُو | وَلِتُفْعِلُو,mishkat_extracted,,verb,242,138,ءخذ+تَأْخُذُوا | ءكل+تَأْكُلُوا | ءكل+تَأْكُلُوهَا | ءكل+لِتَأْكُلُوا | بخس+تَبْخَسُوا
فعلن,الفَّعْلَن | بِالفَّعْلَن | فَعَلَن | فَعَلْن | فَعِلَن | فَعِلْن | فَعَّلَن | فَعَّلْن | فَعْلَن | لَفَعَلْن | لِلفَّعْلَن | وَفَعَلَن | وَفَعَلْن | وَفَعِلْن | وَفَعَّلْن | وَفَعْلَن | وَلفَعُلَن,mishkat_extracted,,verb,220,97,ءخذ+أَخَذْنَاهُم | ءلت+أَلَتْنَاهُم | ءمر+وَلأَمُرَنَّهُم | بدل+بَدَّلْنَاهُم | بدل+وَبَدَّلْنَاهُم
مفعول,الْمَفعُول | الْمَفْعُول | بِالْمَفْعُول | بِمَفْعُول | لَمَفْعُول | مَفعُول | مَفْعُول | وَالْمَفْعُول,canonical_table | mishkat_extracted,اسم المفعول,noun,185,101,(curated)+مَكْتُوب | ءكل+مَأْكُولٍ | بثث+الْمَبْثُوثِ | بعث+لَمَبْعُوثُونَ | بعث+مَبْعُوثُونَ
نفعل,لَنَفُعْل | لَنَفْعَل | لِنَفْعَل | لِنَفْعِل | لِنُفَعِّل | لِنُفْعِل | نَفُعْل | نَفِعْل | نَفَّعِل | نَفْعَل | نَفْعُل | نَفْعِل | نُفَعِّل | نُفَعْل | نُفِعْل | نُفْعِل | نُفْعِلُ | وَلِنَفْعَل | وَلِنُفَعِّل | وَلْنَفْعِل | وَنَفُعْل | وَنَفَّعِل | وَنَفْعَل | وَنَفْعُل | وَنُفَعِّل | وَنُفَعْل | وَنُفِعْل | وَنُفْعِل,mishkat_extracted | user_extensions,verb_form_IV,verb,185,139,(curated)+نُكْرِمُ | ءثر+نُؤْثِرَكَ | ءخر+نُؤَخِّرُهُ | ءكل+نَأْكُلَ | بدل+نُبَدِّلَ
فعلم,فَعلُم | فَعَلَّم | فَعِلُم | فَعِلُّم | فِعْلَم | فِعْلُم | كَفَعِلُم | لفَعلُم | لَفَعِلُّم | وَفَعلُم | وَفَعِلُم,mishkat_extracted,,noun,181,17,ءنت+أَنتُم | ءنت+أَنتُمَا | ءنت+أَنتُمُ | ءنت+لأَنتُم | ءنت+وَأَنتُم
ففعل,فَفَعل | فَفَعَل | فَفَعُل | فَفَعِل | فَفَعَّل | فَفَعِّل | فَفَعْل | فَفُعُل | فَفُعِل | فَفُعْل | فَفِعل | فَفِعِل | فَفِعْل | فَفْعَل,mishkat_extracted,,noun | verb,174,113,ءجر+فَأَجِرْهُ | ءجر+فَأَجْرُهُ | ءخذ+فَأَخَذَهُ | ءخذ+فَأَخَذَهُم | ءخذ+فَأَخَذَهُمُ
فاعلة,الفَّاعِلَة | الفَّاعْلَة | الْفَاعِلَة | الْفَاعْلَة | بِالفَّاعِلَة | بِالْفَاعِلَة | بِفَاعِلَة | فَاعِلَة | فَاعْلَة | وَالفَّاعِلَة | وَالْفَاعِلَة | وَفَاعِلَة,canonical_table | mishkat_extracted,اسم الآلة (feminine) | اسم الفاعل (feminine),noun,159,82,(curated)+كَاتِبَة | (curated)+طَابِعَة | ءمن+ءَامِنَةً | برز+بَارِزَةً | بزغ+بَازِغَةً
فافعل,فَأَفعَل | فَأَفعُل | فَأَفعِل | فَأَفَعْل | فَأَفَّعِل | فَأَفَّعَّل | فَأَفْعَل | فَأَفْعُل | فَأَفْعِل | فَأُفَعِّل | فَافعَل | فَافعُل | فَافعِل | فَافَّعَل | فَافَّعِل | فَافْعَل | فَافْعُل | فَافْعِل | فَافْعِلِي,mishkat_extracted,,verb,143,79,تبع+فَأَتْبَعَ | تبع+فَأَتْبَعَهُ | تبع+فَأَتْبَعَهُم | تبع+فَأَتْبَعْنَا | تبع+فَاتَّبِع
فعلى,الفَعْلَى | الفُعلَى | الفُعْلَى | الفُّعْلَى | الفِّعْلَى | الْفَعْلَى | الْفُعْلَى | بِالفُعلَى | بِالْفُعْلَى | فَعْلَى | فُعلَى | فُعْلًى | فُعْلَى | فِعْلَى | كَالفُعلَى | لَفَعْلَى | لَفُعْلَى | لَلْفُعْلَى | وَالفُعلَى | وَالْفُعْلَى | وَفُعلَى | وَفُعْلَى,canonical_table | mishkat_extracted | user_extensions,اسم التفضيل (feminine) | الصفة المشبهة (feminine) | شاذ,noun,130,38,(curated)+عَطْشَى | (curated)+كُبْرَى | (curated)+كُبْرَى | (curated)+قَتْلَى | ءخر+أُخْرَى
افعلت,أَفعَلَت | أَفعَلْت | أَفَعَلْت | أَفَعْلَت | أَفْعَلت | أَفْعَلَت | أَفْعَلْت | أَفْعِلَت | أُفعِلَت | أُفِعْلَت | أُفْعِلَت | أُفْعِلْت | افَّعَلْت | افْعَلَت | بِأَفْعِلَت | لافْعَلَت | وَأَفعَلَت | وَأَفْعَلَت | وَأَفْعَلْت | وَأَفْعِلَت | وَأُفِعْلَت | وَأُفْعِلَت | وَافَّعَلَت | وَافَّعَلْت | وَافْعَلَت,mishkat_extracted,,verb,122,86,بلغ+أَبْلَغْتُكُم | تبع+اتَّبَعْتَ | تبع+وَاتَّبَعَتْهُم | تبع+وَاتَّبَعْتُ | تمم+أَتْمَمْتَ
فعلتم,فَعَلتُم | فَعَلتُّم | فَعَلْتُم | فَعِلتُم | فَعِلتُّم | فَعِلْتُم | فَعَّلتُّم | فَعَّلْتُم | فُعِلتُم | فُعِلْتُم | فُعِّلْتُم | لَفَعِلْتُم | وَفَعَلتُم | وَفَعَلْتُم | وَفَعَّلْتُم | وَفُعِّلْتُم,mishkat_extracted,,verb,117,68,ءخذ+أَخَذْتُم | ءمن+أَمِنتُم | بطش+بَطَشْتُم | ترك+تَرَكْتُم | ترك+وَتَرَكْتُم
مفاعل,الْمَفَاعِل | الْمُفَاعِل | مَفَاعِل | مُفَاعَل | مُفَاعِل | مُفَاعْل | وَالْمَفَاعِل | وَالْمُفَاعِل | وَمَفَاعِل,canonical_table | mishkat_extracted | user_extensions,اسم الفاعل | اسم المفعول | جمع تكسير,noun,117,60,(curated)+مُشَارِك | (curated)+مُشَارَك | (curated)+مَدَارِس | ءرب+مَئَارِبُ | برك+مُبَارَكًا
يفعلو,لِيَفعِلُو | لِيَفُعْلُو | لِيَفَّعَّلُو | لِيَفْعَلُو | لِيَفْعُلُو | لِيَفْعِلُو | لِيُفَعِّلُو | لِيُفِعْلُو | لِيُفْعِلُو | وَلِيَفْعَلُو | وَلِيَفْعُلُو | وَلِيُفعَلُو | وَلِيُفعِلُو | وَلِيُفَعِّلُو | وَلْيَفْعَلُو | وَيَفُعْلُو | وَيَفْعَلُو | وَيَفْعُلُو | وَيُفعِلُو | يَفعُلُو | يَفُعْلُو | يَفِعْلُو | يَفَّعِلُو | يَفَّعَّلُو | يَفْعَلُو | يَفْعُلُو | يَفْعِلُو | يُفَعَّلُو | يُفَعِّلُو | يُفِعْلُو | يُفْعَلُو | يُفْعِلُو,mishkat_extracted,,verb,115,86,ءكل+لِيَأْكُلُوا | بدل+يُبَدِّلُوا | بسط+وَيَبْسُطُوا | بسط+يَبْسُطُوا | بصر+يَبْصُرُوا
فعلاء,الفَّعْلَاء | الفُّعَلَاء | الفُّعَلَاؤ | الْفَعْلَاء | الْفُعَلَاء | الْفُعَلَاؤ | بِالفُّعَلَاء | بِالْفَعْلَاء | بِفُعَلَائ | فَعْلَاء | فُعَلَاء | فُعَلَاؤ | فُعَلَائ | لِفُعَلَائ | لِلْفُعَلَاء | وَالفَّعْلَاء | وَالفُّعَلَاء | وَالْفَعْلَاء | وَفُعَلَاء,canonical_table | mishkat_extracted | user_extensions,الصفة المشبهة (feminine) | جمع تكسير,noun,114,64,(curated)+حَمْرَاء | (curated)+عُلَمَاء | بءس+الْبَأْسَاءُ | بءس+الْبَأْسَاءِ | برء+بُرَءَاؤُا
افعلن,أَفعَلْن | أَفعِلْن | أَفَعْلَن | أَفْعَلَن | أَفْعَلْن | أَفْعِلْن | أَفْعِلْنِي | افعُلْن | افَّعَلَن | افْعَلْن | افْعُلْن | لأَفْعلَن | لأَفْعَلَن | لأَفْعُلَن | لأَفْعِلَن | لأُفَعِّلَن | لاَّفَّعَلْن | وَأَفْعَلْن | وَأَفْعِلْن | وَافْعَلْن | وَافْعُلْن | وَلأَفْعَلْن | وَلأُفَعِّلَن | وَلأُفِعْلَن | وَلأُفْعِلَن,mishkat_extracted,,verb,99,60,تبع+اتَّبَعَنِ | تبع+اتَّبَعَنِي | تبع+لاَّتَّبَعْنَاكُم | تبع+وَأَتْبَعْنَاهُم | ترف+وَأَتْرَفْنَاهُم
فيعال,الفَّيْعَال | بِفِيعَال | فَيْعَال | فِيعَال | لفِيعاَل | لِلفَّيْعَال,mishkat_extracted | user_extensions,شاذ,noun,96,19,(curated)+مِيعَاد | ءلف+لإِيلاَفِ | ءمن+إِيمَانًا | ءمن+إِيمَانَكُم | ءمن+إِيمَانَهُ
فافعلو,فَأَفعِلُو | فَأَفَعْلُو | فَأَفِعْلُو | فَأَفْعَلُو | فَأَفْعِلُو | فَأُفْعِلُو | فَافعُلُو | فَافعِلُو | فَافَّعَلُو | فَافَّعِلُو | فَافَّعَّلُو | فَافْعَلُو | فَافْعُلُو | فَافْعِلُو,mishkat_extracted,,verb,88,56,بعث+فَابْعَثُوا | تبع+فَأَتْبَعُوهُم | تبع+فَاتَّبَعُوا | تبع+فَاتَّبَعُوهُ | تبع+فَاتَّبِعُوا
فعالة,الفَعَالَة | الفَّعاَلَة | الفَّعَالَة | الفُّعَالَة | الفِّعَالَة | الْفَعاَلَة | الْفِعَالَة | بِالفَّعَالَة | بِفَعاَلَة | بِفَعَالَة | بِفِعَالَة | فَعاَلة | فَعاَلَة | فَعَالَة | فَعَّالَة | فُعاَلَة | فُعَالَة | فِعَالَة | كَالْفِعَالَة | لفَعَّالَة | وَالْفِعَالَة | وَفِعَالَة,canonical_table | mishkat_extracted,اسم الآلة | اسم الآلة (feminine) | المصدر الأصلي | صيغة مبالغة | صيغة مبالغة (feminine),noun,85,54,(curated)+— | (curated)+عَلَّامَة | (curated)+غَسَّالَة | (curated)+— | (curated)+ثَلَّاجَة
فعنل,بِفَعَنَّل | فَعَنَّل | لِفَعَنَّل,mishkat_extracted,,noun,77,4,جهم+بِجَهَنَّمَ | جهم+جَهَنَّمَ | جهم+جَهَنَّمُ | جهم+لِجَهَنَّمَ
يستفعل,لَيَسْتَفِعْل | لِيَسْتَفْعِل | وَلْيَسْتَفْعِل | وَيَسْتَفْعِل | وَيُسْتَفْعَل | يَسْتَفعِل | يَسْتَفِعْل | يَسْتَفْعِل | يَسْتَفْعِلُ | يُسْتَفْعَل,mishkat_extracted | user_extensions,verb_form_X,noun | verb,75,41,(curated)+يَسْتَخْرِجُ | (curated)+— | ءخر+يَسْتَأْخِرُونَ | ءخر+يَسْتَئْخِرُونَ | ءذن+لِيَسْتَئْذِنكُمُ
تفعيل,تَفعِيل | تَفْعِيل | لَتَفعِيل | وَتَفْعِيل,canonical_table | mishkat_extracted,المصدر الأصلي,verb,72,45,(curated)+تَعْلِيم | ءثم+تَأْثِيمًا | ءثم+تَأْثِيمٌ | بتل+تَبْتِيلاً | بدل+تَبْدِيلاً
مفعلة,الْمَفْعَلَة | الْمَفْعِلَة | الْمُفَعَّلَة | بِالْمَفْعَلَة | بِالْمَفْعِلَة | بِمَفْعِلَة | كَالْمُفَعَّلَة | لَمَفْعِلَة | مَفَعْلَة | مَفْعَلَة | مَفْعِلَة | مُفعِلَة | مُفَعَّلَة | مُفَعِّلَة | مُفْعَلَة | مُفْعَلَّة | مُفْعِلَة | مِفْعَلَة | وَالْمَفْعَلَة | وَالْمَفْعِلَة | وَالْمُفَعَّلَة | وَمَفْعِلَة,canonical_table | mishkat_extracted,اسم الآلة | اسم الآلة (feminine) | اسم الزمان (feminine) | اسم الفاعل (feminine) | اسم المفعول (feminine) | اسم المكان | اسم المكان (feminine) | المصدر الميمي (feminine),noun,70,44,(curated)+مُكْرِمَة | (curated)+مُعَلِّمَة | (curated)+مُكْرَمَة | (curated)+مُعَلَّمَة | (curated)+—
فعاءلة,الْفَعاَئِلَة | بِالْفَعاَئِلَة | فَعاَئِلَة | فَعَائِلَة | لِلْفَعاَئِلَة | وَالْفَعاَئِلَة,mishkat_extracted | user_extensions,شاذ,noun,68,9,(curated)+مَلَائِكَة | ملك+الْمَلاَئِكَةَ | ملك+الْمَلاَئِكَةُ | ملك+الْمَلاَئِكَةِ | ملك+بِالْمَلاَئِكَةِ
يفعلن,لَيَفعُلَن | لَيَفَعْلَن | لَيَفْعَلَن | لَيَفْعُلَن | لَيَفْعُلُن | لَيَفْعِلُن | لَيُفعَلَن | لَيُفَعِّلَن | لَيُفْعَلَن | لَيُفْعِلَن | لَيُفْعِلُن | وَلَيَفعُلَن | وَلَيَفَعْلَن | وَلَيَفْعَلَن | وَلَيَفْعِلُن | وَلَيُفَعِّلَن | وَلْيَفْعِلْن | وَيَفْعَلْن | وَيَفْعِلْن | يَفعَلَن | يَفعُلُن | يَفعِلْن | يَفُعْلَن | يَفُعْلُن | يَفْعَلْن | يَفْعُلَن | يَفْعُلْن | يَفْعِلَن | يَفْعِلُن | يَفْعِلْن | يُفَعِّلُن | يُفَعِّلْن | يُفْعَلْن | يُفْعِلَن | يُفْعِلُن | يُفْعِلْن,mishkat_extracted,,verb,64,54,بدل+وَلَيُبَدِّلَنَّهُم | بطء+لَيُبَطِّئَنَّ | بعث+لَيَبْعَثَنَّ | بلغ+يَبْلُغَنَّ | جرم+يَجْرِمَنَّكُم
ففعلو,فَفَعَلُو | فَفَعِلُو | فَفَعَّلُو | فَفَعِّلُو | فَفَعْلُو | فَفُعِلُو | فَفُعْلُو | فَفِعْلُو | فَفْعَلُو,mishkat_extracted,,noun | verb,60,38,ءذن+فَأْذَنُوا | ثبت+فَثَبِّتُوا | دخل+فَدَخَلُوا | ذبح+فَذَبَحُوهَا | رجع+فَرَجَعُوا
افتعلو,افتَعِلُو | افْتَعَلُو | افْتَعِلُو | افْتَعْلُو | لاَّفْتَعَلُو | وَافتَعَلُو | وَافتَعِلُو | وَافْتَعَلُو | وَافْتَعِلُو,mishkat_extracted,,verb,58,26,ءخذ+اتَّخَذُوا | ءخذ+اتَّخَذُوهَا | ءخذ+اتَّخَذُوهُ | ءخذ+اتَّخَذُوهُم | ءخذ+لاَّتَّخَذُوكَ
مفتعل,الْمُفتَعِل | الْمُفْتَعِل | مُفتَعِل | مُفْتَعَل | مُفْتَعِل | وَالْمُفْتَعِل | وَالْمُفْتَعْل,canonical_table | mishkat_extracted,اسم الفاعل | اسم المفعول | اسم المكان,noun,52,36,(curated)+مُجْتَهِد | (curated)+مُجْتَمَع | (curated)+مُجْتَمَع | ءفك+وَالْمُؤْتَفِكَاتُ | ءفك+وَالْمُؤْتَفِكَاتِ
يفاعل,وَيُفَاعِل | يُفَاعَل | يُفَاعِل | يُفَاعْل,mishkat_extracted,,verb,50,28,جدل+وَيُجَادِلُ | جدل+يُجَادِلُ | جدل+يُجَادِلُنَا | جدل+يُجَادِلُونَ | جدل+يُجَادِلُونَكَ
فعيلة,الفَّعِيلَة | الْفَعِيلَة | فَعِيلَة | فُعَيْلَة | فِعِّيلَة | لَفَعِيلَة | وَالفَّعِيلَة,canonical_table | mishkat_extracted,التصغير (feminine) | الصفة المشبهة (feminine) | صيغة مبالغة (feminine),noun,49,30,(curated)+كَرِيمَة | (curated)+عَلِيمَة | (curated)+صِدِّيقَة | (curated)+كُتَيِّبَة | بحر+بَحِيرَةٍ
فيفعل,فَيَفعَل | فَيَفعُل | فَيَفِعْل | فَيَفَّعِل | فَيَفْعَل | فَيَفْعُل | فَيَفْعِل | فَيُفَعِّل | فَيُفِعْل | فَيُفْعَل | فَيُفْعِل,mishkat_extracted,,verb,46,33,ءخذ+فَيَأْخُذَكُم | ءخذ+فَيُؤْخَذُ | بسط+فَيَبْسُطُهُ | تبع+فَيَتَّبِعُونَ | جعل+فَيَجْعَلَهُ
افتعل,أَفُتْعَل | افتَعَل | افْتَعَل | افْتَعِل | افْتُعِل | لاَفتَعَل | وَأَفْتَعِل | وَافتَعِل | وَافْتَعَل | وَافْتَعِل,mishkat_extracted,,verb,44,28,ءخذ+اتَّخَذَ | ءخذ+اتَّخَذَهَا | ءخذ+اتَّخِذُونِي | ءخذ+اتَّخِذِي | ءمن+اؤْتُمِنَ
فعاءل,الفَعَائِل | الفَّعَائِل | الْفَعاَئِل | الْفَعَائِل | فَعاَئِل | فَعَائِل | وَالفَّعَائِل | وَالْفَعاَئِل | وَفَعاَئِل | وَفَعَائِل,mishkat_extracted | user_extensions,جمع تكسير,noun,44,23,(curated)+رَسَائِل | ءرك+الأَرَائِكِ | بصر+بَصَائِرَ | بصر+بَصَائِرُ | بطن+بَطَائِنُهَا
استفعل,أَسْتَفْعِل | أَسْتَفْعِلُ | إِسْتَفْعَل | اسْتَفعَل | اسْتَفَعْل | اسْتَفْعَل | اسْتَفْعِل | اسْتُفْعِل | اِسْتَفْعَل | وَإِسْتَفْعَل | وَاسْتَفْعَل | وَاسْتَفْعِل,mishkat_extracted | user_extensions,verb_form_X,verb,42,30,(curated)+أَسْتَخْرِجُ | (curated)+اِسْتَخْرَجَ | ءجر+اسْتَئْجِرْهُ | ءذن+اسْتَئْذَنَ | ءذن+اسْتَئْذَنَكَ
يتفعل,وَيَتَفَعَّل | وَيُتَفَعَّل | يَتَفَعَّل,mishkat_extracted,,verb,40,27,ءخر+يَتَأَخَّرَ | بدل+يَتَبَدَّلِ | جرع+يَتَجَرَّعُهُ | جنب+وَيَتَجَنَّبُهَا | خبط+يَتَخَبَّطُهُ
كفعل,وَكَفَعِل,mishkat_extracted,,noun,38,1,ذلك+وَكَذَلِكَ
افعلة,أَفِعْلَة | أَفْعَلَة | أَفْعِلَة | افْعَلَة | الأَفِعْلَة | الأَفْعِلَة | بِأَفْعَلَة | بِأَفْعِلَة | وَأَفْعِلَة | وَافْعَلَة | وَالأَفْعِلَة,mishkat_extracted | user_extensions,جمع تكسير,verb,37,25,(curated)+أَئِمَّة | جنح+أَجْنِحَةٍ | جنن+أَجِنَّةٌ | ذلل+أَذِلَّةً | ذلل+أَذِلَّةٌ
افعلتم,أَفعَلْتُم | أَفَعَلْتُم | أَفَعِلْتُم | أَفَعَّلْتُم | أَفْعَلتُم | أَفْعَلْتُم | أُفْعِلْتُم | افَّعَلْتُم | لأَفْعَلْتُم | لاَفَّعَلْتُم | وَأَفْعَلْتُم,mishkat_extracted,,verb,37,28,بشر+أَبَشَّرْتُمُونِي | تبع+اتَّبَعْتُم | تبع+لاَتَّبَعْتُمُ | ترف+أُتْرِفْتُم | جعل+أَجَعَلْتُم
تفاعل,التَّفَاعُل | تَفَاعَل | تَفَاعُل | تَفَاعْل | تُفَاعِل | تُفَاعْل | وَتَفَاعَل | وَتَفَاعُل | وَتُفَاعِل,canonical_table | mishkat_extracted,المصدر الأصلي,verb,37,28,(curated)+تَشَارُك | ءخذ+تُؤَاخِذْنَا | برك+تَبَارَكَ | برك+وَتَبَارَكَ | جدل+تُجَادِل
تفعلن,تَفَعَّلْن | تَفُعْلَن | تَفْعَلَن | تَفْعَلْن | تَفْعُلَن | تُفَعِّلَن | تُفْعِلَن | تُفْعِلْن | لَتَفْعَلُن | لَتَفْعُلُن | لَتُفَعَّلُن | لَتُفَعِّلَن | لَتُفْعَلُن | لَتُفْعِلُن | لِتَفْعُلَن | وَتَفْعَلْن | وَلَتَفعُلُن | وَلَتَفْعَلُن | وَلَتَفْعِلَن,mishkat_extracted,,verb,37,28,ءجر+تَأْجُرَنِي | برج+تَبَرَّجْنَ | بعث+لَتُبْعَثُنَّ | ثقف+تَثْقَفَنَّهُم | جعل+تَجْعَلْنِي
استفعلو,اسْتَفعَلُو | اسْتَفَعْلُو | اسْتَفْعَلُو | اسْتَفْعِلُو | اسْتُفْعِلُو | وَاسْتَفْعَلُو | وَاسْتَفْعِلُو,mishkat_extracted,,verb,36,14,ءذن+اسْتَئْذَنُوكَ | حبب+اسْتَحَبُّوا | حفظ+اسْتُحْفِظُوا | رهب+وَاسْتَرْهَبُوهُم | ضعف+اسْتُضْعِفُوا
فعلل,الفُعْلُل | الْفُعْلُل | فَعْلَل | فُعلُل | فُعْلُل | فُعْلِل | وَفَعْلَل | وَفُعْلُل,mishkat_extracted | user_extensions,رباعي,noun | verb,36,27,(curated)+بَرْزَخ | (curated)+سُنْدُس | برزخ+بَرْزَخًا | برزخ+بَرْزَخٌ | بعثر+بُعْثِرَ
ففعلن,فَفَعَلْن | فَفَعِلُن | فَفَعَّلْن,mishkat_extracted,,verb,36,23,ءثر+فَأَثَرْنَ | ءخذ+فَأَخَذْنَاهُ | ءخذ+فَأَخَذْنَاهُم | بشر+فَبَشَّرْنَاهَا | بشر+فَبَشَّرْنَاهُ
يفتعل,يَفتَعِل | يَفْتَعِل | يَفْتَعْل,mishkat_extracted | user_extensions,verb_form_VIII,verb,34,17,(curated)+يَكْتَسِب | ءمر+يَأْتَمِرُونَ | جنب+يَجْتَنِبُونَ | خصص+يَخْتَصُّ | خصم+يَخْتَصِمُونَ
مستفعل,الْمُسْتَفَعْل | الْمُسْتَفْعَل | الْمُسْتَفْعِل | لِمُسْتَفَعْل | مُسْتَفَعْل | مُسْتَفِعْل | مُسْتَفْعَل | مُسْتَفْعِل | وَالْمُسْتَفْعَل | وَالْمُسْتَفْعِل,canonical_table | mishkat_extracted,اسم الفاعل | اسم المفعول,noun,32,24,(curated)+مُسْتَخْرِج | (curated)+مُسْتَخْرَج | ءخر+الْمُسْتَئْخِرِينَ | ءنس+مُسْتَئْنِسِينَ | بصر+مُسْتَبْصِرِينَ
ففعلت,فَفَعَلَت | فَفَعَلْت | فَفَعُلَت | فَفَعِلَت | فَفَعِلْت | فَفَعَّلْت | فَفَعْلَت | فَفُعْلَت | فَفِعْلَت,mishkat_extracted,,verb,29,22,ءخذ+فَأَخَذَتْكُمُ | ءخذ+فَأَخَذَتْهُم | ءخذ+فَأَخَذَتْهُمُ | ءخذ+فَأَخَذْتُهُم | بصر+فَبَصُرَت
فواعل,الفَّوَاعِل | الفَّوَاعْل | الْفَوَاعِل | فَوَاعِل | فَوَاعْل | وَالفَّوَاعْل | وَالْفَوَاعِل | وَفَوَاعِل,mishkat_extracted | user_extensions,جمع تكسير,noun,27,21,(curated)+فَوَاكِه | جرح+الْجَوَارِحِ | خلف+الْخَوَالِفِ | دبب+الدَّوَابِّ | دبب+وَالدَّوَابُّ
فعالت,بِفِعَالَت | فَعاَلَت | فَعَالَت | فَعَّالَت | فِعَالَت,mishkat_extracted,,noun,26,17,ءمن+أَمَانَتَهُ | بضع+بِضَاعَتَهُم | بضع+بِضَاعَتُنَا | تجر+تِجَارَتُهُم | جمل+جِمَالَتٌ
فاعال,فَاعاَل | فَاعَال | وَفَاعَال,mishkat_extracted | user_extensions,شاذ,noun,25,10,(curated)+آثَار | ءثر+ءَاثَارِ | ءثر+ءَاثَارِهِم | ءثر+ءَاثَارِهِمَا | ءثر+وَءَاثَارًا
فافتعل,فَافتَعَل | فَافتَعِل | فَافْتَعَل | فَافْتَعِل | فَافْتَعْل | فَافْتُعِل,mishkat_extracted,,verb,24,17,ءخذ+فَاتَّخَذَ | ءخذ+فَاتَّخِذْهُ | حمل+فَاحْتَمَلَ | خلط+فَاخْتَلَطَ | خلف+فَاخْتَلَفَ
افعيل,أَفَعِيل | إِفْعِيل | الإِفعِيل | وَالإِفعِيل,mishkat_extracted,,verb,23,8,بلس+إِبْلِيسَ | بلس+إِبْلِيسُ | قرب+أَقَرِيبٌ | نجل+الإِنجِيلَ | نجل+الإِنجِيلِ
فتفعل,فَتَفعَل | فَتَفعُل | فَتَفَعَّل | فَتَفَعْل | فَتَفِعْل | فَتَفْعَل | فَتَفْعُل | فَتَفْعِل | فَتُفَعِّل | فَتُفُعِّل | فَتُفْعِل,mishkat_extracted,,verb,23,22,ءكل+فَتَأْكُلُ | بسم+فَتَبَسَّمَ | بهت+فَتَبْهَتُهُم | خبت+فَتُخْبِتَ | خطف+فَتَخْطَفُهُ
مفعال,الْمِفْعَال | بِمِفْعَال | مِفْعَال | وَمِفْعَال,canonical_table | mishkat_extracted,اسم الآلة | صيغة مبالغة,noun,23,13,(curated)+مِعْطَاء | (curated)+مِفْتَاح | ثقل+مِثْقَالَ | ثقل+مِثْقَالُ | ثقل+مِثْقَالِ
فعالى,الفَّعَالَى | بِفُعَالَى | فَعَالَى | فُعَالَى | وَالفَّعَالَى | وَفُعَالَى,mishkat_extracted | user_extensions,جمع تكسير | شاذ,noun,22,9,(curated)+حَبَالَى | (curated)+أُسَارَى | ءسر+أُسَارَى | سكر+بِسُكَارَى | سكر+سُكَارَى
متفعل,الْمُتَفَعِّل | لِلْمُتَفَعِّل | مُتَفَعَّل | مُتَفَعِّل | وَالْمُتَفَعِّل,canonical_table | mishkat_extracted,اسم الفاعل | اسم المفعول,noun,22,18,(curated)+مُتَعَلِّم | (curated)+مُتَعَلَّم | برج+مُتَبَرِّجَاتٍ | حرف+مُتَحَرِّفًا | ربص+الْمُتَرَبِّصِينَ
تستفعل,تَسْتَفِعْل | تَسْتَفْعِل | تَسْتَفْعِلُ,mishkat_extracted | user_extensions,verb_form_X,verb,20,11,(curated)+تَسْتَخْرِجُ | (curated)+— | ءخر+تَسْتَئْخِرُونَ | خفف+تَسْتَخِفُّونَهَا | عجل+تَسْتَعْجِل
تفتعلو,تَفْتَعِلُو | تَفْتَعْلُو,mishkat_extracted,,verb,20,6,ءخذ+تَتَّخِذُوا | جنب+تَجْتَنِبُوا | خصم+تَخْتَصِمُوا | ردد+تَرْتَدُّوا | عذر+تَعْتَذِرُوا
فبعل,فِبَعَل | فِبَعْل | فِبُعْل,mishkat_extracted,,noun,20,7,بدر+بِبَدْرٍ | بدن+بِبَدَنِكَ | بطن+بِبَطْنِ | بعض+بِبَعْضٍ | بعض+بِبَعْضِ
تفتعل,تَفتَعِل | تَفْتَعِل | تَفْتَعْل,mishkat_extracted | user_extensions,verb_form_VIII,verb,19,10,(curated)+تَكْتَسِب | ءخذ+تَتَّخِذَ | ءخذ+تَتَّخِذُونَ | بءس+تَبْتَئِس | خصم+تَخْتَصِمُونَ
سيفعل,سَيَفْعَل | سَيَفْعُل | سَيَفْعِل | سَيُفْعَل | سَيُفْعِل | وَسَيَفْعَل | وَسَيَفْعِل | وَسَيُفَعَّل | وَسَيُفْعِل,mishkat_extracted,,verb,19,15,بطل+سَيُبْطِلُهُ | جعل+سَيَجْعَلُ | جنب+وَسَيُجَنَّبُهَا | حبط+وَسَيُحْبِطُ | حلف+سَيَحْلِفُونَ
فاعلتم,فاَعَلْتُم | فَأَعِلتُم | فَاعَلتُم | فَاعَلتُّم | فَاعَلْتُم,mishkat_extracted,,verb,19,8,ءمن+ءَأَمِنتُم | ءمن+ءَامَنتُم | ءنس+ءَانَسْتُم | جدل+جَادَلْتُم | حجج+حَاجَجْتُم
فافتعلو,فَافتَعِلُو | فَافْتَعَلُو | فَافْتَعِلُو,mishkat_extracted,,verb,19,14,ءخذ+فَاتَّخِذُوهُ | جنب+فَاجْتَنِبُوا | جنب+فَاجْتَنِبُوهُ | خلف+فَاخْتَلَفُوا | سبق+فَاسْتَبَقُوا
فاعلت,فَاعَلت | فَاعَلَت | فَاعَلْت | فَاعِلَت | وَفَاعِلَت,mishkat_extracted,,verb,18,10,ءذن+ءَاذَنتُكُم | ءمن+ءَامَنتُ | ءمن+ءَامَنَت | ءنس+ءَانَسْتُ | جدل+جَادَلْتَنَا
فياعيل,الفَّيَاعِيل | فَيَاعِيل | لِلفَّيَاعِيل | وَالفَّيَاعِيل,mishkat_extracted,,noun,18,7,شطن+الشَّيَاطِينَ | شطن+الشَّيَاطِينُ | شطن+الشَّيَاطِينِ | شطن+شَيَاطِينَ | شطن+شَيَاطِينِهِم
مفاعيل,بِمَفَاعِيل | لِمَفَاعِيل | مَفَاعِيل | وَالْمَفَاعِيل,mishkat_extracted | user_extensions,جمع تكسير,noun,18,9,(curated)+مَفَاتِيح | حرب+مَحَارِيبَ | سكن+لِمَسَاكِينَ | سكن+مَسَاكِينَ | سكن+وَالْمَسَاكِينَ
فعلال,بِفِعلَال | فَعْلَال | فُعْلَال | فِعلَال | فِعْلَال,mishkat_extracted | user_extensions,رباعي,noun,17,10,(curated)+قِنْطَار | برهن+بُرْهَانٌ | برهن+بُرْهَانَ | برهن+بُرْهَانَانِ | برهن+بُرْهَانَكُم
فعليت,فُعْلِيَّت | وَفُعْلِيَّت,mishkat_extracted,,noun,17,9,ذرر+ذُرِّيَّتَهُ | ذرر+ذُرِّيَّتَهُم | ذرر+ذُرِّيَّتُهُم | ذرر+ذُرِّيَّتِنَا | ذرر+ذُرِّيَّتِهِ
مفعولة,الْمَفْعُولَة | مَفْعُولَة,canonical_table | mishkat_extracted,اسم المفعول (feminine),noun,17,15,(curated)+مَكْتُوبَة | بثث+مَبْثُوثَةٌ | حشر+مَحْشُورَةً | رفع+مَرْفُوعَةٌ | رفع+مَرْفُوعَةٍ
افتعلت,افتَعَلَت | افْتَعلْت | افْتَعَلَت | افْتَعَلْت | افْتَعْلَت | افْتُعْلَت | وَافْتَعْلَت,mishkat_extracted,,verb,16,14,ءخذ+اتَّخَذَت | ءخذ+اتَّخَذْتَ | ءخذ+اتَّخَذْتُ | جثث+اجْتُثَّت | جمع+اجْتَمَعَتِ
فعلتمو,فَعَلْتُمُو | فَعِلْتُمُو | فَعَّلْتُمُو | وَفَعَّلْتُمُو,mishkat_extracted,,verb,16,13,ترك+تَرَكْتُمُوهَا | ثقف+ثَقِفْتُمُوهُم | دخل+دَخَلْتُمُوهُ | سءل+سَأَلْتُمُوهُ | سءل+سَأَلْتُمُوهُنَّ
افاعيل,أَفَاعِيل | الأَفَاعِيل | وَأَفَاعِيل,mishkat_extracted | user_extensions,جمع تكسير,verb,15,4,(curated)+أَحَادِيث | برق+وَأَبَارِيقَ | حدث+أَحَادِيثَ | حدث+الأَحَادِيثِ | سطر+أَسَاطِيرُ
ففاعل,فَفَأَعل | فَفَأَعِل | فَفَاعَل | فَفَاعِل,mishkat_extracted,,noun | verb,15,7,ءمن+أَفَأَمِنَ | ءنت+أَفَأَنتَ | سهم+فَسَاهَمَ | شرب+فَشَارِبُونَ | قتل+فَقَاتِل
فتعل,فَتَّعِل | فَتْعَل | فَتْعُل,mishkat_extracted,,noun,14,7,تبع+تَتَّبِع | تبع+تَتَّبِعَ | تبع+تَتَّبِعَانِّ | تبع+تَتَّبِعُونَ | تبع+تَتَّبِعِ
فليفعل,فَلْيَفعُل | فَلْيَفْعَل | فَلْيَفْعُل | فَلْيُفعِل | فَلْيُفْعِل,mishkat_extracted,,verb,14,11,ءكل+فَلْيَأْكُل | حذر+فَلْيَحْذَرِ | عمل+فَلْيَعْمَل | عمل+فَلْيَعْمَلِ | كتب+فَلْيَكْتُب
متفاعل,الْمُتَفَاعِل | مُتَفَاعَل | مُتَفَاعِل,canonical_table | mishkat_extracted,اسم الفاعل | اسم المفعول,noun,14,8,(curated)+مُتَشَارِك | (curated)+مُتَشَارَك | جنف+مُتَجَانِفٍ | ركب+مُتَرَاكِبًا | شبه+مُتَشَابِهًا
يافعل,يَافَعْل,mishkat_extracted,,noun,14,2,ءرض+يَاأَرْضُ | ءهل+يَاأَهْلَ
افتعال,افتِعَال | افْتِعاَل | اِفْتِعَال | بِافْتِعَال | وَافْتِعاَل,canonical_table | mishkat_extracted,المصدر الأصلي,verb,13,8,(curated)+اِجْتِهَاد | ءخذ+بِاتِّخَاذِكُمُ | خلف+اخْتِلاَفًا | خلف+اخْتِلاَفُ | خلف+اخْتِلاَفِ
فاستفعلو,فَاسْتَفَعْلُو | فَاسْتَفْعَلُو | فَاسْتَفْعِلُو,mishkat_extracted,,verb,13,8,ءذن+فَاسْتَئْذَنُوكَ | بشر+فَاسْتَبْشِرُوا | حبب+فَاسْتَحَبُّوا | شهد+فَاسْتَشْهِدُوا | غفر+فَاسْتَغْفَرُوا
فعلية,فَعْلِيَّة | فُعْلِيَّة | فُعْلِيَّة | فِعْلِيَّة | وَفُعْلِيَّة,mishkat_extracted | user_extensions,شاذ,noun,13,7,(curated)+حَرْبِيَّة | (curated)+قُدْسِيَّة | ذرر+ذُرِّيَّةً | ذرر+ذُرِّيَّةٌ | ذرر+ذُرِّيَّةَ
فنعل,فَنعَل | فَنعُل | فُنعِل | فُنَعِّل | لَفَنعُل | لِفَنعُل | وَفُنعِل | وَفُنَعِّل,mishkat_extracted,,noun,13,12,نزل+نُنَزِّل | نزل+نُنَزِّلُ | نزل+نُنَزِّلُهُ | نزل+وَنُنَزِّلُ | نسخ+نَنسَخ
نفعلن,لَنَفَّعَّلَن | لَنَفْعَلَن | لَنَفْعُلَن | لَنُفَعِّلَن | لَنُفْعِلَن | نَفْعَلَن | وَلَنَفْعِلَن | وَلَنُفْعِلَن,mishkat_extracted,,verb,12,12,حرق+لَنُحَرِّقَنَّهُ | حشر+لَنَحْشُرَنَّهُم | حضر+لَنُحْضِرَنَّهُم | دخل+لَنُدْخِلَنَّهُم | ذهب+لَنَذْهَبَنَّ
اتفعل,أَتَفْعَل | أَتَفْعُل | أَتَفْعِل | أَتُفَعِّل | أَتُفْعِل,mishkat_extracted,,verb,11,10,جعل+أَتَجْعَلُ | حدث+أَتُحَدِّثُونَهُم | صبر+أَتَصْبِرُونَ | عبد+أَتَعْبُدُونَ | عجب+أَتَعْجَبِينَ
تفاعلو,تَفَاعَلُو | تُفَاعِلُو | تُفَاعْلُو | لِتَفَاعَلُو,mishkat_extracted,,verb,11,10,بشر+تُبَاشِرُوهُنَّ | جدل+تُجَادِلُوا | خلط+تُخَالِطُوهُم | ضرر+تُضَارُّوهُنَّ | عرف+لِتَعَارَفُوا
تفعلة,التَّفْعُلَة | التَّفْعِلَة | تَفِعْلَة | تَفْعِلَة,mishkat_extracted,,verb,11,6,بصر+تَبْصِرَةً | حلل+تَحِلَّةَ | ذكر+التَّذْكِرَةِ | ذكر+تَذْكِرَةً | ذكر+تَذْكِرَةٌ
فتعلو,فَتَّعِلُو | فُتْعَلُو | وَفْتَعِلُو,mishkat_extracted,,noun,11,4,ءمر+وَأْتَمِرُوا | تبع+تَتَّبِعُوا | تبع+تَتَّبِعُونَا | ترك+تُتْرَكُوا
مفعيل,الْمِفْعِيل | مِفْعِيل | وَالْمِفْعِيل,mishkat_extracted,,noun,11,6,سكن+الْمِسْكِينَ | سكن+الْمِسْكِينِ | سكن+مِسْكِينًا | سكن+مِسْكِينٌ | سكن+مِسْكِينٍ
يافاعل,وَيَافَاعَل | يَافَاعَل | يَافَاعِل,mishkat_extracted,,noun,11,6,ءدم+وَيَاءَادَمُ | ءدم+يَاءَادَمُ | سمر+يَاسَامِرِيُّ | صحب+يَاصَاحِبَيِ | صلح+يَاصَالِحُ
سنفعل,سَنَفُعْل | سَنَفْعُل | سَنُفَعِّل | سَنُفْعِل,mishkat_extracted,,verb,10,8,دخل+سَنُدْخِلُهُم | شدد+سَنَشُدُّ | عذب+سَنُعَذِّبُهُم | فرغ+سَنَفْرُغُ | قتل+سَنُقَتِّلُ
فافعلن,فَأَفعِلْن | فَأَفْعَلْن | فَافَّعِلْن,mishkat_extracted,,verb,10,5,تبع+فَاتَّبِعْنِي | غرق+فَأَغْرَقْنَاهُ | غرق+فَأَغْرَقْنَاهُم | نظر+فَأَنظِرْنِي | هلك+فَأَهْلَكْنَاهُم
فعيلت,بِفَعِيلَت | فَعِيلَت | وَفَعِيلَت,mishkat_extracted,,noun,10,8,خطء+خَطِيئَتُهُ | خطء+خَطِيئَتِي | سكن+سَكِينَتَهُ | طرق+بِطَرِيقَتِكُمُ | عشر+عَشِيرَتَكَ
فيفعلو,فَيَفعُلُو | فَيَفُعْلُو | فَيَفْعَلُو | فَيُفِعْلُو | فَيُفْعِلُو,mishkat_extracted,,verb,10,5,حلل+فَيُحِلُّوا | سبب+فَيَسُبُّوا | شفع+فَيَشْفَعُوا | صبح+فَيُصْبِحُوا | نظر+فَيَنظُرُوا
يتفاعل,يَتَفَاعَل | يَتَفَاعْل,mishkat_extracted,,verb,10,7,حجج+يَتَحَاجُّونَ | خفت+يَتَخَافَتُونَ | رجع+يَتَرَاجَعَا | عرف+يَتَعَارَفُونَ | غمز+يَتَغَامَزُونَ
ايفعل,أَيَفْعَل | أَيُفِعْل | أَيُفْعِل,mishkat_extracted,,noun,9,6,حبب+أَيُحِبُّ | حسب+أَيَحْسَبُ | حسب+أَيَحْسَبُونَ | شرك+أَيُشْرِكُونَ | طمع+أَيَطْمَعُ
تتفعل,تَتَفَعَّل,mishkat_extracted,,verb,9,5,ذكر+تَتَذَكَّرُونَ | فكر+تَتَفَكَّرُونَ | قلب+تَتَقَلَّبُ | كبر+تَتَكَبَّرَ | نزل+تَتَنَزَّلُ
فالباعل,فِالْبَاعِل,mishkat_extracted,,noun,9,1,بطل+بِالْبَاطِلِ
فتفعلو,فَتَفَعَّلُو | فَتَفْعَلُو | فَتُفْعِلُو,mishkat_extracted,,verb,9,5,ربص+فَتَرَبَّصُوا | صبح+فَتُصْبِحُوا | فشل+فَتَفْشَلُوا | قطع+فَتَقَطَّعُوا | متع+فَتَمَتَّعُوا
فعالل,الْفَعَالِل | فَعاَلِل | فَعَالِل | فُعَالِل | وَالفَّعاَلِل | وَالفَّعَالِل | وَفَعَالِل,mishkat_extracted | user_extensions,رباعي,noun,9,9,(curated)+دَرَاهِم | حنجر+الْحَنَاجِرَ | حنجر+الْحَنَاجِرِ | درهم+دَرَاهِمَ | سردق+سُرَادِقُهَا
فعالية,الفَّعَالِيَة | فَعَالِيَة | وَفَعاَلِيَة | وَفَعَالِيَة,mishkat_extracted,,noun,9,5,ثمن+ثَمَانِيَةٌ | ثمن+ثَمَانِيَةَ | ثمن+وَثَمَانِيَةَ | زبن+الزَّبَانِيَةَ | علن+وَعَلاَنِيَةً
فلفعل,فَلفُعْل | فَلَفِعْل | فَلِفَعِل | فَلِفَعْل,mishkat_extracted,,noun,9,5,ءمم+فَلأُمِّهِ | بءس+فَلَبِئْسَ | ذلك+فَلِذَلِكَ | نعم+فَلَنِعْمَ | نفس+فَلِنَفْسِهِ
يفاعلو,لِيُفَاعِلُو | لِيُفَاعْلُو | يُفَاعِلُو | يُفَاعْلُو,mishkat_extracted,,verb,9,6,جدل+لِيُجَادِلُوكُم | جهد+يُجَاهِدُوا | حجج+لِيُحَاجُّوكُم | حجج+يُحَاجُّوكُم | ظهر+يُظَاهِرُوا
افاعل,أَفَاعِل | أُفَاعِل | افَّاعَل | الأَفَاعِل,mishkat_extracted | user_extensions,جمع تكسير,verb,8,7,(curated)+أَكَابِر | خلف+أُخَالِفَكُم | درك+ادَّارَكَ | رذل+أَرَاذِلُنَا | رغب+أَرَاغِبٌ
افطعل,أَفْطَعْل | افْطُعْل | وَافْطَعِل,mishkat_extracted,,verb,8,3,صبر+وَاصْطَبِر | ضرر+أَضْطَرُّهُ | ضرر+اضْطُرَّ
منفعل,لَمُنفَعِل | مُنفَعَل | مُنفَعِل | مُنفَعْل | مُنْفَعَل | مُنْفَعِل,canonical_table | mishkat_extracted,اسم الفاعل | اسم المفعول,noun,8,8,(curated)+مُنْكَسِر | (curated)+مُنْكَسَر | بثث+مُنبَثًّا | فطر+مُنفَطِرٌ | فكك+مُنفَكِّينَ
انفعل,أَنَفْعُل | أَنُفْعِل | انفَعَل | وَانفَعَل | وَانفَعْل,mishkat_extracted,,verb,7,7,بعث+انبَعَثَ | سجد+أَنَسْجُدُ | سلخ+انسَلَخَ | شقق+وَانشَقَّ | طعم+أَنُطْعِمُ
انفعلو,انفَعَلُو | انفَعِلُو | انفَعْلُو | لاَنفَعْلُو,mishkat_extracted,,verb,7,4,طلق+انطَلِقُوا | فضض+انفَضُّوا | فضض+لاَنفَضُّوا | قلب+انقَلَبُوا
فاعلم,فَأَعلُم,mishkat_extracted,,noun,7,1,ءنت+ءَأَنتُم
فعلتن,فَعَلْتَن | فَعَّلْتَن | وَفَعَّلْتَن,mishkat_extracted,,verb,7,6,ءخر+أَخَّرْتَنِ | ءخر+أَخَّرْتَنِي | ءمر+أَمَرْتَنِي | حشر+حَشَرْتَنِي | خلق+خَلَقْتَنِي
ففاعلو,فَفَأَعِلُو | فَفَاعِلُو,mishkat_extracted,,noun | verb,7,4,ءمن+أَفَأَمِنُوا | عقب+فَعَاقِبُوا | قتل+فَقَاتِلُوا | كتب+فَكَاتِبُوهُم
فمعل,فُمَعَّل | فُمِعْل | فُمْعِل,mishkat_extracted,,noun,7,6,مدد+مُمِدُّكُم | مرد+مُمَرَّدٌ | مزق+مُمَزَّقٍ | مسك+مُمْسِكَ | مسك+مُمْسِكَاتُ
فمعول,فَمْعُول,mishkat_extracted,,noun,7,4,مدد+مَمْدُودًا | مدد+مَمْدُودٍ | ملك+مَمْلُوكًا | منن+مَمْنُونٍ
يتفعلو,لِيَتَفَعَّلُو | وَلِيَتَفَعَّلُو | وَيَتَفَعَّلُو | يَتَفَعَّلُو,mishkat_extracted,,noun | verb,7,6,خلف+يَتَخَلَّفُوا | طهر+يَتَطَهَّرُوا | فقه+لِيَتَفَقَّهُوا | فكر+يَتَفَكَّرُوا | متع+وَلِيَتَمَتَّعُوا
يفعلف,يُفَعْلَف | يُفَعْلِف,mishkat_extracted,,verb,7,3,خفف+يُخَفَّفُ | خفف+يُخَفِّف | خفف+يُخَفِّفَ
استفعلتم,اسْتَفْعَلْتُم | وَاسْتَفْعَلْتُم,mishkat_extracted,,verb,6,6,عجل+اسْتَعْجَلْتُم | كبر+اسْتَكْبَرْتُم | كبر+وَاسْتَكْبَرْتُم | كثر+اسْتَكْثَرْتُم | متع+اسْتَمْتَعْتُم
افتعلتم,افْتَعَلْتُم | لاَفْتَعَلْتُم,mishkat_extracted,,verb,6,4,ءخذ+اتَّخَذْتُم | ءخذ+اتَّخَذْتُمُ | خلف+اخْتَلَفْتُم | خلف+لاَخْتَلَفْتُم
تفعلل,تَفَعْلَل | تَفْعَلِل | وَتَفْعَلِل | وَلِتَفْعَلِل,mishkat_extracted | user_extensions,رباعي,verb,6,5,(curated)+تَدَحْرَجَ | طمءن+تَطْمَئِنُّ | طمءن+وَتَطْمَئِنَّ | طمءن+وَتَطْمَئِنُّ | طمءن+وَلِتَطْمَئِنَّ
فاستفعل,فَاسْتَفَعْل | فَاسْتَفْعَل | فَاسْتَفْعِل,mishkat_extracted,,verb,6,6,خفف+فَاسْتَخَفَّ | عصم+فَاسْتَعْصَمَ | غفر+فَاسْتَغْفَرَ | غفر+فَاسْتَغْفِر | غلظ+فَاسْتَغْلَظَ
فافعلت,فَأَفعَلْت | فَأَفْعَلَت | فَأَفْعَلْت,mishkat_extracted,,verb,6,6,خلف+فَأَخْلَفْتُكُم | صبح+فَأَصْبَحَت | قبل+فَأَقْبَلَتِ | كثر+فَأَكْثَرْتَ | نذر+فَأَنذَرْتُكُم
فالفاعل,فَالفَّاعِل | فَالْفَاعِل,mishkat_extracted,,noun,6,6,حمل+فَالْحَامِلاَتِ | زجر+فَالزَّاجِرَاتِ | سبق+فَالسَّابِقَاتِ | صلح+فَالصَّالِحَاتُ | عصف+فَالْعَاصِفَاتِ
فسيفعل,فَسَيَفْعَل | فَسَيَفْعُل | فَسَيُفعِل | فَسَيُفْعِل,mishkat_extracted,,verb,6,5,حشر+فَسَيَحْشُرُهُم | دخل+فَسَيُدْخِلُهُم | علم+فَسَيَعْلَمُونَ | نغض+فَسَيُنْغِضُونَ | نفق+فَسَيُنفِقُونَهَا
فعاليل,فَعَالِيل | وَالْفَعَالِيل | وَفَعَالِيل,mishkat_extracted | user_extensions,رباعي,noun,6,6,(curated)+قَنَادِيل | خنزر+وَالْخَنَازِيرَ | سربل+سَرَابِيلَ | سربل+سَرَابِيلُهُم | سربل+وَسَرَابِيلَ
فعليل,الْفِعلِيل | فِعلِيل | فِعْلِيل,mishkat_extracted | user_extensions,رباعي,noun,6,4,(curated)+قِنْدِيل | خنزر+الْخِنزِيرِ | خنزر+خِنزِيرٍ | عفرت+عِفْرِيتٌ | قطمر+قِطْمِيرٍ
فنفعل,فَنَفَعْل | فَنَفُعْل | فَنَفَّعِل | فَنَفْعَل,mishkat_extracted,,verb,6,5,تبع+فَنَتَّبِعَ | جعل+فَنَجْعَل | ردد+فَنَرُدَّهَا | ظلل+فَنَظَلُّ | عمل+فَنَعْمَلَ
استفعال,اسْتِفْعَال | اِسْتِفْعَال,canonical_table | mishkat_extracted,المصدر الأصلي,verb,5,4,(curated)+اِسْتِخْرَاج | بدل+اسْتِبْدَالَ | عجل+اسْتِعْجَالَهُم | غفر+اسْتِغْفَارُ | كبر+اسْتِكْبَارًا
استفعلت,أَسْتَفْعَلْت | اسْتَفْعَلْت | لاَسْتَفْعَلْت | وَاسْتَفْعَلْت,mishkat_extracted,,verb,5,5,ءجر+اسْتَئْجَرْتَ | غفر+أَسْتَغْفَرْتَ | كبر+أَسْتَكْبَرْتَ | كبر+وَاسْتَكْبَرْتَ | كثر+لاَسْتَكْثَرْتُ
افعيال,أَفعِيَال | الأَفعِيَال,mishkat_extracted,,verb,5,2,نبء+أَنبِيَاءَ | نبء+الأَنبِيَاءَ
انفعلت,انفَعَلَت | انفَعْلَت | وَانفَعْلَت,mishkat_extracted,,verb,5,5,شقق+انشَقَّت | شقق+انشَقَّتِ | شقق+وَانشَقَّتِ | فطر+انفَطَرَت | كدر+انكَدَرَت
تستفعلو,تَسْتَفْعِلُو,mishkat_extracted,,verb,5,5,ءنس+تَسْتَأْنِسُوا | رضع+تَسْتَرْضِعُوا | عجل+تَسْتَعْجِلُوهُ | فتح+تَسْتَفْتِحُوا | قسم+تَسْتَقْسِمُوا
فءعلة,فَئِعْلَة,mishkat_extracted,,noun,5,2,ءمم+أَئِمَّةً | ءمم+أَئِمَّةَ
فافعال,فَأَفْعَال | فَإِفْعَال | فَافِّعَال | فَافْعَال,mishkat_extracted,,verb,5,5,تبع+فَاتِّبَاعٌ | صحب+فَأَصْحَابُ | طعم+فَإِطْعَامُ | مسك+فَإِمْسَاكٌ | نهر+فَانْهَارَ
فالبعل,فِالْبَعَل | فِالْبُعْل | فِالْبِعْل,mishkat_extracted,,noun,5,3,بخل+بِالْبُخْلِ | برر+بِالْبِرِّ | بصر+بِالْبَصَرِ
فانفعل,فَانفَعَل,mishkat_extracted,,verb,5,3,سلخ+فَانسَلَخَ | طلق+فَانطَلَقَا | فلق+فَانفَلَقَ
فستفعل,فَسَتَفْعَل | فَسَتُفْعِل,mishkat_extracted,,verb,5,3,بصر+فَسَتُبْصِرُ | رضع+فَسَتُرْضِعُ | علم+فَسَتَعْلَمُونَ
فعاءلت,وَفَعاَئِلَت,mishkat_extracted,,noun,5,3,ملك+وَمَلاَئِكَتَهُ | ملك+وَمَلاَئِكَتُهُ | ملك+وَمَلاَئِكَتِهِ
فعلول,الْفُعْلُول | الْفِعْلَوْل | فُعْلُول | كَالْفُعْلُول,mishkat_extracted | user_extensions,رباعي,noun,5,5,(curated)+بُرْهَان | حلقم+الْحُلْقُومَ | خرطم+الْخُرْطُومِ | عرجن+كَالْعُرْجُونِ | فردس+الْفِرْدَوْسَ
ففعال,فَفَعاَل | فَفَعَال | فَفِعَال,mishkat_extracted,,noun,5,4,رجل+فَرِجَالاً | رهن+فَرِهَانٌ | سلم+فَسَلاَمٌ | متع+فَمَتَاعُ
ففعلم,فَفَعلُم | فَفَعَلَّم | فَفَعِلُم,mishkat_extracted,,noun,5,3,ءنت+فَأَنتُم | ذلك+فَذَلِكُمُ | كأن+فَكَأَنَّمَا
مفاعلة,الْمُفَاعَلَة | مُفَاعَلَة | مُفَاعِلَة,canonical_table | mishkat_extracted,اسم الفاعل (feminine) | اسم المفعول (feminine) | المصدر الأصلي,noun,5,4,(curated)+مُشَارِكَة | (curated)+مُشَارَكَة | (curated)+مُشَارَكَة | برك+الْمُبَارَكَةِ | برك+مُبَارَكَةً
مفعلو,مُفَعِّلُو | مُفْعَلُو | مُفْعِلُو,mishkat_extracted,,noun,5,4,ترف+مُتْرَفُوهَا | عذب+مُعَذِّبُوهَا | هلك+مُهْلِكُوا | هلك+مُهْلِكُوهَا
نتفعل,نَتَفَعَّل | نُتَفَعَّل,mishkat_extracted,,verb,5,4,خطف+نُتَخَطَّفُ | ربص+نَتَرَبَّصُ | قبل+نَتَقَبَّلُ | كلم+نَتَكَلَّمَ
يستفعلو,وَيَسْتَفْعِلُو | يَسْتَفعِلُو | يَسْتَفْعِلُو,mishkat_extracted,,verb,5,5,ءذن+يَسْتَئْذِنُوهُ | عتب+يَسْتَعْتِبُوا | غفر+وَيَسْتَغْفِرُوا | غفر+يَسْتَغْفِرُوا | نقذ+يَسْتَنقِذُوهُ
بالفعل,وَبِالفَّعْل | وَبِالفُّعُل | وَبِالْفَعْل,mishkat_extracted,,noun,4,3,حقق+وَبِالْحَقِّ | زبر+وَبِالزُّبُرِ | نجم+وَبِالنَّجْمِ
تفاعلتم,تَفَاعَلْتُم | وَتَفَاعَلْتُم | وَلَتَفَاعَلْتُم,mishkat_extracted,,verb,4,4,عسر+تَعَاسَرْتُم | نزع+تَنَازَعْتُم | نزع+وَتَنَازَعْتُم | نزع+وَلَتَنَازَعْتُم
تفاعلن,تُفَاعِلْن,mishkat_extracted,,verb,4,3,ءخذ+تُؤَاخِذْنِي | خطب+تُخَاطِبْنِي | صحب+تُصَاحِبْنِي
سافعل,سَأَفْعِل | سَأُفعِل | سَأُفَعِّل | سَأُفْعِل,mishkat_extracted,,verb,4,4,رهق+سَأُرْهِقُهُ | صرف+سَأَصْرِفُ | نبء+سَأُنَبِّئُكَ | نزل+سَأُنزِلُ
فاعلية,الْفَاعِلِيَّة,mishkat_extracted,,noun,4,1,جهل+الْجَاهِلِيَّةِ
فبفعل,فَبِفَعِل | فَبِفُعْل | فَبِفِعْل,mishkat_extracted,,noun,4,3,ءذن+فَبِإِذْنِ | ذلك+فَبِذَلِكَ | ظلم+فَبِظُلْمٍ
فعلان,الفَّعْلَانِي | فَعَلَان | فَعْلَان | فَعْلَانِي | فُعْلَانِي,canonical_table | mishkat_extracted,الصفة المشبهة | المصدر الأصلي,noun,4,4,(curated)+عَطْشَان | (curated)+غَلَيَان | ربب+الرَّبَّانِيُّونَ | ربب+رَبَّانِيِّنَ | سلط+سُلْطَانِيَه
فعللة,فَعْلَلَة | فُعلُلَة | فِعْلِلَة | لَفِعْلِلَة,mishkat_extracted,,noun,4,4,زلزل+زَلْزَلَةَ | سلسل+سِلْسِلَةٍ | سنبل+سُنبُلَةٍ | شرذم+لَشِرْذِمَةٌ
فعلوت,فَعَلُوت,mishkat_extracted,,noun,4,3,ملك+مَلَكُوتَ | ملك+مَلَكُوتُ | ملك+مَلَكُوتِ
فعولت,فُعُولَت | لِفُعُولَت | وَفُعُولَت,mishkat_extracted,,noun,4,3,بعل+بُعُولَتِهِنَّ | بعل+لِبُعُولَتِهِنَّ | بعل+وَبُعُولَتُهُنَّ
ففعلة,فَفَعِلَة | فَفَعْلَة | فَفِعْلَة,mishkat_extracted,,noun,4,3,عدد+فَعِدَّةٌ | لعن+فَلَعْنَةُ | نظر+فَنَظِرَةٌ
مفعلل,بِمُفَعْلِل | مُفَعْلَل | مُفَعْلِل | مُفْعَلِل,mishkat_extracted | user_extensions,رباعي,noun,4,4,(curated)+مُذَبْذَب | (curated)+مُتَرْجِم | ذبذب+مُذَبْذَبِينَ | زحزح+بِمُزَحْزِحِهِ | طمءن+مُطْمَئِنٌّ
نفاعل,نُفَاعِل,mishkat_extracted,,verb,4,4,سرع+نُسَارِعُ | غدر+نُغَادِر | قتل+نُقَاتِل | قتل+نُقَاتِلَ
هافعلم,هَافَعلُم,mishkat_extracted,,noun,4,1,ءنت+هَاأَنتُم
يتفعلن,يَتَفَعَّلْن,mishkat_extracted,,verb,4,2,ربص+يَتَرَبَّصْنَ | فطر+يَتَفَطَّرْنَ
ءافعل,ءَأَفْعُل | ءَافْعَل,mishkat_extracted,,noun,3,3,سجد+ءَأَسْجُدُ | شكر+ءَأَشْكُرُ | عجم+ءَاعْجَمِيٌّ
ءافعلتم,ءَأَفْعَلْتُم,mishkat_extracted,,noun,3,3,سلم+ءَأَسْلَمْتُم | شفق+ءَأَشْفَقْتُم | قرر+ءَأَقْرَرْتُم
افتعلن,افْتَعَلْن | لأَفْتَعِلَن | لاَّفْتَعَلْن,mishkat_extracted,,verb,3,3,ءخذ+لاَّتَّخَذْنَاهُ | حنك+لأَحْتَنِكَنَّ | كسب+اكْتَسَبْنَ
افتفعل,أَفَتَفْعَل | أَفَتَفْعُل | أَفَتُفْعِل,mishkat_extracted,,verb,3,3,طمع+أَفَتَطْمَعُونَ | عبد+أَفَتَعْبُدُونَ | هلك+أَفَتُهْلِكُنَا
اففعل,أَفَفَعِل | أَفَفُعْل | أَفَفِعْل,mishkat_extracted,,verb,3,3,حسب+أَفَحَسِبَ | حكم+أَفَحُكْمَ | سحر+أَفَسِحْرٌ
انفعلتم,انفَعَلْتُم,mishkat_extracted,,verb,3,2,طلق+انطَلَقْتُم | قلب+انقَلَبْتُم
بفعل,وَبِفَعِل | وَبِفَعْل,mishkat_extracted,,noun,3,3,ذلك+وَبِذَلِكَ | صدد+وَبِصَدِّهِم | عهد+وَبِعَهْدِ
تتفعلو,تَتَفَعَّلُو,mishkat_extracted,,verb,3,3,بدل+تَتَبَدَّلُوا | فرق+تَتَفَرَّقُوا | فكر+تَتَفَكَّرُوا
تفعلت,تَفَعَّلَت | وَتَفَعَّلَت,mishkat_extracted,,verb,3,3,عمد+تَعَمَّدَت | قطع+وَتَقَطَّعَت | نزل+تَنَزَّلَت
ستفعل,سَتُفْعَل | وَسَتُفَعْل,mishkat_extracted,,verb,3,3,ردد+وَسَتُرَدُّونَ | غلب+سَتُغْلَبُونَ | كتب+سَتُكْتَبُ
فافتعلت,فَافتَعَلَت | فَافْتَعَلَت,mishkat_extracted,,verb,3,3,ءخذ+فَاتَّخَذَت | حرق+فَاحْتَرَقَت | نبذ+فَانتَبَذَت
فافعلتم,فَأَفْعَلْتُم,mishkat_extracted,,verb,3,2,خلف+فَأَخْلَفْتُم | صبح+فَأَصْبَحْتُم
فباعل,فِبَاعِل | فِبَاعِلِي,mishkat_extracted,,noun,3,3,بسط+بِبَاسِطٍ | بلغ+بِبَالِغِهِ | بلغ+بِبَالِغِيهِ
فتعيل,فَتْعِيل,mishkat_extracted,,noun,3,2,تبب+تَتْبِيبٍ | تبر+تَتْبِيرًا
فتفاعل,فَتَفَاعَل,mishkat_extracted,,verb,3,2,برك+فَتَبَارَكَ | شبه+فَتَشَابَهَ
فتفعيل,فَتَفْعِيل,mishkat_extracted,,verb,3,1,حرر+فَتَحْرِيرُ
فعلس,فَعْلَس | فُعْلِس,mishkat_extracted,,noun,3,2,ءسس+أَسَّسَ | ءسس+أُسِّسَ
فعللت,فُعْلِلَت | وَفُعْلِلَت,mishkat_extracted,,verb,3,3,بعثر+بُعْثِرَت | ذلل+وَذُلِّلَت | زلزل+زُلْزِلَتِ
فعولة,فَعُولَة | فَعْوَلَة | فُعُولَة,canonical_table | mishkat_extracted | user_extensions,شاذ | صيغة مبالغة (feminine),noun,3,3,(curated)+شَكُورَة | (curated)+رُجُولَة | بعض+بَعُوضَةً | حمل+حَمُولَةً | قسر+قَسْوَرَةٍ
فنءعل,فَنُؤْعِل,mishkat_extracted,,noun,3,1,ءمن+أَنُؤْمِنُ
فنعلن,لَفَنعُلَن | لَفَنعِلَن,mishkat_extracted,,noun,3,3,نزع+لَنَنزِعَنَّ | نسف+لَنَنسِفَنَّهُ | نصر+لَنَنصُرَنَّكُم
فواعيل,فَوَاعِيل,mishkat_extracted | user_extensions,جمع تكسير,noun,3,2,(curated)+طَوَاحِين | قرر+قَوَارِيرَ | قرر+قَوَارِيرَا
فوعل,الْفَوْعَل | فُوعِل,mishkat_extracted,,noun,3,3,برك+بُورِكَ | عقب+عُوقِبَ | كثر+الْكَوْثَرَ
مفعلت,مَفْعِلَت | مِفعَلَت,mishkat_extracted,,noun,3,2,عذر+مَعْذِرَتُهُم | نسء+مِنسَأَتَهُ
مفعللة,الْمُفَعلَلَة | الْمُفْعَلِلَّة | مُفْعَلِلَّة,mishkat_extracted,,noun,3,3,طمءن+الْمُطْمَئِنَّةُ | طمءن+مُطْمَئِنَّةً | قنطر+الْمُقَنطَرَةِ
نفتعل,نَفْتَعِل,mishkat_extracted | user_extensions,verb_form_VIII,verb,3,3,(curated)+نَكْتَسِب | بهل+نَبْتَهِل | سبق+نَسْتَبِقُ | قبس+نَقْتَبِس
يافعال,يَافِعَال,mishkat_extracted,,noun,3,2,جبل+يَاجِبَالُ | نسء+يَانِسَاءَ
يامفعل,يَامَفْعَل,mishkat_extracted,,noun,3,1,عشر+يَامَعْشَرَ
يستفعلن,لَيَسْتَفْعِلَن | يَسْتَفِعْلَن | يَسْتَفْعِلْن,mishkat_extracted,,verb,3,3,خفف+يَسْتَخِفَّنَّكَ | خلف+لَيَسْتَخْلِفَنَّهُم | عفف+يَسْتَعْفِفْنَ
ءافعلت,ءَأَفعَلْت,mishkat_extracted,,noun,2,1,نذر+ءَأَنذَرْتَهُم
ءالفعل,ءَالفَّعَل,mishkat_extracted,,noun,2,1,ذكر+ءَالذَّكَرَيْنِ
اءفعل,أَءُفعِل | أَؤُفَعِّل,mishkat_extracted,,noun,2,2,نبء+أَؤُنَبِّئُكُم | نزل+أَءُنزِلَ
اتفاعل,أَتُفَاعْل,mishkat_extracted,,verb,2,2,حجج+أَتُحَاجُّونَنَا | حجج+أَتُحَاجُّونِّي
افبفعال,أَفَبِفَعَال,mishkat_extracted,,verb,2,1,عذب+أَفَبِعَذَابِنَا
افتعلتمو,افْتَعَلْتُمُو,mishkat_extracted,,verb,2,2,عزل+اعْتَزَلْتُمُوهُم | قرف+اقْتَرَفْتُمُوهَا
افعتل,افْعَتَل,mishkat_extracted,,verb,2,2,قتل+اقْتَتَلَ | كتب+اكْتَتَبَهَا
افعتلو,افْعَتَلُو,mishkat_extracted,,verb,2,1,قتل+اقْتَتَلُوا
افعلاء,أَفِعْلَاء | أَفْعِلَاء | وَأَفِعْلَاؤ,mishkat_extracted | user_extensions,جمع تكسير,verb,2,2,(curated)+أَصْدِقَاء | حبب+وَأَحِبَّاؤُهُ | شدد+أَشِدَّاءُ
افعلتمو,أَفعَلْتُمُو | أَفْعَلتُمُو,mishkat_extracted,,verb,2,2,ثخن+أَثْخَنتُمُوهُم | نزل+أَنزَلْتُمُوهُ
اففالباعل,أَفَفِالْبَاعِل,mishkat_extracted,,verb,2,1,بطل+أَفَبِالْبَاطِلِ
افنفعل,أَفَنَفْعَل | أَفَنَفْعِل,mishkat_extracted,,verb,2,2,جعل+أَفَنَجْعَلُ | ضرب+أَفَنَضْرِبُ
انفعال,انفِعَال | اِنْفِعَال,canonical_table | mishkat_extracted,المصدر الأصلي,verb,2,2,(curated)+اِنْكِسَار | بعث+انبِعَاثَهُم | فصم+انفِصَامَ
اوفعلتم,أَوَفَعِلْتُم,mishkat_extracted,,noun,2,1,عجب+أَوَعَجِبْتُم
بفعال,لَبِفِعَال | وَبِفَعاَل,mishkat_extracted,,noun,2,2,ءمم+لَبِإِمَامٍ | كلم+وَبِكَلاَمِي
بفعلت,وَبِفَعْلَت | وَبِفِعْلَت,mishkat_extracted,,verb,2,2,رحم+وَبِرَحْمَتِهِ | نعم+وَبِنِعْمَتِ
تفعلق,تَفَعْلَق,mishkat_extracted,,verb,2,1,شقق+تَشَقَّقُ
سنستفعل,سَنَسْتَفْعِل,mishkat_extracted,,noun,2,1,درج+سَنَسْتَدْرِجُهُم
فءتعل,فَءْتَعِل,mishkat_extracted,,noun,2,2,ءخذ+أَتَّخِذ | ءخذ+أَتَّخِذُ
فءتعلن,فَءْتَعَلْن | لفَءْتَعِلَن,mishkat_extracted,,noun,2,2,ءخذ+أَتَّخَذْنَاهُم | ءخذ+لأَتَّخِذَنَّ
فاستفعلتم,فَاسْتَفْعَلْتُم,mishkat_extracted,,verb,2,2,كبر+فَاسْتَكْبَرْتُم | متع+فَاسْتَمْتَعْتُم
فاعول,الفَّاعُول | فَاعُول,canonical_table | mishkat_extracted,اسم الآلة,noun,2,2,(curated)+سَاطُور | كفر+كَافُورًا | نقر+النَّاقُورِ
فالبعلاء,فِالْبَعْلَاء,mishkat_extracted,,noun,2,1,بءس+بِالْبَأْسَاءِ
فالبعلى,فِالْبُعْلَى,mishkat_extracted,,noun,2,1,بشر+بِالْبُشْرَى
فالفعل,فَالْفَعْل | فَالْفُعْل,mishkat_extracted,,noun,2,2,حقق+فَالْحَقُّ | حكم+فَالْحُكْمُ
فالمفعل,فَالْمُفَعِّل,mishkat_extracted,,noun,2,2,دبر+فَالْمُدَبِّرَاتِ | قسم+فَالْمُقَسِّمَاتِ
فانفعلت,فَانفَعَلَت,mishkat_extracted,,verb,2,2,بجس+فَانبَجَسَت | فجر+فَانفَجَرَت
فانفعلو,فَانفَعَلُو,mishkat_extracted,,verb,2,2,طلق+فَانطَلَقُوا | قلب+فَانقَلَبُوا
فبعيل,فِبَعِيل,mishkat_extracted,,noun,2,1,بعد+بِبَعِيدٍ
فتءتعل,فَتَءْتَعِل,mishkat_extracted,,noun,2,2,ءخذ+أَتَتَّخِذُ | ءخذ+أَتَتَّخِذُنَا
فتاعل,فَتَأْعُل,mishkat_extracted,,noun,2,2,ءخذ+أَتَأْخُذُونَهُ | ءمر+أَتَأْمُرُونَ
فتفاعلو,فَتَفَاعَلُو | فَتُفَاعِلُو,mishkat_extracted,,verb,2,2,نزع+فَتَنَازَعُوا | هجر+فَتُهَاجِرُوا
فتنفعلو,فَتَنفَعِلُو,mishkat_extracted,,verb,2,1,قلب+فَتَنقَلِبُوا
فستمعل,فُسْتَمِعْل,mishkat_extracted,,noun,2,2,مرر+مُسْتَمِرٌّ | مرر+مُسْتَمِرٍّ
فعاءكل,فِعَاءَكُل | وَفِعَائِكُل,mishkat_extracted,,noun,2,2,ءمم+وَإِمَائِكُم | دمم+دِمَاءَكُم
فعاليب,فَعاَلِيب | وَفَعَالِيب,mishkat_extracted,,noun,2,2,جلب+جَلاَبِيبِهِنَّ | غرب+وَغَرَابِيبُ
فعلاس,بِالْفِعْلَاس,mishkat_extracted,,noun,2,1,قسط+بِالْقِسْطَاسِ
فعللو,وَفُعْلِلُو,mishkat_extracted,,verb,2,1,زلزل+وَزُلْزِلُوا
فعللوت,الْفَعلَلُوت,mishkat_extracted,,noun,2,1,عنكب+الْعَنكَبُوتِ
فعللير,فَعْلَلِير,mishkat_extracted,,noun,2,2,زمهر+زَمْهَرِيرًا | قمطر+قَمْطَرِيرًا
فعلياء,الْفِعْلِيَاء,mishkat_extracted,,noun,2,1,كبر+الْكِبْرِيَاءُ
ففاعلتم,فَفَأَعِلتُم | فَفَاعَلْتُم,mishkat_extracted,,verb,2,2,ءمن+أَفَأَمِنتُم | عقب+فَعَاقَبْتُم
ففعيل,فَفَعِيل,mishkat_extracted,,noun,2,2,فرق+فَفَرِيقًا | قلل+فَقَلِيلاً
ففنعل,فَفُنَعِّل,mishkat_extracted,,noun,2,2,نبء+فَنُنَبِّئُكُم | نبء+فَنُنَبِّئُهُم
فلافعل,فَلأَفعُل,mishkat_extracted,,verb,2,2,نفس+فَلأَنفُسِكُم | نفس+فَلأَنفُسِهِم
فلعل,فَلَعِل | وَفَلَعَل,mishkat_extracted,,noun,2,2,لبث+لَلَبِثَ | لبس+وَلَلَبَسْنَا
فلنفعلن,فَلَنَفُعْلَن | فَلَنَفْعَلَن,mishkat_extracted,,verb,2,2,سءل+فَلَنَسْئَلَنَّ | قصص+فَلَنَقُصَّنَّ
فليفعلن,فَلَيَفْعَلَن | فَلَيُفَعِّلُن,mishkat_extracted,,verb,2,2,بتك+فَلَيُبَتِّكُنَّ | علم+فَلَيَعْلَمَنَّ
فليفعلو,فَلْيَفْعَلُو,mishkat_extracted,,verb,2,2,ضحك+فَلْيَضْحَكُوا | فرح+فَلْيَفْرَحُوا
فمبعول,فِمَبْعُول,mishkat_extracted,,noun,2,1,بعث+بِمَبْعُوثِينَ
فوعلتم,فُوعِلْتُم,mishkat_extracted,,noun,2,2,عقب+عُوقِبْتُم | قتل+قُوتِلْتُم
فيفاعل,فَيُفَاعِل,mishkat_extracted,,verb,2,1,ضعف+فَيُضَاعِفَهُ
فيفتعل,فَيَفتَعِل | فَيَفْتَعِل,mishkat_extracted,,verb,2,2,عذر+فَيَعْتَذِرُونَ | نقم+فَيَنتَقِمُ
لفعلة,وَلَلفَعِلَة,mishkat_extracted,,noun,2,1,ءخر+وَلَلأَخِرَةُ
مستفعلة,مُسْتَفعِلَة | مُسْتَفْعَلَة | مُسْتَفْعِلَة,canonical_table | mishkat_extracted,اسم الفاعل (feminine) | اسم المفعول (feminine),noun,2,2,(curated)+مُسْتَخْرِجَة | (curated)+مُسْتَخْرَجَة | بشر+مُسْتَبْشِرَةٌ | نفر+مُسْتَنفِرَةٌ
مفتاعل,مُفَتَاعِل,mishkat_extracted,,noun,2,1,تبع+مُتَتَابِعَيْنِ
مفتعلة,مُفْتَعَلَة | مُفْتَعِلَة | وَالْمُفْتَعِلَة,canonical_table | mishkat_extracted,اسم الفاعل (feminine) | اسم المفعول (feminine) | اسم المكان (feminine),noun,2,2,(curated)+مُجْتَهِدَة | (curated)+مُجْتَمَعَة | (curated)+مُجْتَمَعَة | ءفك+وَالْمُؤْتَفِكَةَ | قصد+مُقْتَصِدَةٌ
ياافعيل,يَاإِفْعِيل,mishkat_extracted,,noun,2,1,بلس+يَاإِبْلِيسُ
يتفاعلو,لِيَتَفَاعَلُو | يَتَفَاعَلُو,mishkat_extracted,,verb,2,2,حكم+يَتَحَاكَمُوا | سءل+لِيَتَسَاءَلُوا
يفتعلو,وَلِيَفْتَعِلُو | يَفْتَعِلُو,mishkat_extracted,,verb,2,2,عزل+يَعْتَزِلُوكُم | قرف+وَلِيَقْتَرِفُوا
يفعلل,لِيَفْعَلِل | وَيُفَعْلِل,mishkat_extracted,,verb,2,2,طمءن+لِيَطْمَئِنَّ | قلل+وَيُقَلِّلُكُم
يفعول,يَفعُول | يَفْعُول,mishkat_extracted,,verb,2,2,حمم+يَحْمُومٍ | نبع+يَنبُوعًا
ينفعل,يَنفَعِل | يَنفَعْل,mishkat_extracted,,verb,2,2,طلق+يَنطَلِقُ | قضض+يَنقَضَّ
ءافعال,ءَأَفْعَال,mishkat_extracted,,noun,1,1,ربب+ءَأَرْبَابٌ
اتستفعل,أَتَسْتَفْعِل,mishkat_extracted,,noun,1,1,بدل+أَتَسْتَبْدِلُونَ
اتفاعلونن,أَتُفَاعِلُونَن,mishkat_extracted,,verb,1,1,جدل+أَتُجَادِلُونَنِي
اتفعلونن,أَتُفِعْلُونَن,mishkat_extracted,,verb,1,1,مدد+أَتُمِدُّونَنِ
استفعلن,لأَسْتَفْعِلَن,mishkat_extracted,,verb,1,1,غفر+لأَسْتَغْفِرَنَّ
افاعلتم,افَّاعَلْتُم,mishkat_extracted,,verb,1,1,ثقل+اثَّاقَلْتُم
افاعلو,افَّاعَلُو,mishkat_extracted,,verb,1,1,درك+ادَّارَكُوا
افافعل,أَفَأُفَعِّل,mishkat_extracted,,verb,1,1,نبء+أَفَأُنَبِّئُكُم
افالعال,بِافأَلْعَال,mishkat_extracted,,verb,1,1,لقب+بِالأَلْقَابِ
افبفعلة,أَفَبِفِعْلَة,mishkat_extracted,,verb,1,1,نعم+أَفَبِنِعْمَةِ
افدعل,وَافْدُعِل,mishkat_extracted,,verb,1,1,زجر+وَازْدُجِرَ
افطعلت,وَافْطَعَلْت,mishkat_extracted,,verb,1,1,صنع+وَاصْطَنَعْتُكَ
افطعلتم,افْطُعِلْتُم,mishkat_extracted,,verb,1,1,ضرر+اضْطُرِرْتُم
افعالت,افْعَأَلَّت,mishkat_extracted,,verb,1,1,شمز+اشْمَأَزَّت
افعلتن,افَّعَلْتَن,mishkat_extracted,,verb,1,1,تبع+اتَّبَعْتَنِي
افعلفو,افعَلَفُو,mishkat_extracted,,verb,1,1,نصر+انصَرَفُوا
افعلل,افْعَلَل,mishkat_extracted,,verb,1,1,طمءن+اطْمَأَنَّ
افعللنتم,افْعَلْلَنتُم,mishkat_extracted,,verb,1,1,طمءن+اطْمَأْنَنتُم
افعللو,وَافْعَلَلُّو,mishkat_extracted,,verb,1,1,طمءن+وَاطْمَأَنُّوا
افعول,الأُفْعُول,mishkat_extracted,,verb,1,1,خدد+الأُخْدُودِ
اففعلتم,أَفَفَعِلْتُم,mishkat_extracted,,verb,1,1,حسب+أَفَحَسِبْتُم
انفعلكمو,أَنُفْعِلُكُمُو,mishkat_extracted,,verb,1,1,لزم+أَنُلْزِمُكُمُوهَا
بالافعال,وَبِالأَفْعَال,mishkat_extracted,,noun,1,1,سحر+وَبِالأَسْحَارِ
بالفعال,وَبِالْفِعَال,mishkat_extracted,,noun,1,1,كتب+وَبِالْكِتَابِ
بالفعلة,وَبِالفَعِلَة,mishkat_extracted,,noun,1,1,ءخر+وَبِالأَخِرَةِ
بالمفعال,لَبِالْمِفْعَال,mishkat_extracted,,noun,1,1,رصد+لَبِالْمِرْصَادِ
بفعلة,وَبِفِعْلَة,mishkat_extracted,,noun,1,1,نعم+وَبِنِعْمَةِ
بفعيل,لَبِفَعِيل,mishkat_extracted,,noun,1,1,سبل+لَبِسَبِيلٍ
تفاعلت,تَفَاعَلَت,mishkat_extracted,,verb,1,1,شبه+تَشَابَهَت
تفاعيل,التَّفَاعِيل,mishkat_extracted,,verb,1,1,مثل+التَّمَاثِيلُ
تفعتل,تَفْعَتِل,mishkat_extracted,,verb,1,1,ستر+تَسْتَتِرُونَ
تفعلتم,وَتَفَعَّلْتُم,mishkat_extracted,,verb,1,1,ربص+وَتَرَبَّصْتُم
تفعلسو,تَفَعْلَسُو,mishkat_extracted,,verb,1,1,جسس+تَجَسَّسُوا
تفعلف,التَّفَعْلُف,mishkat_extracted,,verb,1,1,عفف+التَّعَفُّفِ
تفعلى,تَفَعْلَى,mishkat_extracted,,verb,1,1,صدد+تَصَدَّى
تنفعل,وَتَنفَعْل,mishkat_extracted,,verb,1,1,شقق+وَتَنشَقُّ
ساستفعل,سَأَسْتَفْعِل,mishkat_extracted,,noun,1,1,غفر+سَأَسْتَغْفِرُ
سفنعل,سَفَنعُل,mishkat_extracted,,noun,1,1,نظر+سَنَنظُرُ
فءتعلتم,فَءْتَعَلْتُم,mishkat_extracted,,noun,1,1,ءخذ+أَتَّخَذْتُم
فءعل,فَئِعْل,mishkat_extracted,,noun,1,1,ءفك+أَئِفْكًا
فاءتعل,فَأَءْتَعِل,mishkat_extracted,,noun,1,1,ءخذ+ءَأَتَّخِذُ
فابعال,فِأَبْعَال,mishkat_extracted,,noun,1,1,بصر+بِأَبْصَارِهِم
فاعلن,فَاعَلْن,mishkat_extracted,,verb,1,1,هجر+هَاجَرْنَ
فافاعلتم,فَافَّاعَلْتُم,mishkat_extracted,,verb,1,1,درء+فَادَّارَءْتُم
فافتعلتمو,فَافْتَعَلْتُمُو,mishkat_extracted,,verb,1,1,ءخذ+فَاتَّخَذْتُمُوهُم
فالابعال,فِالأَبْعَال,mishkat_extracted,,noun,1,1,بصر+بِالأَبْصَارِ
فبعالة,فِبِعَالَة,mishkat_extracted,,noun,1,1,بضع+بِبِضَاعَةٍ
فبعلة,فِبَعْلَة,mishkat_extracted,,noun,1,1,بكك+بِبَكَّةَ
فبفعلت,فَبِفِعْلَت,mishkat_extracted,,verb,1,1,عزز+فَبِعِزَّتِكَ
فتعلت,لَفْتَعَلْت,mishkat_extracted,,noun,1,1,ءخذ+لَتَّخَذْتَ
فتعلن,فَتَّعِلَن,mishkat_extracted,,noun,1,1,تبع+تَتَّبِعَنِ
فتفعلسو,فَتَفَعْلَسُو,mishkat_extracted,,verb,1,1,حسس+فَتَحَسَّسُوا
فتلعل,فِتَلْعِل,mishkat_extracted,,noun,1,1,لفت+لِتَلْفِتَنَا
فتنعل,فَتَنَعَّل,mishkat_extracted,,noun,1,1,نزل+نَتَنَزَّلُ
فسافعل,فَسَأَفْعُل,mishkat_extracted,,verb,1,1,كتب+فَسَأَكْتُبُهَا
فعابيل,فَعَابِيل,mishkat_extracted,,noun,1,1,ءبل+أَبَابِيلَ
فعتمسل,فُعْتَمْسِل,mishkat_extracted,,noun,1,1,مسك+مُسْتَمْسِكُونَ
فعتنسل,فَعْتَنسِل,mishkat_extracted,,noun,1,1,نسخ+نَسْتَنسِخُ
فعلاج,فَعْلَاج,mishkat_extracted,,noun,1,1,ثجج+ثَجَّاجًا
فعلانية,وَفَعْلَانِيَّة,mishkat_extracted,,noun,1,1,رهب+وَرَهْبَانِيَّةً
فعلب,فَعْلَب,mishkat_extracted,,noun,1,1,حبب+حَبَّبَ
فعلد,وَفَعْلَد,mishkat_extracted,,noun,1,1,عدد+وَعَدَّدَهُ
فعلف,فَعْلَف,mishkat_extracted,,noun,1,1,خفف+خَفَّفَ
فعللن,وَفَعْلَلْن,mishkat_extracted,,verb,1,1,ذلل+وَذَلَّلْنَاهَا
فعليس,فِعْلِيس,mishkat_extracted,,noun,1,1,قسس+قِسِّيسِينَ
ففاءتعلتم,فَفَاءْتَعَلْتُم,mishkat_extracted,,noun,1,1,ءخذ+أَفَاتَّخَذْتُم
ففاعلة,فَفَاعِلَة,mishkat_extracted,,noun,1,1,نظر+فَنَاظِرَةٌ
ففاعلم,فَفَأَعلُم,mishkat_extracted,,noun,1,1,ءنت+أَفَأَنتُم
ففاعلن,فَفَاعَلْن,mishkat_extracted,,verb,1,1,حسب+فَحَاسَبْنَاهَا
ففتءتعل,فَفَتَءْتَعِل,mishkat_extracted,,noun,1,1,ءخذ+أَفَتَتَّخِذُونَهُ
ففتءعل,فَفَتُؤْعِل,mishkat_extracted,,noun,1,1,ءمن+أَفَتُؤْمِنُونَ
ففعالت,فَفَعَّالَت,mishkat_extracted,,noun,1,1,كفر+فَكَفَّارَتُهُ
ففعلتم,فَفَعَلْتُم,mishkat_extracted,,verb,1,1,جعل+فَجَعَلْتُم
ففعلتمو,فَفَعِلْتُمُو,mishkat_extracted,,verb,1,1,كره+فَكَرِهْتُمُوهُ
ففعلز,فَفَعْلَز,mishkat_extracted,,noun,1,1,عزز+فَعَزَّزْنَا
ففعلل,فَفَعْلَل,mishkat_extracted,,noun,1,1,دمدم+فَدَمْدَمَ
ففعللو,فَفُعْلِلُو,mishkat_extracted,,verb,1,1,كبكب+فَكُبْكِبُوا
فكفعل,فَكَفَعِل,mishkat_extracted,,noun,1,1,ذلك+فَكَذَلِكَ
فلافعلن,فَلأُفَعِّلَن,mishkat_extracted,,verb,1,1,قطع+فَلأُقَطِّعَنَّ
فلعلو,فَلَعْلُو,mishkat_extracted,,noun,1,1,لجج+لَلَجُّوا
فلفاعلو,فَلَفَاعَلُو,mishkat_extracted,,noun,1,1,قتل+فَلَقَاتَلُوكُم
فلفعلت,فَلَفَعَلْت,mishkat_extracted,,verb,1,1,عرف+فَلَعَرَفْتَهُم
فلفنعلن,فَلَفُنَعِّلَن,mishkat_extracted,,noun,1,1,نبء+فَلَنُنَبِّئَنَّ
فليتفاعل,فَلْيَتَفَاعَل,mishkat_extracted,,noun,1,1,نفس+فَلْيَتَنَافَسِ
فليستفعل,فَلْيَسْتَفْعِل,mishkat_extracted,,noun,1,1,عفف+فَلْيَسْتَعْفِف
فليستفعلو,فَلْيَسْتَفْعِلُو,mishkat_extracted,,noun,1,1,ءذن+فَلْيَسْتَئْذِنُوا
فليفاعل,فَلْيُفَاعِل,mishkat_extracted,,verb,1,1,قتل+فَلْيُقَاتِل
فمستفعل,فَمُسْتَفَعْل,mishkat_extracted,,noun,1,1,قرر+فَمُسْتَقَرٌّ
فمعلدة,فُمَعْلَدَة,mishkat_extracted,,noun,1,1,مدد+مُمَدَّدَةٍ
فمعولة,فَمْعُولَة,mishkat_extracted,,noun,1,1,منع+مَمْنُوعَةٍ
فنتفعل,فَنَتَفَعَّل,mishkat_extracted,,verb,1,1,برء+فَنَتَبَرَّأَ
فوعلو,فُوعِلُو,mishkat_extracted,,noun,1,1,قتل+قُوتِلُوا
فياعل,فَيَأْعُل,mishkat_extracted,,noun,1,1,ءمر+أَيَأْمُرُكُم
فيتفعل,فَيَتَفَعَّل,mishkat_extracted,,verb,1,1,علم+فَيَتَعَلَّمُونَ
فيتلعل,وَفْيَتَلَعَّل,mishkat_extracted,,noun,1,1,لطف+وَلْيَتَلَطَّف
فيعيل,فِيعِيل,mishkat_extracted,,noun,1,1,سنن+سِينِينَ
فيفعلن,فَيَفْعَلْن,mishkat_extracted,,verb,1,1,ظلل+فَيَظْلَلْنَ
فيلعلو,وَفِيَلْعِلُو,mishkat_extracted,,noun,1,1,لبس+وَلِيَلْبِسُوا
فينفعلو,فَيَنفَعِلُو,mishkat_extracted,,verb,1,1,قلب+فَيَنقَلِبُوا
لفعال,وَلِلفِّعَال,mishkat_extracted,,noun,1,1,رجل+وَلِلرِّجَالِ
لفعل,وَلِلفَعْل,mishkat_extracted,,noun,1,1,ءرض+وَلِلأَرْضِ
لمفعل,وَلِلْمُفَعَّل,mishkat_extracted,,noun,1,1,طلق+وَلِلْمُطَلَّقَاتِ
متفعلة,مُتَفَعَّلَة | مُتَفَعِّلَة,canonical_table | mishkat_extracted,اسم الفاعل (feminine) | اسم المفعول (feminine),noun,1,1,(curated)+مُتَعَلِّمَة | (curated)+مُتَعَلَّمَة | فرق+مُتَفَرِّقَةٍ
مفتسعل,مُفْتَسْعِل,mishkat_extracted,,noun,1,1,سلم+مُسْتَسْلِمُونَ
مفتعيل,مُفْتَعِيل,mishkat_extracted,,noun,1,1,سطر+مُسْتَطِيرًا
مفدعل,مُفْدَعَل,mishkat_extracted,,noun,1,1,زجر+مُزْدَجَرٌ
مفطعل,الْمُفْطَعْل,mishkat_extracted,,noun,1,1,ضرر+الْمُضْطَرَّ
مفعالت,مُفْعَالَّت,mishkat_extracted,,noun,1,1,دهم+مُدْهَامَّتَانِ
مفعلر,مُفَعْلَر,mishkat_extracted,,noun,1,1,حرر+مُحَرَّرًا
مفعلف,لِلْمُفَعْلِف,mishkat_extracted,,noun,1,1,طفف+لِلْمُطَفِّفِينَ
مفعولت,مَفْعُولَت,mishkat_extracted,,noun,1,1,بسط+مَبْسُوطَتَانِ
منفعلة,مُنْفَعَلَة | مُنْفَعِلَة | وَالْمُنْفَعِلَة,canonical_table | mishkat_extracted,اسم الفاعل (feminine) | اسم المفعول (feminine),noun,1,1,(curated)+مُنْكَسِرَة | (curated)+مُنْكَسَرَة | خنق+وَالْمُنْخَنِقَةُ
نفطعل,نَفْطَعْل,mishkat_extracted,,verb,1,1,ضرر+نَضْطَرُّهُم
يافعلة,يَافَعْلَة,mishkat_extracted,,noun,1,1,حسر+يَاحَسْرَةً
يافعلت,يَافَعْلَت,mishkat_extracted,,noun,1,1,حسر+يَاحَسْرَتَنَا
يافعلتى,يَافَعْلَتَى,mishkat_extracted,,noun,1,1,حسر+يَاحَسْرَتَى
يافعلى,يَافَعَلَى,mishkat_extracted,,noun,1,1,ءسف+يَاأَسَفَى
يبنفعل,يَبْنَفُعْل,mishkat_extracted,,noun,1,1,ءمم+يَبْنَؤُمَّ
يتفعلد,يَتَفَعْلَد,mishkat_extracted,,verb,1,1,ردد+يَتَرَدَّدُونَ
يتفعلل,يَتَفَعْلَل,mishkat_extracted,,verb,1,1,سلل+يَتَسَلَّلُونَ
يفاعلن,يُفَاعِلُن,mishkat_extracted,,verb,1,1,نزع+يُنَازِعُنَّكَ
يفاعيل,يَفَاعِيل,mishkat_extracted,,verb,1,1,نبع+يَنَابِيعَ
يفتسعل,يَفْتَسْعِل,mishkat_extracted,,verb,1,1,سخر+يَسْتَسْخِرُونَ
يفطعل,يَفْطَعِل,mishkat_extracted,,verb,1,1,صرخ+يَصْطَرِخُونَ
يفعتل,يَفْعَتِل,mishkat_extracted,,verb,1,1,قتل+يَقْتَتِلاَنِ
يفعلق,يَفَّعْلَق,mishkat_extracted,,verb,1,1,شقق+يَشَّقَّقُ
يفعيل,يَفْعِيل,mishkat_extracted,,verb,1,1,قطن+يَقْطِينٍ
ينفعلو,يَنفَعْلُو,mishkat_extracted,,verb,1,1,فضض+يَنفَضُّوا
افعالة,إِفْعَالَة,canonical_table,اسم المرّة,,0,0,(curated)+إِكْرَامَة
خير,خَيْر,canonical_table,اسم التفضيل,,0,0,(curated)+خَيْر
شر,شَرّ,canonical_table,اسم التفضيل,,0,0,(curated)+شَرّ
فاعولة,فَاعُولَة,canonical_table,اسم الآلة (feminine),,0,0,(curated)+—
فعيعل,فُعَيْعِل,canonical_table,التصغير,,0,0,(curated)+دُرَيْهِم
فعيعلة,فُعَيْعِلَة,canonical_table,التصغير (feminine),,0,0,(curated)+—
فعيعيل,فُعَيْعِيل,canonical_table,التصغير,,0,0,(curated)+عُصَيْفِير
فعيعيلة,فُعَيْعِيلَة,canonical_table,التصغير (feminine),,0,0,(curated)+—
فواعلة,فَوَاعِلَة,user_extensions,شاذ,,0,0,(curated)+قَوَافِلَة
فيعل,فَيْعَل,user_extensions,شاذ,,0,0,(curated)+صَيْرَف
متفاعلة,مُتَفَاعَلَة | مُتَفَاعِلَة,canonical_table,اسم الفاعل (feminine) | اسم المفعول (feminine),,0,0,(curated)+مُتَشَارِكَة | (curated)+مُتَشَارَكَة
مفعالة,مِفْعَالَة,canonical_table,اسم الآلة (feminine) | صيغة مبالغة (feminine),,0,0,(curated)+— | (curated)+—
نستفعل,نَسْتَفْعِل | نَسْتَفْعِلُ,user_extensions,verb_form_X,,0,0,(curated)+نَسْتَخْرِجُ | (curated)+—
ي,ـِيّ,canonical_table,النسب,,0,0,(curated)+عَرَبِيّ
ية,ـِيَّة,canonical_table,المصدر الصناعي | النسب (feminine),,0,0,(curated)+إِنْسَانِيَّة | (curated)+عَرَبِيَّة
—,—,canonical_table,اسم الآلة (feminine) | اسم التفضيل (feminine) | اسم المرّة (feminine) | اسم المكان (feminine) | اسم الهيئة (feminine) | الصفة المشبهة (feminine) | المصدر الأصلي (feminine) | المصدر الصناعي (feminine) | صيغة مبالغة (feminine),,0,0,(curated)+وَقُور | (curated)+جُنُب | (curated)+— | (curated)+— | (curated)+—
