sentence_id,sentence,position,token,word_class,case,mark,role,root,wazn,closed_class_kind
1,مَرَرْتُ بِزَيْدٍ,0,مَرَرْتُ,FIIL,مَبْنِي,,فعل ماضٍ,مرر,فَعَل,
1,مَرَرْتُ بِزَيْدٍ,1,بِزَيْدٍ,ISM_MUARAB,مَجْرُور,كسرة,اسم مجرور,زيد,فَعْلٌ,
2,سِرْتُ مِنَ الْبَيْتِ,0,سِرْتُ,ISM_MUARAB,مَرْفُوع,ضمة,مبتدأ مرفوع,سرت,فِعْل,
2,سِرْتُ مِنَ الْبَيْتِ,1,مِنَ,HARF,مَبْنِي,,حرف جر,,,HARF_JARR
2,سِرْتُ مِنَ الْبَيْتِ,2,الْبَيْتِ,JAMID,مَجْرُور,كسرة,اسم مجرور,,,
3,سِرْتُ إِلَى الْبَيْتِ,0,سِرْتُ,ISM_MUARAB,مَرْفُوع,ضمة,مبتدأ مرفوع,سرت,فِعْل,
3,سِرْتُ إِلَى الْبَيْتِ,1,إِلَى,HARF,مَبْنِي,,حرف جر,,,HARF_JARR
3,سِرْتُ إِلَى الْبَيْتِ,2,الْبَيْتِ,JAMID,مَجْرُور,كسرة,اسم مجرور,,,
4,الْمَاءُ فِي الْكُوزِ,0,الْمَاءُ,JAMID,مَرْفُوع,ضمة,مبتدأ مرفوع,,,
4,الْمَاءُ فِي الْكُوزِ,1,فِي,HARF,مَبْنِي,,حرف جر,,,HARF_JARR
4,الْمَاءُ فِي الْكُوزِ,2,الْكُوزِ,ISM_MUARAB,مَجْرُور,كسرة,اسم مجرور,كوز,فُعِل,
5,رَمَيْتُ السَّهْمَ عَنِ الْقَوْسِ,0,رَمَيْتُ,ISM_MUARAB,مَرْفُوع,ضمة,مبتدأ مرفوع,رمت,فَعَيْل,
5,رَمَيْتُ السَّهْمَ عَنِ الْقَوْسِ,1,السَّهْمَ,ISM_MUARAB,مَنْصُوب,فتحة,اسم منصوب,إلس,فِعَل,
5,رَمَيْتُ السَّهْمَ عَنِ الْقَوْسِ,2,عَنِ,HARF,مَبْنِي,,حرف جر,,,HARF_JARR
5,رَمَيْتُ السَّهْمَ عَنِ الْقَوْسِ,3,الْقَوْسِ,ISM_MUARAB,مَجْرُور,كسرة,اسم مجرور,قوس,فَعْل,
6,وَاللَّهِ لَأَشْرَبَنَّ,0,وَاللَّهِ,HARF,مَبْنِي,,حرف استئناف,,,HARF_ISTINAAD
6,وَاللَّهِ لَأَشْرَبَنَّ,1,لَأَشْرَبَنَّ,FIIL,مَبْنِي,,فعل ماضٍ,شرب,أَفْعَل,
7,بِاللَّهِ لَأَفْعَلَنَّ,0,بِاللَّهِ,HARF,مَبْنِي,,حرف جر,,,HARF_JARR
7,بِاللَّهِ لَأَفْعَلَنَّ,1,لَأَفْعَلَنَّ,FIIL,مَبْنِي,,فعل ماضٍ,فعل,أَفْعَل,
8,تَاللَّهِ لَأَضْرِبَنَّ زَيْدًا,0,تَاللَّهِ,HARF,مَبْنِي,,حرف جر,,,HARF_JARR
8,تَاللَّهِ لَأَضْرِبَنَّ زَيْدًا,1,لَأَضْرِبَنَّ,FIIL,مَبْنِي,,فعل ماضٍ,ضرب,أَفْعِل,
8,تَاللَّهِ لَأَضْرِبَنَّ زَيْدًا,2,زَيْدًا,ISM_MUARAB,مَنْصُوب,فتحة,مفعول به منصوب,زدا,فَيْعِل,
9,الْمَالُ لِزَيْدٍ,0,الْمَالُ,JAMID,مَرْفُوع,ضمة,مبتدأ مرفوع,,,
9,الْمَالُ لِزَيْدٍ,1,لِزَيْدٍ,ISM_MUARAB,مَجْرُور,كسرة,مضاف إليه مجرور,زيد,فَعْلٌ,
10,رُبَّ رَجُلٍ كَرِيمٍ لَقِيتُهُ,0,رُبَّ,JAMID,,,اسم,,,
10,رُبَّ رَجُلٍ كَرِيمٍ لَقِيتُهُ,1,رَجُلٍ,JAMID,مَجْرُور,كسرة,مضاف إليه مجرور,,,
10,رُبَّ رَجُلٍ كَرِيمٍ لَقِيتُهُ,2,كَرِيمٍ,ISM_MUARAB,مَجْرُور,كسرة,نعت مجرور,كرم,فَعِيل,
10,رُبَّ رَجُلٍ كَرِيمٍ لَقِيتُهُ,3,لَقِيتُهُ,ISM_MUARAB,مَرْفُوع,ضمة,مبتدأ مرفوع,لقت,فَعِيل,
11,وَلَيْلٍ كَمَوْجِ الْبَحْرِ,0,وَلَيْلٍ,ISM_MUARAB,مَجْرُور,كسرة,اسم مجرور,ولل,فَعَيْل,
11,وَلَيْلٍ كَمَوْجِ الْبَحْرِ,1,كَمَوْجِ,ISM_MUARAB,مَجْرُور,كسرة,نعت مجرور,كمج,فَعَوْل,
11,وَلَيْلٍ كَمَوْجِ الْبَحْرِ,2,الْبَحْرِ,JAMID,مَجْرُور,كسرة,مضاف إليه مجرور,,,
12,الْكِتَابُ عَلَى الْمَكْتَبِ,0,الْكِتَابُ,JAMID,مَرْفُوع,ضمة,مبتدأ مرفوع,,,
12,الْكِتَابُ عَلَى الْمَكْتَبِ,1,عَلَى,HARF,مَبْنِي,,حرف جر,,,HARF_JARR
12,الْكِتَابُ عَلَى الْمَكْتَبِ,2,الْمَكْتَبِ,ISM_MUARAB,مَجْرُور,كسرة,اسم مجرور,كتب,مَفْعَل,
13,زَيْدٌ كَالْأَسَدِ,0,زَيْدٌ,ISM_MUARAB,مَرْفُوع,ضمة,مبتدأ مرفوع,زيد,فَعْلٌ,
13,زَيْدٌ كَالْأَسَدِ,1,كَالْأَسَدِ,FIIL,مَبْنِي,,فعل ماضٍ,أسد,فَعَل,
14,مَا رَأَيْتُ زَيْدًا مُذْ يَوْمِ الْجُمُعَةِ,0,مَا,ISM_MABNI,مَبْنِي,,اسم مبني,,,ISM_MAWSOOL
14,مَا رَأَيْتُ زَيْدًا مُذْ يَوْمِ الْجُمُعَةِ,1,رَأَيْتُ,UNKNOWN,مَرْفُوع,ضمة,,—,—,OVERRIDE_AS_VERB
14,مَا رَأَيْتُ زَيْدًا مُذْ يَوْمِ الْجُمُعَةِ,2,زَيْدًا,ISM_MUARAB,مَنْصُوب,فتحة,اسم منصوب,زدا,فَيْعِل,
14,مَا رَأَيْتُ زَيْدًا مُذْ يَوْمِ الْجُمُعَةِ,3,مُذْ,UNKNOWN,مَجْزُوم,سكون,,—,—,
14,مَا رَأَيْتُ زَيْدًا مُذْ يَوْمِ الْجُمُعَةِ,4,يَوْمِ,FIIL,مَرْفُوع,ضمة,فعل مضارع,يوم,فَعْل,
14,مَا رَأَيْتُ زَيْدًا مُذْ يَوْمِ الْجُمُعَةِ,5,الْجُمُعَةِ,ISM_MUARAB,مَجْرُور,كسرة,اسم مجرور,,,
15,مَا رَأَيْتُ زَيْدًا مُنْذُ يَوْمِ الْجُمُعَةِ,0,مَا,ISM_MABNI,مَبْنِي,,اسم مبني,,,ISM_MAWSOOL
15,مَا رَأَيْتُ زَيْدًا مُنْذُ يَوْمِ الْجُمُعَةِ,1,رَأَيْتُ,UNKNOWN,مَرْفُوع,ضمة,,—,—,OVERRIDE_AS_VERB
15,مَا رَأَيْتُ زَيْدًا مُنْذُ يَوْمِ الْجُمُعَةِ,2,زَيْدًا,ISM_MUARAB,مَنْصُوب,فتحة,اسم منصوب,زدا,فَيْعِل,
15,مَا رَأَيْتُ زَيْدًا مُنْذُ يَوْمِ الْجُمُعَةِ,3,مُنْذُ,UNKNOWN,مَرْفُوع,ضمة,,—,—,
15,مَا رَأَيْتُ زَيْدًا مُنْذُ يَوْمِ الْجُمُعَةِ,4,يَوْمِ,FIIL,مَرْفُوع,ضمة,فعل مضارع,يوم,فَعْل,
15,مَا رَأَيْتُ زَيْدًا مُنْذُ يَوْمِ الْجُمُعَةِ,5,الْجُمُعَةِ,ISM_MUARAB,مَجْرُور,كسرة,اسم مجرور,,,
16,سَلَامٌ هِيَ حَتَّى مَطْلَعِ الْفَجْرِ,0,سَلَامٌ,ISM_MUARAB,مَرْفُوع,ضمة,مبتدأ مرفوع,لوم,فَاعٍ,
16,سَلَامٌ هِيَ حَتَّى مَطْلَعِ الْفَجْرِ,1,هِيَ,ISM_MABNI,مَبْنِي,,اسم مبني,,,DAMEER
16,سَلَامٌ هِيَ حَتَّى مَطْلَعِ الْفَجْرِ,2,حَتَّى,HARF,مَبْنِي,,حرف نصب,,,HARF_NASB
16,سَلَامٌ هِيَ حَتَّى مَطْلَعِ الْفَجْرِ,3,مَطْلَعِ,ISM_MUARAB,مَجْرُور,كسرة,اسم مجرور,طلع,مَفْعَل,
16,سَلَامٌ هِيَ حَتَّى مَطْلَعِ الْفَجْرِ,4,الْفَجْرِ,ISM_MUARAB,مَجْرُور,كسرة,مضاف إليه مجرور,فجر,فَعْل,
17,جَاءَنِي الْقَوْمُ حَاشَا زَيْدٍ,0,جَاءَنِي,FIIL,مَبْنِي,,فعل ماضٍ,جءن,فَاعَل,
17,جَاءَنِي الْقَوْمُ حَاشَا زَيْدٍ,1,الْقَوْمُ,JAMID,مَرْفُوع,ضمة,فاعل مرفوع,,,
17,جَاءَنِي الْقَوْمُ حَاشَا زَيْدٍ,2,حَاشَا,UNKNOWN,مَنْصُوب,فتحة,,—,—,
17,جَاءَنِي الْقَوْمُ حَاشَا زَيْدٍ,3,زَيْدٍ,ISM_MUARAB,مَجْرُور,كسرة,اسم مجرور,زيد,فَعْلٌ,
18,جَاءَنِي الْقَوْمُ عَدَا زَيْدٍ,0,جَاءَنِي,FIIL,مَبْنِي,,فعل ماضٍ,جءن,فَاعَل,
18,جَاءَنِي الْقَوْمُ عَدَا زَيْدٍ,1,الْقَوْمُ,JAMID,مَرْفُوع,ضمة,فاعل مرفوع,,,
18,جَاءَنِي الْقَوْمُ عَدَا زَيْدٍ,2,عَدَا,UNKNOWN,مَنْصُوب,فتحة,,—,—,
18,جَاءَنِي الْقَوْمُ عَدَا زَيْدٍ,3,زَيْدٍ,ISM_MUARAB,مَجْرُور,كسرة,اسم مجرور,زيد,فَعْلٌ,
19,جَاءَنِي الْقَوْمُ خَلَا زَيْدٍ,0,جَاءَنِي,FIIL,مَبْنِي,,فعل ماضٍ,جءن,فَاعَل,
19,جَاءَنِي الْقَوْمُ خَلَا زَيْدٍ,1,الْقَوْمُ,JAMID,مَرْفُوع,ضمة,فاعل مرفوع,,,
19,جَاءَنِي الْقَوْمُ خَلَا زَيْدٍ,2,خَلَا,UNKNOWN,مَنْصُوب,فتحة,,—,—,OVERRIDE_AS_VERB
19,جَاءَنِي الْقَوْمُ خَلَا زَيْدٍ,3,زَيْدٍ,ISM_MUARAB,مَجْرُور,كسرة,اسم مجرور,زيد,فَعْلٌ,
20,إِنَّ زَيْدًا قَائِمٌ,0,إِنَّ,HARF,مَبْنِي,,حرف,,,HARF
20,إِنَّ زَيْدًا قَائِمٌ,1,زَيْدًا,ISM_MUARAB,مَنْصُوب,فتحة,اسم (إِنَّ) منصوب,زدا,فَيْعِل,
20,إِنَّ زَيْدًا قَائِمٌ,2,قَائِمٌ,ISM_MUARAB,مَرْفُوع,ضمة,خبر (إنّ) مرفوع,قوم,فَائِل,
21,بَلَغَنِي أَنَّ زَيْدًا مُنْطَلِقٌ,0,بَلَغَنِي,ISM_MUARAB,مَجْرُور,كسرة,اسم مجرور,لغن,فَعَلِي,
21,بَلَغَنِي أَنَّ زَيْدًا مُنْطَلِقٌ,1,أَنَّ,HARF,مَبْنِي,,حرف نصب,,,HARF_NASB
21,بَلَغَنِي أَنَّ زَيْدًا مُنْطَلِقٌ,2,زَيْدًا,ISM_MUARAB,مَنْصُوب,فتحة,اسم (أَنَّ) منصوب,زدا,فَيْعِل,
21,بَلَغَنِي أَنَّ زَيْدًا مُنْطَلِقٌ,3,مُنْطَلِقٌ,ISM_MUARAB,مَرْفُوع,ضمة,خبر (إنّ) مرفوع,طلق,مُنْفَعِل,
22,كَأَنَّ زَيْدًا أَسَدٌ,0,كَأَنَّ,HARF,مَبْنِي,,حرف,,,HARF
22,كَأَنَّ زَيْدًا أَسَدٌ,1,زَيْدًا,ISM_MUARAB,مَنْصُوب,فتحة,اسم (كَأَنَّ) منصوب,زدا,فَيْعِل,
22,كَأَنَّ زَيْدًا أَسَدٌ,2,أَسَدٌ,ISM_MUARAB,مَرْفُوع,ضمة,خبر (إنّ) مرفوع,أسد,فَعَل,
23,غَابَ زَيْدٌ لَكِنَّ عَمْرًا حَاضِرٌ,0,غَابَ,FIIL,مَبْنِي,,فعل ماضٍ,غوب,فَالَ,
23,غَابَ زَيْدٌ لَكِنَّ عَمْرًا حَاضِرٌ,1,زَيْدٌ,ISM_MUARAB,مَرْفُوع,ضمة,فاعل مرفوع,زيد,فَعْلٌ,
23,غَابَ زَيْدٌ لَكِنَّ عَمْرًا حَاضِرٌ,2,لَكِنَّ,HARF,مَبْنِي,,حرف,,,HARF
23,غَابَ زَيْدٌ لَكِنَّ عَمْرًا حَاضِرٌ,3,عَمْرًا,ISM_MUARAB,مَنْصُوب,فتحة,اسم (لَكِنَّ) منصوب,عمر,فَعْلًا,
23,غَابَ زَيْدٌ لَكِنَّ عَمْرًا حَاضِرٌ,4,حَاضِرٌ,ISM_MUARAB,مَرْفُوع,ضمة,خبر (إنّ) مرفوع,حضر,فَاعِل,
24,لَيْتَ زَيْدًا طَائِرًا,0,لَيْتَ,UNKNOWN,مَنْصُوب,فتحة,,—,—,
24,لَيْتَ زَيْدًا طَائِرًا,1,زَيْدًا,ISM_MUARAB,مَنْصُوب,فتحة,اسم منصوب,زدا,فَيْعِل,
24,لَيْتَ زَيْدًا طَائِرًا,2,طَائِرًا,ISM_MUARAB,مَنْصُوب,فتحة,نعت منصوب,طور,فَائِلًا,
25,لَعَلَّ السُّلْطَانَ عَادِلٌ,0,لَعَلَّ,HARF,مَبْنِي,,حرف,,,HARF
25,لَعَلَّ السُّلْطَانَ عَادِلٌ,1,السُّلْطَانَ,ISM_MUARAB,مَرْفُوع,ألف,مبتدأ مرفوع,سلط,فُعْلَان,
25,لَعَلَّ السُّلْطَانَ عَادِلٌ,2,عَادِلٌ,ISM_MUARAB,مَرْفُوع,ضمة,خبر مرفوع,عدل,فَاعِل,
26,مَا زَيْدٌ ذَاهِبًا,0,مَا,ISM_MABNI,مَبْنِي,,اسم مبني,,,ISM_MAWSOOL
26,مَا زَيْدٌ ذَاهِبًا,1,زَيْدٌ,ISM_MUARAB,مَرْفُوع,ضمة,مبتدأ مرفوع,زيد,فَعْلٌ,
26,مَا زَيْدٌ ذَاهِبًا,2,ذَاهِبًا,ISM_MUARAB,مَنْصُوب,فتحة,اسم منصوب,ذهب,فَاعِل,
27,لَا رَجُلَ مُسَافِرًا,0,لَا,HARF,مَبْنِي,,حرف جزم,,,HARF_JAZM
27,لَا رَجُلَ مُسَافِرًا,1,رَجُلَ,JAMID,مَنْصُوب,فتحة,اسم منصوب,,,
27,لَا رَجُلَ مُسَافِرًا,2,مُسَافِرًا,ISM_MUARAB,مَنْصُوب,فتحة,نعت منصوب,سفر,مُفَاعِل,
28,اسْتَوَى الْمَاءُ وَالْخَشَبَةَ,0,اسْتَوَى,FIIL,مَبْنِي,,فعل ماضٍ,سوي,افْتَعَل,
28,اسْتَوَى الْمَاءُ وَالْخَشَبَةَ,1,الْمَاءُ,JAMID,مَرْفُوع,ضمة,فاعل مرفوع,,,
28,اسْتَوَى الْمَاءُ وَالْخَشَبَةَ,2,وَالْخَشَبَةَ,ISM_MUARAB,مَنْصُوب,فتحة,مفعول به منصوب,خشب,فَعَلَة,
29,قَامَ الْقَوْمُ إِلَّا زَيْدًا,0,قَامَ,FIIL,مَبْنِي,,فعل ماضٍ,قوم,فَالَ,
29,قَامَ الْقَوْمُ إِلَّا زَيْدًا,1,الْقَوْمُ,JAMID,مَرْفُوع,ضمة,فاعل مرفوع,,,
29,قَامَ الْقَوْمُ إِلَّا زَيْدًا,2,إِلَّا,HARF,مَبْنِي,,حرف,,,HARF
29,قَامَ الْقَوْمُ إِلَّا زَيْدًا,3,زَيْدًا,ISM_MUARAB,مَنْصُوب,فتحة,مفعول به منصوب,زدا,فَيْعِل,
30,يَا رَسُولَ اللَّهِ,0,يَا,UNKNOWN,مَنْصُوب,فتحة,,—,—,
30,يَا رَسُولَ اللَّهِ,1,رَسُولَ,JAMID,مَنْصُوب,فتحة,اسم منصوب,,,
30,يَا رَسُولَ اللَّهِ,2,اللَّهِ,JALALAH,مَجْرُور,كسرة,مضاف إليه مجرور,ءله,,
31,أَيَّا جَمَّا ذَنْبَهُ,0,أَيَّا,UNKNOWN,,,,—,—,
31,أَيَّا جَمَّا ذَنْبَهُ,1,جَمَّا,ISM_MUARAB,,,اسم,جما,فَعَّل,
31,أَيَّا جَمَّا ذَنْبَهُ,2,ذَنْبَهُ,ISM_MUARAB,مَرْفُوع,ضمة,مبتدأ مرفوع,ذنب,فَعْلَهُ,
32,هَيَّا نَاسِيًا نِعْمَةَ اللَّهِ,0,هَيَّا,UNKNOWN,,,,—,—,
32,هَيَّا نَاسِيًا نِعْمَةَ اللَّهِ,1,نَاسِيًا,ISM_MUARAB,مَنْصُوب,فتحة,اسم منصوب,نسا,فَاعِيلٌ,
32,هَيَّا نَاسِيًا نِعْمَةَ اللَّهِ,2,نِعْمَةَ,ISM_MUARAB,مَنْصُوب,فتحة,نعت منصوب,نعم,فِعْلَة,
32,هَيَّا نَاسِيًا نِعْمَةَ اللَّهِ,3,اللَّهِ,JALALAH,مَجْرُور,كسرة,مضاف إليه مجرور,ءله,,
33,أَيَّ تَائِبًا إِلَى رَبِّهِ,0,أَيَّ,ISM_MABNI,مَبْنِي,,اسم مبني,,,ISM_MABNI_GENERIC
33,أَيَّ تَائِبًا إِلَى رَبِّهِ,1,تَائِبًا,ISM_MUARAB,مَنْصُوب,فتحة,اسم منصوب,توب,فَائِلًا,
33,أَيَّ تَائِبًا إِلَى رَبِّهِ,2,إِلَى,HARF,مَبْنِي,,حرف جر,,,HARF_JARR
33,أَيَّ تَائِبًا إِلَى رَبِّهِ,3,رَبِّهِ,JAMID,مَجْرُور,كسرة,اسم مجرور,,,
34,أَعْبُدِ اللَّهَ,0,أَعْبُدِ,FIIL,مَرْفُوع,ضمة,فعل مضارع,عبد,أَفْعُل,
34,أَعْبُدِ اللَّهَ,1,اللَّهَ,JALALAH,مَنْصُوب,فتحة,مفعول به منصوب,ءله,,
35,يَجُوزُ لَكَ أَنْ تَنْصَرِفَ,0,يَجُوزُ,FIIL,مَرْفُوع,ضمة,فعل مضارع,يجز,فَعُول,
35,يَجُوزُ لَكَ أَنْ تَنْصَرِفَ,1,لَكَ,HARF,مَبْنِي,,حرف جر,,,HARF_JARR
35,يَجُوزُ لَكَ أَنْ تَنْصَرِفَ,2,أَنْ,HARF,مَبْنِي,,حرف نصب,,,HARF_NASB
35,يَجُوزُ لَكَ أَنْ تَنْصَرِفَ,3,تَنْصَرِفَ,FIIL,مَنْصُوب,فتحة,فعل مضارع,نصرف,تَفْعَلِل,
36,لَنْ يَنْجَحَ الْكَسْلَانُ,0,لَنْ,HARF,مَبْنِي,,حرف نصب,,,HARF_NASB
36,لَنْ يَنْجَحَ الْكَسْلَانُ,1,يَنْجَحَ,FIIL,مَنْصُوب,فتحة,فعل مضارع,نجح,يَفْعَل,
36,لَنْ يَنْجَحَ الْكَسْلَانُ,2,الْكَسْلَانُ,ISM_MUARAB,مَرْفُوع,ألف,فاعل مرفوع,كسل,فَعْلَان,
37,جِئْتُكَ كَيْ أَتَعَلَّمَ,0,جِئْتُكَ,ISM_MUARAB,مَنْصُوب,فتحة,اسم منصوب,جتك,فِئْعُل,
37,جِئْتُكَ كَيْ أَتَعَلَّمَ,1,كَيْ,HARF,مَبْنِي,,حرف نصب,,,HARF_NASB
37,جِئْتُكَ كَيْ أَتَعَلَّمَ,2,أَتَعَلَّمَ,FIIL,مَنْصُوب,فتحة,فعل مضارع,,,
38,إِذًا تُفْلِحَ,0,إِذًا,HARF,مَبْنِي,,حرف,,,HARF
38,إِذًا تُفْلِحَ,1,تُفْلِحَ,FIIL,مَرْفُوع,ضمة,فعل مضارع,فلح,تُفْعِل,
39,لَمْ يَكْتُبْ زَيْدٌ,0,لَمْ,HARF,مَبْنِي,,حرف جزم,,,HARF_JAZM
39,لَمْ يَكْتُبْ زَيْدٌ,1,يَكْتُبْ,FIIL,مَجْزُوم,سكون,فعل مضارع,كتب,يَفْعُلْ,
39,لَمْ يَكْتُبْ زَيْدٌ,2,زَيْدٌ,ISM_MUARAB,مَرْفُوع,ضمة,فاعل مرفوع,زيد,فَعْلٌ,
40,لَمَّا أَكْتُبْ,0,لَمَّا,HARF,مَبْنِي,,حرف جزم,,,HARF_JAZM
40,لَمَّا أَكْتُبْ,1,أَكْتُبْ,FIIL,مَجْزُوم,سكون,فعل مضارع,كتب,أَفْعُلْ,
41,لِيَنْصُرْ,0,لِيَنْصُرْ,FIIL,مَبْنِي,,فعل ماضٍ,نصر,يَفْعُلْ,
42,لَا تَضْرِبْ,0,لَا,HARF,مَبْنِي,,حرف جزم,,,HARF_JAZM
42,لَا تَضْرِبْ,1,تَضْرِبْ,FIIL,مَجْزُوم,سكون,فعل مضارع,ضرب,تَفْعِلْ,
43,إِنْ تَضْرِبْ أَضْرِبْ,0,إِنْ,HARF,مَبْنِي,,حرف,,,HARF
43,إِنْ تَضْرِبْ أَضْرِبْ,1,تَضْرِبْ,FIIL,مَرْفُوع,ضمة,فعل مضارع,ضرب,تَفْعِلْ,
43,إِنْ تَضْرِبْ أَضْرِبْ,2,أَضْرِبْ,FIIL,مَرْفُوع,ضمة,فعل مضارع,ضرب,أَفْعِلْ,
44,مَنْ يَرْحَمْ يُرْحَمْ,0,مَنْ,ISM_MABNI,مَبْنِي,,اسم مبني,,,ISM_MAWSOOL
44,مَنْ يَرْحَمْ يُرْحَمْ,1,يَرْحَمْ,FIIL,مَرْفُوع,ضمة,فعل مضارع,رحم,يَفْعَلْ,
44,مَنْ يَرْحَمْ يُرْحَمْ,2,يُرْحَمْ,FIIL,مَرْفُوع,ضمة,فعل مضارع,,,
45,مَا تَفْعَلْ أَفْعَلْ,0,مَا,ISM_MABNI,مَبْنِي,,اسم مبني,,,ISM_MAWSOOL
45,مَا تَفْعَلْ أَفْعَلْ,1,تَفْعَلْ,FIIL,مَرْفُوع,ضمة,فعل مضارع,فعل,تَفْعَلْ,
45,مَا تَفْعَلْ أَفْعَلْ,2,أَفْعَلْ,FIIL,مَرْفُوع,ضمة,فعل مضارع,فعل,أَفْعَلْ,
46,أَيَّا تَضْرِبْ أَضْرِبْهُ,0,أَيَّا,UNKNOWN,,,,—,—,
46,أَيَّا تَضْرِبْ أَضْرِبْهُ,1,تَضْرِبْ,FIIL,مَرْفُوع,ضمة,فعل مضارع,ضرب,تَفْعِلْ,
46,أَيَّا تَضْرِبْ أَضْرِبْهُ,2,أَضْرِبْهُ,FIIL,مَرْفُوع,ضمة,فعل مضارع,ضرب,أَفْعِلْ,
47,مَتَى تَكْتُبْ أَكْتُبْ,0,مَتَى,ISM_MABNI,مَبْنِي,,اسم مبني,,,ISM_MABNI_GENERIC
47,مَتَى تَكْتُبْ أَكْتُبْ,1,تَكْتُبْ,FIIL,مَرْفُوع,ضمة,فعل مضارع,كتب,تَفْعُلْ,
47,مَتَى تَكْتُبْ أَكْتُبْ,2,أَكْتُبْ,FIIL,مَرْفُوع,ضمة,فعل مضارع,كتب,أَفْعُلْ,
48,مَهْمَا تَكْتُبْ أَكْتُبْ,0,مَهْمَا,ISM_MABNI,مَبْنِي,,اسم مبني,,,ISM_MABNI_GENERIC
48,مَهْمَا تَكْتُبْ أَكْتُبْ,1,تَكْتُبْ,FIIL,مَرْفُوع,ضمة,فعل مضارع,كتب,تَفْعُلْ,
48,مَهْمَا تَكْتُبْ أَكْتُبْ,2,أَكْتُبْ,FIIL,مَرْفُوع,ضمة,فعل مضارع,كتب,أَفْعُلْ,
49,أَيْنَمَا تَنْزِلْ أَنْزِلْ,0,أَيْنَمَا,ISM_MABNI,مَبْنِي,,اسم مبني,,,ISM_MABNI_GENERIC
49,أَيْنَمَا تَنْزِلْ أَنْزِلْ,1,تَنْزِلْ,FIIL,مَرْفُوع,ضمة,فعل مضارع,نزل,تَفْعِلْ,
49,أَيْنَمَا تَنْزِلْ أَنْزِلْ,2,أَنْزِلْ,FIIL,مَرْفُوع,ضمة,فعل مضارع,نزل,أَفْعِلْ,
50,أَنَّى تَسْتَقِمْ تَرْبَحْ,0,أَنَّى,ISM_MABNI,مَبْنِي,,اسم مبني,,,ISM_MABNI_GENERIC
50,أَنَّى تَسْتَقِمْ تَرْبَحْ,1,تَسْتَقِمْ,FIIL,مَرْفُوع,ضمة,فعل مضارع,,,
50,أَنَّى تَسْتَقِمْ تَرْبَحْ,2,تَرْبَحْ,FIIL,مَرْفُوع,ضمة,فعل مضارع,ربح,تَفْعَلْ,
51,حَيْثُمَا تَسْتَقِمْ يَقْدَرْ لَكَ اللَّهُ نَجَاحًا,0,حَيْثُمَا,UNKNOWN,مَنْصُوب,فتحة,,—,—,
51,حَيْثُمَا تَسْتَقِمْ يَقْدَرْ لَكَ اللَّهُ نَجَاحًا,1,تَسْتَقِمْ,FIIL,مَرْفُوع,ضمة,فعل مضارع,,,
51,حَيْثُمَا تَسْتَقِمْ يَقْدَرْ لَكَ اللَّهُ نَجَاحًا,2,يَقْدَرْ,FIIL,مَرْفُوع,ضمة,فعل مضارع,قدر,يَفْعَلْ,
51,حَيْثُمَا تَسْتَقِمْ يَقْدَرْ لَكَ اللَّهُ نَجَاحًا,3,لَكَ,HARF,مَبْنِي,,حرف جر,,,HARF_JARR
51,حَيْثُمَا تَسْتَقِمْ يَقْدَرْ لَكَ اللَّهُ نَجَاحًا,4,اللَّهُ,JALALAH,مَرْفُوع,ضمة,اسم مجرور,ءله,,
51,حَيْثُمَا تَسْتَقِمْ يَقْدَرْ لَكَ اللَّهُ نَجَاحًا,5,نَجَاحًا,ISM_MUARAB,مَنْصُوب,فتحة,اسم منصوب,نجحا,فَفَاعَل,
52,إِذْمَا تَذْهَبْ أَذْهَبْ,0,إِذْمَا,UNKNOWN,مَنْصُوب,فتحة,,—,—,
52,إِذْمَا تَذْهَبْ أَذْهَبْ,1,تَذْهَبْ,FIIL,مَرْفُوع,ضمة,فعل مضارع,ذهب,تَفْعَلْ,
52,إِذْمَا تَذْهَبْ أَذْهَبْ,2,أَذْهَبْ,FIIL,مَرْفُوع,ضمة,فعل مضارع,ذهب,أَفْعَلْ,
53,لَوْ تَقَدَّمْ تَنْجَحْ,0,لَوْ,HARF,مَبْنِي,,حرف,,,HARF
53,لَوْ تَقَدَّمْ تَنْجَحْ,1,تَقَدَّمْ,FIIL,مَرْفُوع,ضمة,فعل مضارع,,,
53,لَوْ تَقَدَّمْ تَنْجَحْ,2,تَنْجَحْ,FIIL,مَرْفُوع,ضمة,فعل مضارع,نجح,تَفْعَلْ,
54,إِذَا تَتَعَلَّمْ تُفْلِحْ,0,إِذَا,ISM_MABNI,مَبْنِي,,اسم مبني,,,ISM_MABNI_GENERIC
54,إِذَا تَتَعَلَّمْ تُفْلِحْ,1,تَتَعَلَّمْ,FIIL,مَرْفُوع,ضمة,فعل مضارع,,,
54,إِذَا تَتَعَلَّمْ تُفْلِحْ,2,تُفْلِحْ,FIIL,مَرْفُوع,ضمة,فعل مضارع,فلح,تُفْعِلْ,
55,رَأَيْتُ أَحَدَ عَشَرَ كَوْكَبًا,0,رَأَيْتُ,UNKNOWN,مَرْفُوع,ضمة,,—,—,OVERRIDE_AS_VERB
55,رَأَيْتُ أَحَدَ عَشَرَ كَوْكَبًا,1,أَحَدَ,FIIL,مَرْفُوع,ضمة,فعل مضارع,أحد,فَعَل,
55,رَأَيْتُ أَحَدَ عَشَرَ كَوْكَبًا,2,عَشَرَ,FIIL,مَبْنِي,,فعل ماضٍ,عشر,فَعَل,
55,رَأَيْتُ أَحَدَ عَشَرَ كَوْكَبًا,3,كَوْكَبًا,JAMID,مَنْصُوب,فتحة,مفعول به منصوب,,,
56,كَمْ دَارًا بَنَيْتَ؟,0,كَمْ,ISM_MABNI,مَبْنِي,,اسم مبني,,,ISM_MABNI_GENERIC
56,كَمْ دَارًا بَنَيْتَ؟,1,دَارًا,ISM_MUARAB,مَنْصُوب,فتحة,اسم منصوب,دور,فَالَا,
56,كَمْ دَارًا بَنَيْتَ؟,2,بَنَيْتَ؟,ISM_MUARAB,مَنْصُوب,فتحة,نعت منصوب,نت؟,فَيْعَل,
57,كَأَيْنَ عَبْدًا مَلَكْتَ,0,كَأَيْنَ,UNKNOWN,مَجْرُور,ياء,,—,—,
57,كَأَيْنَ عَبْدًا مَلَكْتَ,1,عَبْدًا,JAMID,مَنْصُوب,فتحة,اسم منصوب,,,
57,كَأَيْنَ عَبْدًا مَلَكْتَ,2,مَلَكْتَ,FIIL,مَبْنِي,,فعل ماضٍ,ملك,فَعَل,
58,كَذَا وَكَذَا دِرْهَمًا مَلَكْتَ,0,كَذَا,UNKNOWN,مَنْصُوب,فتحة,,—,—,
58,كَذَا وَكَذَا دِرْهَمًا مَلَكْتَ,1,وَكَذَا,FIIL,مَبْنِي,,فعل ماضٍ,وكذ,فَعَل,
58,كَذَا وَكَذَا دِرْهَمًا مَلَكْتَ,2,دِرْهَمًا,ISM_MUARAB,مَنْصُوب,فتحة,مفعول به منصوب,در,فِل,
58,كَذَا وَكَذَا دِرْهَمًا مَلَكْتَ,3,مَلَكْتَ,FIIL,مَبْنِي,,فعل ماضٍ,ملك,فَعَل,
59,مَلَكْتَ مِائَةَ دِرْهَمٍ,0,مَلَكْتَ,FIIL,مَبْنِي,,فعل ماضٍ,ملك,فَعَل,
59,مَلَكْتَ مِائَةَ دِرْهَمٍ,1,مِائَةَ,UNKNOWN,مَنْصُوب,فتحة,,—,—,
59,مَلَكْتَ مِائَةَ دِرْهَمٍ,2,دِرْهَمٍ,ISM_MUARAB,مَجْرُور,كسرة,اسم مجرور,در,فِل,
60,رَأَيْتُ أَلْفَ رَجُلٍ,0,رَأَيْتُ,UNKNOWN,مَرْفُوع,ضمة,,—,—,OVERRIDE_AS_VERB
60,رَأَيْتُ أَلْفَ رَجُلٍ,1,أَلْفَ,UNKNOWN,مَنْصُوب,فتحة,,—,—,
60,رَأَيْتُ أَلْفَ رَجُلٍ,2,رَجُلٍ,JAMID,مَجْرُور,كسرة,اسم مجرور,,,
61,مَلَكْتَ أَلْوَفَ دَرَاهِمَ,0,مَلَكْتَ,FIIL,مَبْنِي,,فعل ماضٍ,ملك,فَعَل,
61,مَلَكْتَ أَلْوَفَ دَرَاهِمَ,1,أَلْوَفَ,UNKNOWN,مَنْصُوب,فتحة,,—,—,
61,مَلَكْتَ أَلْوَفَ دَرَاهِمَ,2,دَرَاهِمَ,FIIL,مَبْنِي,,فعل ماضٍ,درا,فَعَل,
62,جَمَعْتُ مَلَايِينَ دِرْهَمٍ,0,جَمَعْتُ,FIIL,مَبْنِي,,فعل ماضٍ,جمع,فَعَل,
62,جَمَعْتُ مَلَايِينَ دِرْهَمٍ,1,مَلَايِينَ,UNKNOWN,مَجْرُور,ياء,,—,—,
62,جَمَعْتُ مَلَايِينَ دِرْهَمٍ,2,دِرْهَمٍ,ISM_MUARAB,مَجْرُور,كسرة,اسم مجرور,در,فِل,
63,أَيَّةَ كِتَابًا قَرَأْتَ؟,0,أَيَّةَ,UNKNOWN,مَنْصُوب,فتحة,,—,—,
63,أَيَّةَ كِتَابًا قَرَأْتَ؟,1,كِتَابًا,JAMID,مَنْصُوب,فتحة,اسم منصوب,,,
63,أَيَّةَ كِتَابًا قَرَأْتَ؟,2,قَرَأْتَ؟,ISM_MUARAB,مَنْصُوب,فتحة,نعت منصوب,,,
64,كَيْتَ مَالًا جَمَعْتَ؟,0,كَيْتَ,UNKNOWN,مَنْصُوب,فتحة,,—,—,
64,كَيْتَ مَالًا جَمَعْتَ؟,1,مَالًا,JAMID,مَنْصُوب,فتحة,اسم منصوب,,,
64,كَيْتَ مَالًا جَمَعْتَ؟,2,جَمَعْتَ؟,ISM_MUARAB,مَنْصُوب,فتحة,نعت منصوب,,,
65,جَاءَ ذُو مَالٍ كَثِيرٍ,0,جَاءَ,FIIL,مَبْنِي,,فعل ماضٍ,جوء,فَالَ,
65,جَاءَ ذُو مَالٍ كَثِيرٍ,1,ذُو,UNKNOWN,مَرْفُوع,ضمة,,—,—,
65,جَاءَ ذُو مَالٍ كَثِيرٍ,2,مَالٍ,JAMID,مَجْرُور,كسرة,اسم مجرور,,,
65,جَاءَ ذُو مَالٍ كَثِيرٍ,3,كَثِيرٍ,ISM_MUARAB,مَجْرُور,كسرة,نعت مجرور,كثر,فَعِيل,
66,يَا رَيْحَانُ رُوَيْدَ زَيْدًا,0,يَا,UNKNOWN,مَنْصُوب,فتحة,,—,—,
66,يَا رَيْحَانُ رُوَيْدَ زَيْدًا,1,رَيْحَانُ,ISM_MUARAB,مَرْفُوع,ألف,مبتدأ مرفوع,ريح,فَعْلَان,
66,يَا رَيْحَانُ رُوَيْدَ زَيْدًا,2,رُوَيْدَ,UNKNOWN,مَنْصُوب,فتحة,,—,—,
66,يَا رَيْحَانُ رُوَيْدَ زَيْدًا,3,زَيْدًا,ISM_MUARAB,مَنْصُوب,فتحة,اسم منصوب,زدا,فَيْعِل,
67,يَا وَلَدَانِ بَلْهَ بَسِيطًا,0,يَا,UNKNOWN,مَنْصُوب,فتحة,,—,—,
67,يَا وَلَدَانِ بَلْهَ بَسِيطًا,1,وَلَدَانِ,JAMID,مَرْفُوع,ألف,مبتدأ مرفوع,,,
67,يَا وَلَدَانِ بَلْهَ بَسِيطًا,2,بَلْهَ,UNKNOWN,مَنْصُوب,فتحة,,—,—,
67,يَا وَلَدَانِ بَلْهَ بَسِيطًا,3,بَسِيطًا,ISM_MUARAB,مَنْصُوب,فتحة,اسم منصوب,بسط,فَعِيل,
68,يَا بَسِيطُ دُونَكَ الْكِتَابَ,0,يَا,UNKNOWN,مَنْصُوب,فتحة,,—,—,
68,يَا بَسِيطُ دُونَكَ الْكِتَابَ,1,بَسِيطُ,ISM_MUARAB,مَرْفُوع,ضمة,مبتدأ مرفوع,بسط,فَعِيل,
68,يَا بَسِيطُ دُونَكَ الْكِتَابَ,2,دُونَكَ,UNKNOWN,مَنْصُوب,فتحة,,—,—,
68,يَا بَسِيطُ دُونَكَ الْكِتَابَ,3,الْكِتَابَ,JAMID,مَنْصُوب,فتحة,اسم منصوب,,,
69,يَا رَيْحَانُ عَلَيْكَ مُهْتَدِيًا,0,يَا,UNKNOWN,مَنْصُوب,فتحة,,—,—,
69,يَا رَيْحَانُ عَلَيْكَ مُهْتَدِيًا,1,رَيْحَانُ,ISM_MUARAB,مَرْفُوع,ألف,مبتدأ مرفوع,ريح,فَعْلَان,
69,يَا رَيْحَانُ عَلَيْكَ مُهْتَدِيًا,2,عَلَيْكَ,HARF,مَبْنِي,,حرف جر,,,HARF_JARR
69,يَا رَيْحَانُ عَلَيْكَ مُهْتَدِيًا,3,مُهْتَدِيًا,ISM_MUARAB,مَجْرُور,كسرة,اسم مجرور,هدي,افْتَعَل,
70,يَا سَرْمِينُ هَاءَ دِرْهَمًا,0,يَا,UNKNOWN,مَنْصُوب,فتحة,,—,—,
70,يَا سَرْمِينُ هَاءَ دِرْهَمًا,1,سَرْمِينُ,ISM_MUARAB,مَجْرُور,ياء,اسم مجرور,سرم,فَعْلَان,
70,يَا سَرْمِينُ هَاءَ دِرْهَمًا,2,هَاءَ,UNKNOWN,مَنْصُوب,فتحة,,—,—,
70,يَا سَرْمِينُ هَاءَ دِرْهَمًا,3,دِرْهَمًا,ISM_MUARAB,مَنْصُوب,فتحة,اسم منصوب,در,فِل,
71,يَا وَلَدَانِ حَيَّهَلِ الْقَهْوَةَ,0,يَا,UNKNOWN,مَنْصُوب,فتحة,,—,—,
71,يَا وَلَدَانِ حَيَّهَلِ الْقَهْوَةَ,1,وَلَدَانِ,JAMID,مَرْفُوع,ألف,مبتدأ مرفوع,,,
71,يَا وَلَدَانِ حَيَّهَلِ الْقَهْوَةَ,2,حَيَّهَلِ,UNKNOWN,مَجْرُور,كسرة,,—,—,
71,يَا وَلَدَانِ حَيَّهَلِ الْقَهْوَةَ,3,الْقَهْوَةَ,ISM_MUARAB,مَنْصُوب,فتحة,اسم منصوب,قهو,فَعْلَة,
72,هَيْهَاتَ الْعَقِيقُ,0,هَيْهَاتَ,ISM_MABNI,مَبْنِي,,اسم مبني,,,ISM_MABNI_GENERIC
72,هَيْهَاتَ الْعَقِيقُ,1,الْعَقِيقُ,ISM_MUARAB,مَرْفُوع,ضمة,مبتدأ مرفوع,عقق,فَعِيل,
73,شَتَّانَ سَرْمِينُ وَبَسِيطٌ,0,شَتَّانَ,UNKNOWN,مَرْفُوع,ألف,,—,—,
73,شَتَّانَ سَرْمِينُ وَبَسِيطٌ,1,سَرْمِينُ,ISM_MUARAB,مَجْرُور,ياء,اسم مجرور,سرم,فَعْلَان,
73,شَتَّانَ سَرْمِينُ وَبَسِيطٌ,2,وَبَسِيطٌ,ISM_MUARAB,مَرْفُوع,ضمة,مبتدأ مرفوع,بسط,فَعِيل,
74,سُرْعَانَ زَيْدٌ خُرُوجًا,0,سُرْعَانَ,UNKNOWN,مَرْفُوع,ألف,,—,—,
74,سُرْعَانَ زَيْدٌ خُرُوجًا,1,زَيْدٌ,ISM_MUARAB,مَرْفُوع,ضمة,مبتدأ مرفوع,زيد,فَعْلٌ,
74,سُرْعَانَ زَيْدٌ خُرُوجًا,2,خُرُوجًا,ISM_MUARAB,مَنْصُوب,فتحة,اسم منصوب,خرج,فُعُول,
75,كَانَ الْعَالِمُ طَالِبًا,0,كَانَ,UNKNOWN,مَرْفُوع,ألف,,—,—,OVERRIDE_AS_VERB
75,كَانَ الْعَالِمُ طَالِبًا,1,الْعَالِمُ,ISM_MUARAB,مَرْفُوع,ضمة,مبتدأ مرفوع,علم,فَاعِل,
75,كَانَ الْعَالِمُ طَالِبًا,2,طَالِبًا,ISM_MUARAB,مَنْصُوب,فتحة,اسم منصوب,طلب,فَاعِل,
76,صَارَ الْحَدِيدُ سَيْفًا,0,صَارَ,UNKNOWN,مَنْصُوب,فتحة,,—,—,
76,صَارَ الْحَدِيدُ سَيْفًا,1,الْحَدِيدُ,JAMID,مَرْفُوع,ضمة,مبتدأ مرفوع,,,
76,صَارَ الْحَدِيدُ سَيْفًا,2,سَيْفًا,ISM_MUARAB,مَنْصُوب,فتحة,اسم منصوب,سفا,فَيْعِل,
77,أَصْبَحَ الْبَرْدُ شَدِيدًا,0,أَصْبَحَ,UNKNOWN,مَنْصُوب,فتحة,,—,—,OVERRIDE_AS_VERB
77,أَصْبَحَ الْبَرْدُ شَدِيدًا,1,الْبَرْدُ,ISM_MUARAB,مَرْفُوع,ضمة,مبتدأ مرفوع,برد,فَعْل,
77,أَصْبَحَ الْبَرْدُ شَدِيدًا,2,شَدِيدًا,ISM_MUARAB,مَنْصُوب,فتحة,اسم منصوب,شدد,فَعِيل,
78,أَمْسَى الْفَلَّاحُ رَاجِعًا,0,أَمْسَى,UNKNOWN,مَنْصُوب,فتحة,,—,—,
78,أَمْسَى الْفَلَّاحُ رَاجِعًا,1,الْفَلَّاحُ,ISM_MUARAB,مَرْفُوع,ضمة,مبتدأ مرفوع,فلح,فَعَّال,
78,أَمْسَى الْفَلَّاحُ رَاجِعًا,2,رَاجِعًا,ISM_MUARAB,مَنْصُوب,فتحة,اسم منصوب,رجع,فَاعِل,
79,أَضْحَى الطَّالِبُ مُصَلِّيًا,0,أَضْحَى,UNKNOWN,مَنْصُوب,فتحة,,—,—,
79,أَضْحَى الطَّالِبُ مُصَلِّيًا,1,الطَّالِبُ,ISM_MUARAB,مَرْفُوع,ضمة,مبتدأ مرفوع,طلب,فَاعِل,
79,أَضْحَى الطَّالِبُ مُصَلِّيًا,2,مُصَلِّيًا,ISM_MUARAB,مَنْصُوب,فتحة,اسم منصوب,صلي,مُفَعِّل,
80,ظَلَّ بَسِيطٌ صَائِمًا,0,ظَلَّ,UNKNOWN,,,,—,—,OVERRIDE_AS_VERB
80,ظَلَّ بَسِيطٌ صَائِمًا,1,بَسِيطٌ,ISM_MUARAB,مَرْفُوع,ضمة,مبتدأ مرفوع,بسط,فَعِيل,
80,ظَلَّ بَسِيطٌ صَائِمًا,2,صَائِمًا,ISM_MUARAB,مَنْصُوب,فتحة,اسم منصوب,صوم,فَائِلًا,
81,بَاتَ الطَّالِبُ مُتَدَرِّسًا,0,بَاتَ,UNKNOWN,مَنْصُوب,كسرة,,—,—,
81,بَاتَ الطَّالِبُ مُتَدَرِّسًا,1,الطَّالِبُ,ISM_MUARAB,مَرْفُوع,ضمة,مبتدأ مرفوع,طلب,فَاعِل,
81,بَاتَ الطَّالِبُ مُتَدَرِّسًا,2,مُتَدَرِّسًا,ISM_MUARAB,مَنْصُوب,فتحة,اسم منصوب,درس,مُتَفَعِّل,
82,مَا زَالَ زَيْدٌ مُنْفَرِدًا,0,مَا,ISM_MABNI,مَبْنِي,,اسم مبني,,,ISM_MAWSOOL
82,مَا زَالَ زَيْدٌ مُنْفَرِدًا,1,زَالَ,FIIL,مَبْنِي,,فعل ماضٍ,زول,فَالَ,
82,مَا زَالَ زَيْدٌ مُنْفَرِدًا,2,زَيْدٌ,ISM_MUARAB,مَرْفُوع,ضمة,فاعل مرفوع,زيد,فَعْلٌ,
82,مَا زَالَ زَيْدٌ مُنْفَرِدًا,3,مُنْفَرِدًا,ISM_MUARAB,مَنْصُوب,فتحة,مفعول به منصوب,فرد,مُنْفَعِل,
83,مَا بَرِحَ الْجَهْلُ مُضِرًّا,0,مَا,ISM_MABNI,مَبْنِي,,اسم مبني,,,ISM_MAWSOOL
83,مَا بَرِحَ الْجَهْلُ مُضِرًّا,1,بَرِحَ,FIIL,مَبْنِي,,فعل ماضٍ,برح,فَعل,
83,مَا بَرِحَ الْجَهْلُ مُضِرًّا,2,الْجَهْلُ,ISM_MUARAB,مَرْفُوع,ضمة,فاعل مرفوع,جهل,فَعْل,
83,مَا بَرِحَ الْجَهْلُ مُضِرًّا,3,مُضِرًّا,ISM_MUARAB,,,اسم,ضرر,مُفِعّ,
84,مَا فَتِئَ سَرْمِينُ مُتَبَسِّمًا,0,مَا,ISM_MABNI,مَبْنِي,,اسم مبني,,,ISM_MAWSOOL
84,مَا فَتِئَ سَرْمِينُ مُتَبَسِّمًا,1,فَتِئَ,FIIL,مَبْنِي,,فعل ماضٍ,فتئ,فَعل,
84,مَا فَتِئَ سَرْمِينُ مُتَبَسِّمًا,2,سَرْمِينُ,ISM_MUARAB,مَجْرُور,ياء,اسم مجرور,سرم,فَعْلَان,
84,مَا فَتِئَ سَرْمِينُ مُتَبَسِّمًا,3,مُتَبَسِّمًا,ISM_MUARAB,مَنْصُوب,فتحة,مفعول به منصوب,بسم,مُتَفَعِّل,
85,مَا انْفَكَّ هَاشِمٌ عَالِمًا,0,مَا,ISM_MABNI,مَبْنِي,,اسم مبني,,,ISM_MAWSOOL
85,مَا انْفَكَّ هَاشِمٌ عَالِمًا,1,انْفَكَّ,FIIL,مَبْنِي,,فعل ماضٍ,إنف,فِعْل,
85,مَا انْفَكَّ هَاشِمٌ عَالِمًا,2,هَاشِمٌ,ISM_MUARAB,مَرْفُوع,ضمة,فاعل مرفوع,هشم,فَاعِل,
85,مَا انْفَكَّ هَاشِمٌ عَالِمًا,3,عَالِمًا,ISM_MUARAB,مَنْصُوب,فتحة,مفعول به منصوب,علم,فَاعِل,
86,مَا دَامَ الْفَاسِقُ مُتَرَدِّدًا,0,مَا,ISM_MABNI,مَبْنِي,,اسم مبني,,,ISM_MAWSOOL
86,مَا دَامَ الْفَاسِقُ مُتَرَدِّدًا,1,دَامَ,FIIL,مَبْنِي,,فعل ماضٍ,دوم,فَالَ,
86,مَا دَامَ الْفَاسِقُ مُتَرَدِّدًا,2,الْفَاسِقُ,ISM_MUARAB,مَرْفُوع,ضمة,فاعل مرفوع,فسق,فَاعِل,
86,مَا دَامَ الْفَاسِقُ مُتَرَدِّدًا,3,مُتَرَدِّدًا,ISM_MUARAB,مَنْصُوب,فتحة,مفعول به منصوب,ردد,مُتَفَعِّل,
87,لَيْسَ زَيْدٌ حَاضِرًا,0,لَيْسَ,UNKNOWN,مَنْصُوب,فتحة,,—,—,OVERRIDE_AS_VERB
87,لَيْسَ زَيْدٌ حَاضِرًا,1,زَيْدٌ,ISM_MUARAB,مَرْفُوع,ضمة,مبتدأ مرفوع,زيد,فَعْلٌ,
87,لَيْسَ زَيْدٌ حَاضِرًا,2,حَاضِرًا,ISM_MUARAB,مَنْصُوب,فتحة,اسم منصوب,حضر,فَاعِل,
88,عَسَى زَيْدٌ أَنْ يَحْضُرَ,0,عَسَى,UNKNOWN,مَنْصُوب,فتحة,,—,—,OVERRIDE_AS_VERB
88,عَسَى زَيْدٌ أَنْ يَحْضُرَ,1,زَيْدٌ,ISM_MUARAB,مَرْفُوع,ضمة,مبتدأ مرفوع,زيد,فَعْلٌ,
88,عَسَى زَيْدٌ أَنْ يَحْضُرَ,2,أَنْ,HARF,مَبْنِي,,حرف نصب,,,HARF_NASB
88,عَسَى زَيْدٌ أَنْ يَحْضُرَ,3,يَحْضُرَ,FIIL,مَنْصُوب,فتحة,فعل مضارع,حضر,يَفْعُل,
89,كَادَ زَيْدٌ يَقُومُ,0,كَادَ,UNKNOWN,مَنْصُوب,فتحة,,—,—,OVERRIDE_AS_VERB
89,كَادَ زَيْدٌ يَقُومُ,1,زَيْدٌ,ISM_MUARAB,مَرْفُوع,ضمة,مبتدأ مرفوع,زيد,فَعْلٌ,
89,كَادَ زَيْدٌ يَقُومُ,2,يَقُومُ,FIIL,مَرْفُوع,ضمة,فعل مضارع,يقم,فَعُول,
90,كَرُبَ الْقَلْبُ يَذُوبُ,0,كَرُبَ,UNKNOWN,مَنْصُوب,فتحة,,—,—,
90,كَرُبَ الْقَلْبُ يَذُوبُ,1,الْقَلْبُ,JAMID,مَرْفُوع,ضمة,مبتدأ مرفوع,,,
90,كَرُبَ الْقَلْبُ يَذُوبُ,2,يَذُوبُ,FIIL,مَرْفُوع,ضمة,فعل مضارع,يذب,فَعُول,
91,أَوْشَكَ زَيْدٌ أَنْ يَقُومَ,0,أَوْشَكَ,UNKNOWN,مَنْصُوب,فتحة,,—,—,
91,أَوْشَكَ زَيْدٌ أَنْ يَقُومَ,1,زَيْدٌ,ISM_MUARAB,مَرْفُوع,ضمة,مبتدأ مرفوع,زيد,فَعْلٌ,
91,أَوْشَكَ زَيْدٌ أَنْ يَقُومَ,2,أَنْ,HARF,مَبْنِي,,حرف نصب,,,HARF_NASB
91,أَوْشَكَ زَيْدٌ أَنْ يَقُومَ,3,يَقُومَ,FIIL,مَنْصُوب,فتحة,فعل مضارع,يقم,فَعُول,
92,نِعْمَ الرَّجُلُ مُحَمَّدٌ,0,نِعْمَ,UNKNOWN,مَنْصُوب,فتحة,,—,—,OVERRIDE_AS_VERB
92,نِعْمَ الرَّجُلُ مُحَمَّدٌ,1,الرَّجُلُ,ISM_MUARAB,مَرْفُوع,ضمة,مبتدأ مرفوع,رجل,فَعل,
92,نِعْمَ الرَّجُلُ مُحَمَّدٌ,2,مُحَمَّدٌ,ISM_MUARAB,مَرْفُوع,ضمة,خبر مرفوع,حمد,مُفَعَّل,
93,بِئْسَ الطَّالِبُ النَّوَّامُ,0,بِئْسَ,UNKNOWN,مَنْصُوب,فتحة,,—,—,OVERRIDE_AS_VERB
93,بِئْسَ الطَّالِبُ النَّوَّامُ,1,الطَّالِبُ,ISM_MUARAB,مَرْفُوع,ضمة,مبتدأ مرفوع,طلب,فَاعِل,
93,بِئْسَ الطَّالِبُ النَّوَّامُ,2,النَّوَّامُ,ISM_MUARAB,مَرْفُوع,ضمة,خبر مرفوع,نوم,فَعَّال,
94,سَاءَ الطَّالِبُ الْكَسُولُ,0,سَاءَ,UNKNOWN,مَنْصُوب,فتحة,,—,—,OVERRIDE_AS_VERB
94,سَاءَ الطَّالِبُ الْكَسُولُ,1,الطَّالِبُ,ISM_MUARAB,مَرْفُوع,ضمة,مبتدأ مرفوع,طلب,فَاعِل,
94,سَاءَ الطَّالِبُ الْكَسُولُ,2,الْكَسُولُ,ISM_MUARAB,مَرْفُوع,ضمة,خبر مرفوع,كسل,فَعُول,
95,حَبَّذَا زَيْدٌ,0,حَبَّذَا,UNKNOWN,مَنْصُوب,فتحة,,—,—,
95,حَبَّذَا زَيْدٌ,1,زَيْدٌ,ISM_MUARAB,مَرْفُوع,ضمة,مبتدأ مرفوع,زيد,فَعْلٌ,
96,حَسِبْتُ زَيْدًا حَاضِرًا,0,حَسِبْتُ,UNKNOWN,مَرْفُوع,ضمة,,—,—,OVERRIDE_AS_VERB
96,حَسِبْتُ زَيْدًا حَاضِرًا,1,زَيْدًا,ISM_MUARAB,مَنْصُوب,فتحة,اسم منصوب,زدا,فَيْعِل,
96,حَسِبْتُ زَيْدًا حَاضِرًا,2,حَاضِرًا,ISM_MUARAB,مَنْصُوب,فتحة,نعت منصوب,حضر,فَاعِل,
97,خِلْتُ الْهِلَالَ لَائِحًا,0,خِلْتُ,UNKNOWN,مَرْفُوع,ضمة,,—,—,OVERRIDE_AS_VERB
97,خِلْتُ الْهِلَالَ لَائِحًا,1,الْهِلَالَ,ISM_MUARAB,مَنْصُوب,فتحة,اسم منصوب,هلل,فِعَال,
97,خِلْتُ الْهِلَالَ لَائِحًا,2,لَائِحًا,ISM_MUARAB,مَنْصُوب,فتحة,اسم منصوب,لوح,فَائِلًا,
98,ظَنَنْتُ زَيْدًا قَائِمًا,0,ظَنَنْتُ,UNKNOWN,مَرْفُوع,ضمة,,—,—,OVERRIDE_AS_VERB
98,ظَنَنْتُ زَيْدًا قَائِمًا,1,زَيْدًا,ISM_MUARAB,مَنْصُوب,فتحة,اسم منصوب,زدا,فَيْعِل,
98,ظَنَنْتُ زَيْدًا قَائِمًا,2,قَائِمًا,ISM_MUARAB,مَنْصُوب,فتحة,نعت منصوب,قوم,فَائِلًا,
99,رَأَيْتُ الطَّالِبَ نَاجِحًا,0,رَأَيْتُ,UNKNOWN,مَرْفُوع,ضمة,,—,—,OVERRIDE_AS_VERB
99,رَأَيْتُ الطَّالِبَ نَاجِحًا,1,الطَّالِبَ,ISM_MUARAB,مَنْصُوب,فتحة,اسم منصوب,طلب,فَاعِل,
99,رَأَيْتُ الطَّالِبَ نَاجِحًا,2,نَاجِحًا,ISM_MUARAB,مَنْصُوب,فتحة,اسم منصوب,نجح,فَاعِل,
100,عَلِمْتُ الزَّاهِدَ مَرْزُوقًا,0,عَلِمْتُ,UNKNOWN,مَرْفُوع,ضمة,,—,—,OVERRIDE_AS_VERB
100,عَلِمْتُ الزَّاهِدَ مَرْزُوقًا,1,الزَّاهِدَ,ISM_MUARAB,مَنْصُوب,فتحة,اسم منصوب,زهد,فَاعِل,
100,عَلِمْتُ الزَّاهِدَ مَرْزُوقًا,2,مَرْزُوقًا,ISM_MUARAB,مَنْصُوب,فتحة,اسم منصوب,رزق,مَفْعُول,
101,وَجَدْتُ الْعِلْمَ نَافِعًا,0,وَجَدْتُ,UNKNOWN,مَرْفُوع,ضمة,,—,—,OVERRIDE_AS_VERB
101,وَجَدْتُ الْعِلْمَ نَافِعًا,1,الْعِلْمَ,ISM_MUARAB,مَنْصُوب,فتحة,اسم منصوب,علم,فِعْل,
101,وَجَدْتُ الْعِلْمَ نَافِعًا,2,نَافِعًا,ISM_MUARAB,مَنْصُوب,فتحة,اسم منصوب,نفع,فَاعِل,
102,زَعَمْتُ زَيْدًا عَالِمًا,0,زَعَمْتُ,UNKNOWN,مَرْفُوع,ضمة,,—,—,OVERRIDE_AS_VERB
102,زَعَمْتُ زَيْدًا عَالِمًا,1,زَيْدًا,ISM_MUARAB,مَنْصُوب,فتحة,اسم منصوب,زدا,فَيْعِل,
102,زَعَمْتُ زَيْدًا عَالِمًا,2,عَالِمًا,ISM_MUARAB,مَنْصُوب,فتحة,نعت منصوب,علم,فَاعِل,
