sentence_id,sentence,position,token,word_class,case,mark,role,root,wazn,closed_class_kind,case_source,role_source,word_class_source,notes
1,مَرَرْتُ بِزَيْدٍ,0,مَرَرْتُ,ISM_MUARAB,مَرْفُوع,ضمة,مبتدأ مرفوع,مرر,فَعل,,ending: ending:ضمة → مرفوع,mubtada_first_marfu,open_class+nominal_wazn:فَعل,
1,مَرَرْتُ بِزَيْدٍ,1,بِزَيْدٍ,ISM_MUARAB,مَجْرُور,كسرة,مضاف إليه مجرور,زيد,فَعْلٍ,,ending: ending:تنوين كسر → مجرور,mudaf_ilayh,open_class+nominal_wazn:فَعْلٍ,
2,سِرْتُ مِنَ الْبَيْتِ,0,سِرْتُ,ISM_MUARAB,مَرْفُوع,ضمة,مبتدأ مرفوع,سرت,فِعْل,,ending: ending:ضمة → مرفوع,mubtada_first_marfu,open_class+nominal_wazn:فِعْل,
2,سِرْتُ مِنَ الْبَيْتِ,1,مِنَ,HARF,مَبْنِي,,حرف جر,,,HARF_JARR,layer1:HARF_is_mabni,harf_kind:HARF_JARR,closed_class:HARF_JARR,مَبْنِي عَلَى الْفَتْحِ
2,سِرْتُ مِنَ الْبَيْتِ,2,الْبَيْتِ,JAMID,مَجْرُور,كسرة,اسم مجرور,,,,ism+prev_HARF_JARR(مِنَ),after_HARF_JARR(مِنَ),jamid_detector,
3,سِرْتُ إِلَى الْبَيْتِ,0,سِرْتُ,ISM_MUARAB,مَرْفُوع,ضمة,مبتدأ مرفوع,سرت,فِعْل,,ending: ending:ضمة → مرفوع,mubtada_first_marfu,open_class+nominal_wazn:فِعْل,
3,سِرْتُ إِلَى الْبَيْتِ,1,إِلَى,HARF,مَبْنِي,,حرف جر,,,HARF_JARR,layer1:HARF_is_mabni,harf_kind:HARF_JARR,closed_class:HARF_JARR,مَبْنِي عَلَى الْفَتْحِ
3,سِرْتُ إِلَى الْبَيْتِ,2,الْبَيْتِ,JAMID,مَجْرُور,كسرة,اسم مجرور,,,,ism+prev_HARF_JARR(إِلَى),after_HARF_JARR(إِلَى),jamid_detector,
4,الْمَاءُ فِي الْكُوزِ,0,الْمَاءُ,JAMID,مَرْفُوع,ضمة,مبتدأ مرفوع,,,,ending: ending:ضمة → مرفوع,mubtada_first_marfu,jamid_detector,
4,الْمَاءُ فِي الْكُوزِ,1,فِي,HARF,مَبْنِي,,حرف جر,,,HARF_JARR,layer1:HARF_is_mabni,harf_kind:HARF_JARR,closed_class:HARF_JARR,مَبْنِي عَلَى الْكَسْرِ
4,الْمَاءُ فِي الْكُوزِ,2,الْكُوزِ,ISM_MUARAB,مَجْرُور,كسرة,اسم مجرور,كوز,فُعًل,,ism+prev_HARF_JARR(فِي),after_HARF_JARR(فِي),open_class+nominal_wazn:فُعًل,
5,رَمَيْتُ السَّهْمَ عَنِ الْقَوْسِ,0,رَمَيْتُ,ISM_MUARAB,مَرْفُوع,ضمة,مبتدأ مرفوع,رمت,فَعَيْل,,ending: ending:ضمة → مرفوع,mubtada_first_marfu,open_class+nominal_wazn:فَعَيْل,
5,رَمَيْتُ السَّهْمَ عَنِ الْقَوْسِ,1,السَّهْمَ,ISM_MUARAB,مَنْصُوب,فتحة,اسم منصوب,إلس,فِعَل,,ending: ending:فتحة → منصوب,fallback_case_only,open_class+nominal_wazn:فِعَل,
5,رَمَيْتُ السَّهْمَ عَنِ الْقَوْسِ,2,عَنِ,HARF,مَبْنِي,,حرف جر,,,HARF_JARR,layer1:HARF_is_mabni,harf_kind:HARF_JARR,closed_class:HARF_JARR,مَبْنِي عَلَى الْكَسْرِ
5,رَمَيْتُ السَّهْمَ عَنِ الْقَوْسِ,3,الْقَوْسِ,ISM_MUARAB,مَجْرُور,كسرة,اسم مجرور,قوس,فَعْل,,ism+prev_HARF_JARR(عَنِ),after_HARF_JARR(عَنِ),open_class+nominal_wazn:فَعْل,
6,وَاللَّهِ لَأَشْرَبَنَّ,0,وَاللَّهِ,HARF,مَبْنِي,,حرف استئناف,,,HARF_ISTINAAD,layer1:HARF_is_mabni,harf_kind:HARF_ISTINAAD,closed_class:HARF_ISTINAAD,مَبْنِي عَلَى الْكَسْرِ
6,وَاللَّهِ لَأَشْرَبَنَّ,1,لَأَشْرَبَنَّ,FIIL,مَبْنِي,,فعل ماضٍ,شرب,أَفْعَل,,PV:mabni,fiil_aspect:PV,open_class+verbal_wazn:أَفْعَل,
7,بِاللَّهِ لَأَفْعَلَنَّ,0,بِاللَّهِ,HARF,مَبْنِي,,حرف جر,,,HARF_JARR,layer1:HARF_is_mabni,harf_kind:HARF_JARR,closed_class:HARF_JARR,مَبْنِي عَلَى الْكَسْرِ
7,بِاللَّهِ لَأَفْعَلَنَّ,1,لَأَفْعَلَنَّ,FIIL,مَبْنِي,,فعل ماضٍ,فعل,أَفْعَل,,PV:mabni,fiil_aspect:PV,open_class+verbal_wazn:أَفْعَل,
8,تَاللَّهِ لَأَضْرِبَنَّ زَيْدًا,0,تَاللَّهِ,HARF,مَبْنِي,,حرف جر,,,HARF_JARR,layer1:HARF_is_mabni,harf_kind:HARF_JARR,closed_class:HARF_JARR,مَبْنِي عَلَى الْكَسْرِ
8,تَاللَّهِ لَأَضْرِبَنَّ زَيْدًا,1,لَأَضْرِبَنَّ,FIIL,مَبْنِي,,فعل ماضٍ,ضرب,أَفْعِل,,PV:mabni,fiil_aspect:PV,open_class+verbal_wazn:أَفْعِل,
8,تَاللَّهِ لَأَضْرِبَنَّ زَيْدًا,2,زَيْدًا,ISM_MUARAB,مَنْصُوب,فتحة,مفعول به منصوب,زدا,فَيْعِل,,ending: ending:تنوين فتح → منصوب,mafool_bih_after_verb,open_class+nominal_wazn:فَيْعِل,
9,الْمَالُ لِزَيْدٍ,0,الْمَالُ,JAMID,مَرْفُوع,ضمة,مبتدأ مرفوع,,,,ending: ending:ضمة → مرفوع,mubtada_first_marfu,jamid_detector,
9,الْمَالُ لِزَيْدٍ,1,لِزَيْدٍ,ISM_MUARAB,مَجْرُور,كسرة,مضاف إليه مجرور,زيد,فَعْلٍ,,ending: ending:تنوين كسر → مجرور,mudaf_ilayh,open_class+nominal_wazn:فَعْلٍ,
10,رُبَّ رَجُلٍ كَرِيمٍ لَقِيتُهُ,0,رُبَّ,JAMID,,,اسم,,,,unknown_ending,fallback_case_only,jamid_detector,
10,رُبَّ رَجُلٍ كَرِيمٍ لَقِيتُهُ,1,رَجُلٍ,JAMID,مَجْرُور,كسرة,مضاف إليه مجرور,,,,ending: ending:تنوين كسر → مجرور,mudaf_ilayh,jamid_detector,
10,رُبَّ رَجُلٍ كَرِيمٍ لَقِيتُهُ,2,كَرِيمٍ,ISM_MUARAB,مَجْرُور,كسرة,نعت مجرور,كرم,فَعِيل,,ending: ending:تنوين كسر → مجرور,naat_agrees_prev,open_class+nominal_wazn:فَعِيل,
10,رُبَّ رَجُلٍ كَرِيمٍ لَقِيتُهُ,3,لَقِيتُهُ,ISM_MUARAB,مَرْفُوع,ضمة,مبتدأ مرفوع,لقت,فَعِيل,,ending: ending:ضمة → مرفوع,mubtada_first_marfu,open_class+nominal_wazn:فَعِيل,
11,وَلَيْلٍ كَمَوْجِ الْبَحْرِ,0,وَلَيْلٍ,ISM_MUARAB,مَجْرُور,كسرة,اسم مجرور,ولل,فَعَيْل,,ending: ending:تنوين كسر → مجرور,fallback_case_only,open_class+nominal_wazn:فَعَيْل,
11,وَلَيْلٍ كَمَوْجِ الْبَحْرِ,1,كَمَوْجِ,ISM_MUARAB,مَجْرُور,كسرة,نعت مجرور,كمج,فَعَوْل,,ending: ending:كسرة → مجرور,naat_agrees_prev,open_class+nominal_wazn:فَعَوْل,
11,وَلَيْلٍ كَمَوْجِ الْبَحْرِ,2,الْبَحْرِ,JAMID,مَجْرُور,كسرة,مضاف إليه مجرور,,,,ending: ending:كسرة → مجرور,mudaf_ilayh,jamid_detector,
12,الْكِتَابُ عَلَى الْمَكْتَبِ,0,الْكِتَابُ,JAMID,مَرْفُوع,ضمة,مبتدأ مرفوع,,,,ending: ending:ضمة → مرفوع,mubtada_first_marfu,jamid_detector,
12,الْكِتَابُ عَلَى الْمَكْتَبِ,1,عَلَى,HARF,مَبْنِي,,حرف جر,,,HARF_JARR,layer1:HARF_is_mabni,harf_kind:HARF_JARR,closed_class:HARF_JARR,مَبْنِي عَلَى الْفَتْحِ
12,الْكِتَابُ عَلَى الْمَكْتَبِ,2,الْمَكْتَبِ,ISM_MUARAB,مَجْرُور,كسرة,اسم مجرور,كتب,مَفْعَل,,ism+prev_HARF_JARR(عَلَى),after_HARF_JARR(عَلَى),open_class+nominal_wazn:مَفْعَل,
13,زَيْدٌ كَالْأَسَدِ,0,زَيْدٌ,ISM_MUARAB,مَرْفُوع,ضمة,مبتدأ مرفوع,زيد,فَعْلٍ,,ending: ending:تنوين ضم → مرفوع,mubtada_first_marfu,open_class+nominal_wazn:فَعْلٍ,
13,زَيْدٌ كَالْأَسَدِ,1,كَالْأَسَدِ,ISM_MUARAB,مَجْرُور,كسرة,مضاف إليه مجرور,أسد,فَعل,,ending: ending:كسرة → مجرور,mudaf_ilayh,open_class+nominal_wazn:فَعل,
14,مَا رَأَيْتُ زَيْدًا مُذْ يَوْمِ الْجُمُعَةِ,0,مَا,ISM_MABNI,مَبْنِي,,اسم مبني,,,ISM_MAWSOOL,layer1:ISM_MABNI_is_mabni,ism_mabni_default,closed_class:ISM_MAWSOOL,مَبْنِي عَلَى الْفَتْحِ
14,مَا رَأَيْتُ زَيْدًا مُذْ يَوْمِ الْجُمُعَةِ,1,رَأَيْتُ,UNKNOWN,مَرْفُوع,ضمة,,—,—,OVERRIDE_AS_VERB,unknown_class+ending: ending:ضمة → مرفوع,,unhandled_status:closed_class,
14,مَا رَأَيْتُ زَيْدًا مُذْ يَوْمِ الْجُمُعَةِ,2,زَيْدًا,ISM_MUARAB,مَنْصُوب,فتحة,اسم منصوب,زدا,فَيْعِل,,ending: ending:تنوين فتح → منصوب,fallback_case_only,open_class+nominal_wazn:فَيْعِل,
14,مَا رَأَيْتُ زَيْدًا مُذْ يَوْمِ الْجُمُعَةِ,3,مُذْ,UNKNOWN,مَجْزُوم,سكون,,—,—,,unknown_class+ending: ending:سكون → مجزوم/مبني,,unhandled_status:closed_class,
14,مَا رَأَيْتُ زَيْدًا مُذْ يَوْمِ الْجُمُعَةِ,4,يَوْمِ,FIIL,مَرْفُوع,ضمة,فعل مضارع,يوم,فَعْل,,IV:default_marfu (ضمة),fiil_aspect:IV,open_class+surface_verb_heuristic (wazn=فَعْل),
14,مَا رَأَيْتُ زَيْدًا مُذْ يَوْمِ الْجُمُعَةِ,5,الْجُمُعَةِ,ISM_MUARAB,مَجْرُور,كسرة,اسم مجرور,,,,ending: ending:كسرة → مجرور,fallback_case_only,no_match_default_ism,
15,مَا رَأَيْتُ زَيْدًا مُنْذُ يَوْمِ الْجُمُعَةِ,0,مَا,ISM_MABNI,مَبْنِي,,اسم مبني,,,ISM_MAWSOOL,layer1:ISM_MABNI_is_mabni,ism_mabni_default,closed_class:ISM_MAWSOOL,مَبْنِي عَلَى الْفَتْحِ
15,مَا رَأَيْتُ زَيْدًا مُنْذُ يَوْمِ الْجُمُعَةِ,1,رَأَيْتُ,UNKNOWN,مَرْفُوع,ضمة,,—,—,OVERRIDE_AS_VERB,unknown_class+ending: ending:ضمة → مرفوع,,unhandled_status:closed_class,
15,مَا رَأَيْتُ زَيْدًا مُنْذُ يَوْمِ الْجُمُعَةِ,2,زَيْدًا,ISM_MUARAB,مَنْصُوب,فتحة,اسم منصوب,زدا,فَيْعِل,,ending: ending:تنوين فتح → منصوب,fallback_case_only,open_class+nominal_wazn:فَيْعِل,
15,مَا رَأَيْتُ زَيْدًا مُنْذُ يَوْمِ الْجُمُعَةِ,3,مُنْذُ,UNKNOWN,مَرْفُوع,ضمة,,—,—,,unknown_class+ending: ending:ضمة → مرفوع,,unhandled_status:closed_class,
15,مَا رَأَيْتُ زَيْدًا مُنْذُ يَوْمِ الْجُمُعَةِ,4,يَوْمِ,FIIL,مَرْفُوع,ضمة,فعل مضارع,يوم,فَعْل,,IV:default_marfu (ضمة),fiil_aspect:IV,open_class+surface_verb_heuristic (wazn=فَعْل),
15,مَا رَأَيْتُ زَيْدًا مُنْذُ يَوْمِ الْجُمُعَةِ,5,الْجُمُعَةِ,ISM_MUARAB,مَجْرُور,كسرة,اسم مجرور,,,,ending: ending:كسرة → مجرور,fallback_case_only,no_match_default_ism,
16,سَلَامٌ هِيَ حَتَّى مَطْلَعِ الْفَجْرِ,0,سَلَامٌ,ISM_MUARAB,مَرْفُوع,ضمة,مبتدأ مرفوع,لوم,فَالَ,,ending: ending:تنوين ضم → مرفوع,mubtada_first_marfu,open_class+nominal_wazn:فَالَ,
16,سَلَامٌ هِيَ حَتَّى مَطْلَعِ الْفَجْرِ,1,هِيَ,ISM_MABNI,مَبْنِي,,اسم مبني,,,DAMEER,layer1:ISM_MABNI_is_mabni,ism_mabni_default,closed_class:DAMEER,مَبْنِي عَلَى الْفَتْحِ
16,سَلَامٌ هِيَ حَتَّى مَطْلَعِ الْفَجْرِ,2,حَتَّى,HARF,مَبْنِي,,حرف نصب,,,HARF_NASB,layer1:HARF_is_mabni,harf_kind:HARF_NASB,closed_class:HARF_NASB,مَبْنِي عَلَى الْفَتْحِ (مشدد)
16,سَلَامٌ هِيَ حَتَّى مَطْلَعِ الْفَجْرِ,3,مَطْلَعِ,ISM_MUARAB,مَجْرُور,كسرة,اسم مجرور,طلع,مَفْعَل,,ending: ending:كسرة → مجرور,fallback_case_only,open_class+nominal_wazn:مَفْعَل,
16,سَلَامٌ هِيَ حَتَّى مَطْلَعِ الْفَجْرِ,4,الْفَجْرِ,ISM_MUARAB,مَجْرُور,كسرة,مضاف إليه مجرور,فجر,فَعْل,,ending: ending:كسرة → مجرور,mudaf_ilayh,open_class+nominal_wazn:فَعْل,
17,جَاءَنِي الْقَوْمُ حَاشَا زَيْدٍ,0,جَاءَنِي,ISM_MUARAB,مَجْرُور,كسرة,اسم مجرور,جءن,فَأَعل,,ending: ending:كسرة → مجرور,fallback_case_only,open_class+nominal_wazn:فَأَعل,
17,جَاءَنِي الْقَوْمُ حَاشَا زَيْدٍ,1,الْقَوْمُ,JAMID,مَرْفُوع,ضمة,مبتدأ مرفوع,,,,ending: ending:ضمة → مرفوع,mubtada_first_marfu,jamid_detector,
17,جَاءَنِي الْقَوْمُ حَاشَا زَيْدٍ,2,حَاشَا,UNKNOWN,مَنْصُوب,فتحة,,—,—,,unknown_class+ending: ending:فتحة → منصوب,,unhandled_status:closed_class,
17,جَاءَنِي الْقَوْمُ حَاشَا زَيْدٍ,3,زَيْدٍ,ISM_MUARAB,مَجْرُور,كسرة,اسم مجرور,زيد,فَعْلٍ,,ending: ending:تنوين كسر → مجرور,fallback_case_only,open_class+nominal_wazn:فَعْلٍ,
18,جَاءَنِي الْقَوْمُ عَدَا زَيْدٍ,0,جَاءَنِي,ISM_MUARAB,مَجْرُور,كسرة,اسم مجرور,جءن,فَأَعل,,ending: ending:كسرة → مجرور,fallback_case_only,open_class+nominal_wazn:فَأَعل,
18,جَاءَنِي الْقَوْمُ عَدَا زَيْدٍ,1,الْقَوْمُ,JAMID,مَرْفُوع,ضمة,مبتدأ مرفوع,,,,ending: ending:ضمة → مرفوع,mubtada_first_marfu,jamid_detector,
18,جَاءَنِي الْقَوْمُ عَدَا زَيْدٍ,2,عَدَا,UNKNOWN,مَنْصُوب,فتحة,,—,—,,unknown_class+ending: ending:فتحة → منصوب,,unhandled_status:closed_class,
18,جَاءَنِي الْقَوْمُ عَدَا زَيْدٍ,3,زَيْدٍ,ISM_MUARAB,مَجْرُور,كسرة,اسم مجرور,زيد,فَعْلٍ,,ending: ending:تنوين كسر → مجرور,fallback_case_only,open_class+nominal_wazn:فَعْلٍ,
19,جَاءَنِي الْقَوْمُ خَلَا زَيْدٍ,0,جَاءَنِي,ISM_MUARAB,مَجْرُور,كسرة,اسم مجرور,جءن,فَأَعل,,ending: ending:كسرة → مجرور,fallback_case_only,open_class+nominal_wazn:فَأَعل,
19,جَاءَنِي الْقَوْمُ خَلَا زَيْدٍ,1,الْقَوْمُ,JAMID,مَرْفُوع,ضمة,مبتدأ مرفوع,,,,ending: ending:ضمة → مرفوع,mubtada_first_marfu,jamid_detector,
19,جَاءَنِي الْقَوْمُ خَلَا زَيْدٍ,2,خَلَا,UNKNOWN,مَنْصُوب,فتحة,,—,—,OVERRIDE_AS_VERB,unknown_class+ending: ending:فتحة → منصوب,,unhandled_status:closed_class,
19,جَاءَنِي الْقَوْمُ خَلَا زَيْدٍ,3,زَيْدٍ,ISM_MUARAB,مَجْرُور,كسرة,اسم مجرور,زيد,فَعْلٍ,,ending: ending:تنوين كسر → مجرور,fallback_case_only,open_class+nominal_wazn:فَعْلٍ,
20,إِنَّ زَيْدًا قَائِمٌ,0,إِنَّ,HARF,مَبْنِي,,حرف,,,HARF,layer1:HARF_is_mabni,harf_kind:HARF,closed_class:HARF,مَبْنِي عَلَى الْفَتْحِ (مشدد)
20,إِنَّ زَيْدًا قَائِمٌ,1,زَيْدًا,ISM_MUARAB,مَنْصُوب,فتحة,اسم (إِنَّ) منصوب,زدا,فَيْعِل,,ending: ending:تنوين فتح → منصوب,ism_inna_after(إِنَّ),open_class+nominal_wazn:فَيْعِل,
20,إِنَّ زَيْدًا قَائِمٌ,2,قَائِمٌ,ISM_MUARAB,مَرْفُوع,ضمة,خبر (إنّ) مرفوع,قوم,فَائِل,,ending: ending:تنوين ضم → مرفوع,khabar_inna,open_class+nominal_wazn:فَائِل,
21,بَلَغَنِي أَنَّ زَيْدًا مُنْطَلِقٌ,0,بَلَغَنِي,ISM_MUARAB,مَجْرُور,كسرة,اسم مجرور,لغن,فَعَلِي,,ending: ending:كسرة → مجرور,fallback_case_only,open_class+nominal_wazn:فَعَلِي,
21,بَلَغَنِي أَنَّ زَيْدًا مُنْطَلِقٌ,1,أَنَّ,HARF,مَبْنِي,,حرف نصب,,,HARF_NASB,layer1:HARF_is_mabni,harf_kind:HARF_NASB,closed_class:HARF_NASB,مَبْنِي عَلَى الْفَتْحِ (مشدد)
21,بَلَغَنِي أَنَّ زَيْدًا مُنْطَلِقٌ,2,زَيْدًا,ISM_MUARAB,مَنْصُوب,فتحة,اسم (أَنَّ) منصوب,زدا,فَيْعِل,,ending: ending:تنوين فتح → منصوب,ism_inna_after(أَنَّ),open_class+nominal_wazn:فَيْعِل,
21,بَلَغَنِي أَنَّ زَيْدًا مُنْطَلِقٌ,3,مُنْطَلِقٌ,ISM_MUARAB,مَرْفُوع,ضمة,خبر (إنّ) مرفوع,طلق,مُنْفَعِل,,ending: ending:تنوين ضم → مرفوع,khabar_inna,open_class+nominal_wazn:مُنْفَعِل,
22,كَأَنَّ زَيْدًا أَسَدٌ,0,كَأَنَّ,HARF,مَبْنِي,,حرف,,,HARF,layer1:HARF_is_mabni,harf_kind:HARF,closed_class:HARF,مَبْنِي عَلَى الْفَتْحِ (مشدد)
22,كَأَنَّ زَيْدًا أَسَدٌ,1,زَيْدًا,ISM_MUARAB,مَنْصُوب,فتحة,اسم (كَأَنَّ) منصوب,زدا,فَيْعِل,,ending: ending:تنوين فتح → منصوب,ism_inna_after(كَأَنَّ),open_class+nominal_wazn:فَيْعِل,
22,كَأَنَّ زَيْدًا أَسَدٌ,2,أَسَدٌ,ISM_MUARAB,مَرْفُوع,ضمة,خبر (إنّ) مرفوع,أسد,فَعل,,ending: ending:تنوين ضم → مرفوع,khabar_inna,open_class+nominal_wazn:فَعل,
23,غَابَ زَيْدٌ لَكِنَّ عَمْرًا حَاضِرٌ,0,غَابَ,FIIL,مَبْنِي,,فعل ماضٍ,غوب,فَالَ,,PV:mabni_ala_fath,fiil_aspect:PV,open_class+verbal_wazn:فَالَ,
23,غَابَ زَيْدٌ لَكِنَّ عَمْرًا حَاضِرٌ,1,زَيْدٌ,ISM_MUARAB,مَرْفُوع,ضمة,فاعل مرفوع,زيد,فَعْلٍ,,ending: ending:تنوين ضم → مرفوع,faail_after_verb,open_class+nominal_wazn:فَعْلٍ,
23,غَابَ زَيْدٌ لَكِنَّ عَمْرًا حَاضِرٌ,2,لَكِنَّ,HARF,مَبْنِي,,حرف,,,HARF,layer1:HARF_is_mabni,harf_kind:HARF,closed_class:HARF,مَبْنِي عَلَى الْفَتْحِ (مشدد)
23,غَابَ زَيْدٌ لَكِنَّ عَمْرًا حَاضِرٌ,3,عَمْرًا,ISM_MUARAB,مَنْصُوب,فتحة,اسم (لَكِنَّ) منصوب,عمر,فَعْلًا,,ending: ending:تنوين فتح → منصوب,ism_inna_after(لَكِنَّ),open_class+nominal_wazn:فَعْلًا,
23,غَابَ زَيْدٌ لَكِنَّ عَمْرًا حَاضِرٌ,4,حَاضِرٌ,ISM_MUARAB,مَرْفُوع,ضمة,خبر (إنّ) مرفوع,حضر,فَأَعل,,ending: ending:تنوين ضم → مرفوع,khabar_inna,open_class+nominal_wazn:فَأَعل,
24,لَيْتَ زَيْدًا طَائِرًا,0,لَيْتَ,UNKNOWN,مَنْصُوب,فتحة,,—,—,,unknown_class+ending: ending:فتحة → منصوب,,unhandled_status:closed_class,
24,لَيْتَ زَيْدًا طَائِرًا,1,زَيْدًا,ISM_MUARAB,مَنْصُوب,فتحة,اسم منصوب,زدا,فَيْعِل,,ending: ending:تنوين فتح → منصوب,fallback_case_only,open_class+nominal_wazn:فَيْعِل,
24,لَيْتَ زَيْدًا طَائِرًا,2,طَائِرًا,ISM_MUARAB,مَنْصُوب,فتحة,نعت منصوب,طور,فَائِلًا,,ending: ending:تنوين فتح → منصوب,naat_agrees_prev,open_class+nominal_wazn:فَائِلًا,
25,لَعَلَّ السُّلْطَانَ عَادِلٌ,0,لَعَلَّ,HARF,مَبْنِي,,حرف,,,HARF,layer1:HARF_is_mabni,harf_kind:HARF,closed_class:HARF,مَبْنِي عَلَى الْفَتْحِ (مشدد)
25,لَعَلَّ السُّلْطَانَ عَادِلٌ,1,السُّلْطَانَ,ISM_MUARAB,مَرْفُوع,ألف,مبتدأ مرفوع,سلط,فُعْلَان,,ending: ending:ان → مثنى مرفوع (ألف),mubtada_first_marfu,open_class+nominal_wazn:فُعْلَان,
25,لَعَلَّ السُّلْطَانَ عَادِلٌ,2,عَادِلٌ,ISM_MUARAB,مَرْفُوع,ضمة,خبر مرفوع,عدل,فَأَعل,,ending: ending:تنوين ضم → مرفوع,khabar_after_mubtada,open_class+nominal_wazn:فَأَعل,
26,مَا زَيْدٌ ذَاهِبًا,0,مَا,ISM_MABNI,مَبْنِي,,اسم مبني,,,ISM_MAWSOOL,layer1:ISM_MABNI_is_mabni,ism_mabni_default,closed_class:ISM_MAWSOOL,مَبْنِي عَلَى الْفَتْحِ
26,مَا زَيْدٌ ذَاهِبًا,1,زَيْدٌ,ISM_MUARAB,مَرْفُوع,ضمة,مبتدأ مرفوع,زيد,فَعْلٍ,,ending: ending:تنوين ضم → مرفوع,mubtada_first_marfu,open_class+nominal_wazn:فَعْلٍ,
26,مَا زَيْدٌ ذَاهِبًا,2,ذَاهِبًا,ISM_MUARAB,مَنْصُوب,فتحة,اسم منصوب,ذهب,فَأَعل,,ending: ending:تنوين فتح → منصوب,fallback_case_only,open_class+nominal_wazn:فَأَعل,
27,لَا رَجُلَ مُسَافِرًا,0,لَا,HARF,مَبْنِي,,حرف جزم,,,HARF_JAZM,layer1:HARF_is_mabni,harf_kind:HARF_JAZM,closed_class:HARF_JAZM,مَبْنِي عَلَى الْفَتْحِ
27,لَا رَجُلَ مُسَافِرًا,1,رَجُلَ,JAMID,مَنْصُوب,فتحة,اسم منصوب,,,,ending: ending:فتحة → منصوب,fallback_case_only,jamid_detector,
27,لَا رَجُلَ مُسَافِرًا,2,مُسَافِرًا,ISM_MUARAB,مَنْصُوب,فتحة,نعت منصوب,سفر,مُفَاعِل,,ending: ending:تنوين فتح → منصوب,naat_agrees_prev,open_class+nominal_wazn:مُفَاعِل,
28,اسْتَوَى الْمَاءُ وَالْخَشَبَةَ,0,اسْتَوَى,FIIL,مَبْنِي,,فعل ماضٍ,سوي,افْتَعَل,,PV:mabni_ala_fath,fiil_aspect:PV,open_class+verbal_wazn:افْتَعَل,
28,اسْتَوَى الْمَاءُ وَالْخَشَبَةَ,1,الْمَاءُ,JAMID,مَرْفُوع,ضمة,فاعل مرفوع,,,,ending: ending:ضمة → مرفوع,faail_after_verb,jamid_detector,
28,اسْتَوَى الْمَاءُ وَالْخَشَبَةَ,2,وَالْخَشَبَةَ,ISM_MUARAB,مَنْصُوب,فتحة,مفعول به منصوب,خشب,فَعَلَة,,ending: ending:فتحة → منصوب,mafool_bih_after_verb,open_class+nominal_wazn:فَعَلَة,
29,قَامَ الْقَوْمُ إِلَّا زَيْدًا,0,قَامَ,FIIL,مَبْنِي,,فعل ماضٍ,قوم,فَالَ,,PV:mabni_ala_fath,fiil_aspect:PV,open_class+verbal_wazn:فَالَ,
29,قَامَ الْقَوْمُ إِلَّا زَيْدًا,1,الْقَوْمُ,JAMID,مَرْفُوع,ضمة,فاعل مرفوع,,,,ending: ending:ضمة → مرفوع,faail_after_verb,jamid_detector,
29,قَامَ الْقَوْمُ إِلَّا زَيْدًا,2,إِلَّا,HARF,مَبْنِي,,حرف,,,HARF,layer1:HARF_is_mabni,harf_kind:HARF,closed_class:HARF,مَبْنِي عَلَى الْفَتْحِ (مشدد)
29,قَامَ الْقَوْمُ إِلَّا زَيْدًا,3,زَيْدًا,ISM_MUARAB,مَنْصُوب,فتحة,مفعول به منصوب,زدا,فَيْعِل,,ending: ending:تنوين فتح → منصوب,mafool_bih_after_verb,open_class+nominal_wazn:فَيْعِل,
30,يَا رَسُولَ اللَّهِ,0,يَا,UNKNOWN,مَنْصُوب,فتحة,,—,—,,unknown_class+ending: ending:فتحة → منصوب,,unhandled_status:closed_class,
30,يَا رَسُولَ اللَّهِ,1,رَسُولَ,JAMID,مَنْصُوب,فتحة,اسم منصوب,,,,ending: ending:فتحة → منصوب,fallback_case_only,jamid_detector,
30,يَا رَسُولَ اللَّهِ,2,اللَّهِ,JALALAH,مَجْرُور,كسرة,مضاف إليه مجرور,ءله,,,jalalah_ending: ending:كسرة → مجرور,mudaf_ilayh,jalalah_lexical,
31,أَيَّا جَمَّا ذَنْبَهُ,0,أَيَّا,UNKNOWN,,,,—,—,,unknown_class+no_ending,,unhandled_status:closed_class,
31,أَيَّا جَمَّا ذَنْبَهُ,1,جَمَّا,FIIL,مَبْنِي,,فعل ماضٍ,جما,فَعَّل,,PV:mabni,fiil_aspect:PV,open_class+verbal_wazn:فَعَّل,
31,أَيَّا جَمَّا ذَنْبَهُ,2,ذَنْبَهُ,ISM_MUARAB,مَرْفُوع,ضمة,فاعل مرفوع,ذنب,فَعْلَهُ,,ending: ending:ضمة → مرفوع,faail_after_verb,open_class+nominal_wazn:فَعْلَهُ,
32,هَيَّا نَاسِيًا نِعْمَةَ اللَّهِ,0,هَيَّا,UNKNOWN,,,,—,—,,unknown_class+no_ending,,unhandled_status:closed_class,
32,هَيَّا نَاسِيًا نِعْمَةَ اللَّهِ,1,نَاسِيًا,ISM_MUARAB,مَنْصُوب,فتحة,اسم منصوب,نسا,فَاعِيلٌ,,ending: ending:تنوين فتح → منصوب,fallback_case_only,open_class+nominal_wazn:فَاعِيلٌ,
32,هَيَّا نَاسِيًا نِعْمَةَ اللَّهِ,2,نِعْمَةَ,ISM_MUARAB,مَنْصُوب,فتحة,نعت منصوب,نعم,فِعْلَة,,ending: ending:فتحة → منصوب,naat_agrees_prev,open_class+nominal_wazn:فِعْلَة,
32,هَيَّا نَاسِيًا نِعْمَةَ اللَّهِ,3,اللَّهِ,JALALAH,مَجْرُور,كسرة,مضاف إليه مجرور,ءله,,,jalalah_ending: ending:كسرة → مجرور,mudaf_ilayh,jalalah_lexical,
33,أَيَّ تَائِبًا إِلَى رَبِّهِ,0,أَيَّ,ISM_MABNI,مَبْنِي,,اسم مبني,,,ISM_MABNI_GENERIC,layer1:ISM_MABNI_is_mabni,ism_mabni_default,closed_class:ISM_MABNI_GENERIC,مَبْنِي عَلَى الْفَتْحِ (مشدد)
33,أَيَّ تَائِبًا إِلَى رَبِّهِ,1,تَائِبًا,ISM_MUARAB,مَنْصُوب,فتحة,اسم منصوب,توب,فَائِلًا,,ending: ending:تنوين فتح → منصوب,fallback_case_only,open_class+nominal_wazn:فَائِلًا,
33,أَيَّ تَائِبًا إِلَى رَبِّهِ,2,إِلَى,HARF,مَبْنِي,,حرف جر,,,HARF_JARR,layer1:HARF_is_mabni,harf_kind:HARF_JARR,closed_class:HARF_JARR,مَبْنِي عَلَى الْفَتْحِ
33,أَيَّ تَائِبًا إِلَى رَبِّهِ,3,رَبِّهِ,JAMID,مَجْرُور,كسرة,اسم مجرور,,,,ism+prev_HARF_JARR(إِلَى),after_HARF_JARR(إِلَى),jamid_detector,
34,أَعْبُدِ اللَّهَ,0,أَعْبُدِ,FIIL,مَرْفُوع,ضمة,فعل مضارع,عبد,أَفْعُل,,IV:default_marfu (ضمة),fiil_aspect:IV,open_class+verbal_wazn:أَفْعُل,
34,أَعْبُدِ اللَّهَ,1,اللَّهَ,JALALAH,مَنْصُوب,فتحة,مفعول به منصوب,ءله,,,jalalah_ending: ending:فتحة → منصوب,mafool_bih_after_verb,jalalah_lexical,
35,يَجُوزُ لَكَ أَنْ تَنْصَرِفَ,0,يَجُوزُ,FIIL,مَرْفُوع,ضمة,فعل مضارع,يجز,فَعُول,,IV:default_marfu (ضمة),fiil_aspect:IV,open_class+surface_verb_heuristic (wazn=فَعُول),
35,يَجُوزُ لَكَ أَنْ تَنْصَرِفَ,1,لَكَ,HARF,مَبْنِي,,حرف جر,,,HARF_JARR,layer1:HARF_is_mabni,harf_kind:HARF_JARR,closed_class:HARF_JARR,مَبْنِي عَلَى الْفَتْحِ
35,يَجُوزُ لَكَ أَنْ تَنْصَرِفَ,2,أَنْ,HARF,مَبْنِي,,حرف نصب,,,HARF_NASB,layer1:HARF_is_mabni,harf_kind:HARF_NASB,closed_class:HARF_NASB,مَبْنِي عَلَى السُّكُونِ
35,يَجُوزُ لَكَ أَنْ تَنْصَرِفَ,3,تَنْصَرِفَ,FIIL,مَنْصُوب,فتحة,فعل مضارع,نصرف,تَفْعَلِل,,IV+prev_HARF_NASB(أَنْ),fiil_aspect:IV,open_class+verbal_wazn:تَفْعَلِل,
36,لَنْ يَنْجَحَ الْكَسْلَانُ,0,لَنْ,HARF,مَبْنِي,,حرف نصب,,,HARF_NASB,layer1:HARF_is_mabni,harf_kind:HARF_NASB,closed_class:HARF_NASB,مَبْنِي عَلَى السُّكُونِ
36,لَنْ يَنْجَحَ الْكَسْلَانُ,1,يَنْجَحَ,FIIL,مَنْصُوب,فتحة,فعل مضارع,يجح,فَنْعَل,,IV+prev_HARF_NASB(لَنْ),fiil_aspect:IV,open_class+surface_verb_heuristic (wazn=فَنْعَل),
36,لَنْ يَنْجَحَ الْكَسْلَانُ,2,الْكَسْلَانُ,ISM_MUARAB,مَرْفُوع,ألف,فاعل مرفوع,كسل,فَعْلَان,,ending: ending:ان → مثنى مرفوع (ألف),faail_after_verb,open_class+nominal_wazn:فَعْلَان,
37,جِئْتُكَ كَيْ أَتَعَلَّمَ,0,جِئْتُكَ,ISM_MUARAB,مَنْصُوب,فتحة,اسم منصوب,جتك,فِئْعُل,,ending: ending:فتحة → منصوب,fallback_case_only,open_class+nominal_wazn:فِئْعُل,
37,جِئْتُكَ كَيْ أَتَعَلَّمَ,1,كَيْ,HARF,مَبْنِي,,حرف نصب,,,HARF_NASB,layer1:HARF_is_mabni,harf_kind:HARF_NASB,closed_class:HARF_NASB,مَبْنِي عَلَى السُّكُونِ
37,جِئْتُكَ كَيْ أَتَعَلَّمَ,2,أَتَعَلَّمَ,FIIL,مَنْصُوب,فتحة,فعل مضارع,,,,IV+prev_HARF_NASB(كَيْ),fiil_aspect:IV,surface_heuristic:imperfect_prefix,
38,إِذًا تُفْلِحَ,0,إِذًا,HARF,مَبْنِي,,حرف,,,HARF,layer1:HARF_is_mabni,harf_kind:HARF,closed_class:HARF,مَبْنِي
38,إِذًا تُفْلِحَ,1,تُفْلِحَ,FIIL,مَرْفُوع,ضمة,فعل مضارع,فلح,تُفْعِل,,IV:default_marfu (ضمة),fiil_aspect:IV,open_class+verbal_wazn:تُفْعِل,
39,لَمْ يَكْتُبْ زَيْدٌ,0,لَمْ,HARF,مَبْنِي,,حرف جزم,,,HARF_JAZM,layer1:HARF_is_mabni,harf_kind:HARF_JAZM,closed_class:HARF_JAZM,مَبْنِي عَلَى السُّكُونِ
39,لَمْ يَكْتُبْ زَيْدٌ,1,يَكْتُبْ,FIIL,مَجْزُوم,سكون,فعل مضارع,كتب,يَفْعُلْ,,IV+prev_HARF_JAZM(لَمْ),fiil_aspect:IV,open_class+verbal_wazn:يَفْعُلْ,
39,لَمْ يَكْتُبْ زَيْدٌ,2,زَيْدٌ,ISM_MUARAB,مَرْفُوع,ضمة,فاعل مرفوع,زيد,فَعْلٍ,,ending: ending:تنوين ضم → مرفوع,faail_after_verb,open_class+nominal_wazn:فَعْلٍ,
40,لَمَّا أَكْتُبْ,0,لَمَّا,HARF,مَبْنِي,,حرف جزم,,,HARF_JAZM,layer1:HARF_is_mabni,harf_kind:HARF_JAZM,closed_class:HARF_JAZM,مَبْنِي عَلَى الْفَتْحِ (مشدد)
40,لَمَّا أَكْتُبْ,1,أَكْتُبْ,FIIL,مَجْزُوم,سكون,فعل مضارع,كتب,أَفْعُلْ,,IV+prev_HARF_JAZM(لَمَّا),fiil_aspect:IV,open_class+verbal_wazn:أَفْعُلْ,
41,لِيَنْصُرْ,0,لِيَنْصُرْ,FIIL,مَبْنِي,,فعل ماضٍ,نصر,يَفْعُلْ,,PV:mabni_ala_sukoon (مع ضمير رفع),fiil_aspect:PV,open_class+verbal_wazn:يَفْعُلْ,
42,لَا تَضْرِبْ,0,لَا,HARF,مَبْنِي,,حرف جزم,,,HARF_JAZM,layer1:HARF_is_mabni,harf_kind:HARF_JAZM,closed_class:HARF_JAZM,مَبْنِي عَلَى الْفَتْحِ
42,لَا تَضْرِبْ,1,تَضْرِبْ,FIIL,مَجْزُوم,سكون,فعل مضارع,ضرب,تَفْعِلْ,,IV+prev_HARF_JAZM(لَا),fiil_aspect:IV,open_class+verbal_wazn:تَفْعِلْ,
43,إِنْ تَضْرِبْ أَضْرِبْ,0,إِنْ,HARF,مَبْنِي,,حرف,,,HARF,layer1:HARF_is_mabni,harf_kind:HARF,closed_class:HARF,مَبْنِي عَلَى السُّكُونِ
43,إِنْ تَضْرِبْ أَضْرِبْ,1,تَضْرِبْ,FIIL,مَرْفُوع,ضمة,فعل مضارع,ضرب,تَفْعِلْ,,IV:default_marfu (ضمة),fiil_aspect:IV,open_class+verbal_wazn:تَفْعِلْ,
43,إِنْ تَضْرِبْ أَضْرِبْ,2,أَضْرِبْ,FIIL,مَرْفُوع,ضمة,فعل مضارع,ضرب,أَفْعِلْ,,IV:default_marfu (ضمة),fiil_aspect:IV,open_class+verbal_wazn:أَفْعِلْ,
44,مَنْ يَرْحَمْ يُرْحَمْ,0,مَنْ,ISM_MABNI,مَبْنِي,,اسم مبني,,,ISM_MAWSOOL,layer1:ISM_MABNI_is_mabni,ism_mabni_default,closed_class:ISM_MAWSOOL,مَبْنِي عَلَى السُّكُونِ
44,مَنْ يَرْحَمْ يُرْحَمْ,1,يَرْحَمْ,FIIL,مَرْفُوع,ضمة,فعل مضارع,رحم,يَفْعَلْ,,IV:default_marfu (ضمة),fiil_aspect:IV,open_class+verbal_wazn:يَفْعَلْ,
44,مَنْ يَرْحَمْ يُرْحَمْ,2,يُرْحَمْ,FIIL,مَرْفُوع,ضمة,فعل مضارع,,,,IV:default_marfu (ضمة),fiil_aspect:IV,surface_heuristic:imperfect_prefix,
45,مَا تَفْعَلْ أَفْعَلْ,0,مَا,ISM_MABNI,مَبْنِي,,اسم مبني,,,ISM_MAWSOOL,layer1:ISM_MABNI_is_mabni,ism_mabni_default,closed_class:ISM_MAWSOOL,مَبْنِي عَلَى الْفَتْحِ
45,مَا تَفْعَلْ أَفْعَلْ,1,تَفْعَلْ,FIIL,مَرْفُوع,ضمة,فعل مضارع,فعل,تَفْعَلْ,,IV:default_marfu (ضمة),fiil_aspect:IV,open_class+verbal_wazn:تَفْعَلْ,
45,مَا تَفْعَلْ أَفْعَلْ,2,أَفْعَلْ,FIIL,مَرْفُوع,ضمة,فعل مضارع,فعل,افْعَلْ,,IV:default_marfu (ضمة),fiil_aspect:IV,open_class+surface_verb_heuristic (wazn=افْعَلْ),
46,أَيَّا تَضْرِبْ أَضْرِبْهُ,0,أَيَّا,UNKNOWN,,,,—,—,,unknown_class+no_ending,,unhandled_status:closed_class,
46,أَيَّا تَضْرِبْ أَضْرِبْهُ,1,تَضْرِبْ,FIIL,مَرْفُوع,ضمة,فعل مضارع,ضرب,تَفْعِلْ,,IV:default_marfu (ضمة),fiil_aspect:IV,open_class+verbal_wazn:تَفْعِلْ,
46,أَيَّا تَضْرِبْ أَضْرِبْهُ,2,أَضْرِبْهُ,FIIL,مَرْفُوع,ضمة,فعل مضارع,ضرب,أَفْعِلْ,,IV:default_marfu (ضمة),fiil_aspect:IV,open_class+verbal_wazn:أَفْعِلْ,
47,مَتَى تَكْتُبْ أَكْتُبْ,0,مَتَى,ISM_MABNI,مَبْنِي,,اسم مبني,,,ISM_MABNI_GENERIC,layer1:ISM_MABNI_is_mabni,ism_mabni_default,closed_class:ISM_MABNI_GENERIC,مَبْنِي عَلَى الْفَتْحِ
47,مَتَى تَكْتُبْ أَكْتُبْ,1,تَكْتُبْ,FIIL,مَرْفُوع,ضمة,فعل مضارع,كتب,تَفْعُلْ,,IV:default_marfu (ضمة),fiil_aspect:IV,open_class+verbal_wazn:تَفْعُلْ,
47,مَتَى تَكْتُبْ أَكْتُبْ,2,أَكْتُبْ,FIIL,مَرْفُوع,ضمة,فعل مضارع,كتب,أَفْعُلْ,,IV:default_marfu (ضمة),fiil_aspect:IV,open_class+verbal_wazn:أَفْعُلْ,
48,مَهْمَا تَكْتُبْ أَكْتُبْ,0,مَهْمَا,ISM_MABNI,مَبْنِي,,اسم مبني,,,ISM_MABNI_GENERIC,layer1:ISM_MABNI_is_mabni,ism_mabni_default,closed_class:ISM_MABNI_GENERIC,مَبْنِي عَلَى الْفَتْحِ
48,مَهْمَا تَكْتُبْ أَكْتُبْ,1,تَكْتُبْ,FIIL,مَرْفُوع,ضمة,فعل مضارع,كتب,تَفْعُلْ,,IV:default_marfu (ضمة),fiil_aspect:IV,open_class+verbal_wazn:تَفْعُلْ,
48,مَهْمَا تَكْتُبْ أَكْتُبْ,2,أَكْتُبْ,FIIL,مَرْفُوع,ضمة,فعل مضارع,كتب,أَفْعُلْ,,IV:default_marfu (ضمة),fiil_aspect:IV,open_class+verbal_wazn:أَفْعُلْ,
49,أَيْنَمَا تَنْزِلْ أَنْزِلْ,0,أَيْنَمَا,ISM_MABNI,مَبْنِي,,اسم مبني,,,ISM_MABNI_GENERIC,layer1:ISM_MABNI_is_mabni,ism_mabni_default,closed_class:ISM_MABNI_GENERIC,مَبْنِي عَلَى الْفَتْحِ
49,أَيْنَمَا تَنْزِلْ أَنْزِلْ,1,تَنْزِلْ,FIIL,مَرْفُوع,ضمة,فعل مضارع,نزل,تَفْعِلْ,,IV:default_marfu (ضمة),fiil_aspect:IV,open_class+verbal_wazn:تَفْعِلْ,
49,أَيْنَمَا تَنْزِلْ أَنْزِلْ,2,أَنْزِلْ,FIIL,مَرْفُوع,ضمة,فعل مضارع,نزل,أَفْعِلْ,,IV:default_marfu (ضمة),fiil_aspect:IV,open_class+verbal_wazn:أَفْعِلْ,
50,أَنَّى تَسْتَقِمْ تَرْبَحْ,0,أَنَّى,ISM_MABNI,مَبْنِي,,اسم مبني,,,ISM_MABNI_GENERIC,layer1:ISM_MABNI_is_mabni,ism_mabni_default,closed_class:ISM_MABNI_GENERIC,مَبْنِي عَلَى الْفَتْحِ (مشدد)
50,أَنَّى تَسْتَقِمْ تَرْبَحْ,1,تَسْتَقِمْ,FIIL,مَرْفُوع,ضمة,فعل مضارع,,,,IV:default_marfu (ضمة),fiil_aspect:IV,surface_heuristic:imperfect_prefix,
50,أَنَّى تَسْتَقِمْ تَرْبَحْ,2,تَرْبَحْ,FIIL,مَرْفُوع,ضمة,فعل مضارع,ربح,تَفْعَلْ,,IV:default_marfu (ضمة),fiil_aspect:IV,open_class+verbal_wazn:تَفْعَلْ,
51,حَيْثُمَا تَسْتَقِمْ يَقْدَرْ لَكَ اللَّهُ نَجَاحًا,0,حَيْثُمَا,UNKNOWN,مَنْصُوب,فتحة,,—,—,,unknown_class+ending: ending:فتحة → منصوب,,unhandled_status:closed_class,
51,حَيْثُمَا تَسْتَقِمْ يَقْدَرْ لَكَ اللَّهُ نَجَاحًا,1,تَسْتَقِمْ,FIIL,مَرْفُوع,ضمة,فعل مضارع,,,,IV:default_marfu (ضمة),fiil_aspect:IV,surface_heuristic:imperfect_prefix,
51,حَيْثُمَا تَسْتَقِمْ يَقْدَرْ لَكَ اللَّهُ نَجَاحًا,2,يَقْدَرْ,FIIL,مَرْفُوع,ضمة,فعل مضارع,قدر,يَفْعَلْ,,IV:default_marfu (ضمة),fiil_aspect:IV,open_class+verbal_wazn:يَفْعَلْ,
51,حَيْثُمَا تَسْتَقِمْ يَقْدَرْ لَكَ اللَّهُ نَجَاحًا,3,لَكَ,HARF,مَبْنِي,,حرف جر,,,HARF_JARR,layer1:HARF_is_mabni,harf_kind:HARF_JARR,closed_class:HARF_JARR,مَبْنِي عَلَى الْفَتْحِ
51,حَيْثُمَا تَسْتَقِمْ يَقْدَرْ لَكَ اللَّهُ نَجَاحًا,4,اللَّهُ,JALALAH,مَرْفُوع,ضمة,اسم مجرور,ءله,,,jalalah_ending: ending:ضمة → مرفوع,after_HARF_JARR(لَكَ),jalalah_lexical,
51,حَيْثُمَا تَسْتَقِمْ يَقْدَرْ لَكَ اللَّهُ نَجَاحًا,5,نَجَاحًا,ISM_MUARAB,مَنْصُوب,فتحة,اسم منصوب,نجحا,فَفَاعَل,,ending: ending:تنوين فتح → منصوب,fallback_case_only,open_class+nominal_wazn:فَفَاعَل,
52,إِذْمَا تَذْهَبْ أَذْهَبْ,0,إِذْمَا,UNKNOWN,مَنْصُوب,فتحة,,—,—,,unknown_class+ending: ending:فتحة → منصوب,,unhandled_status:closed_class,
52,إِذْمَا تَذْهَبْ أَذْهَبْ,1,تَذْهَبْ,FIIL,مَرْفُوع,ضمة,فعل مضارع,ذهب,تَفْعَلْ,,IV:default_marfu (ضمة),fiil_aspect:IV,open_class+verbal_wazn:تَفْعَلْ,
52,إِذْمَا تَذْهَبْ أَذْهَبْ,2,أَذْهَبْ,FIIL,مَرْفُوع,ضمة,فعل مضارع,ذهب,افْعَلْ,,IV:default_marfu (ضمة),fiil_aspect:IV,open_class+surface_verb_heuristic (wazn=افْعَلْ),
53,لَوْ تَقَدَّمْ تَنْجَحْ,0,لَوْ,HARF,مَبْنِي,,حرف,,,HARF,layer1:HARF_is_mabni,harf_kind:HARF,closed_class:HARF,مَبْنِي عَلَى السُّكُونِ
53,لَوْ تَقَدَّمْ تَنْجَحْ,1,تَقَدَّمْ,FIIL,مَرْفُوع,ضمة,فعل مضارع,,,,IV:default_marfu (ضمة),fiil_aspect:IV,surface_heuristic:imperfect_prefix,
53,لَوْ تَقَدَّمْ تَنْجَحْ,2,تَنْجَحْ,FIIL,مَرْفُوع,ضمة,فعل مضارع,نجح,تَفْعَلْ,,IV:default_marfu (ضمة),fiil_aspect:IV,open_class+verbal_wazn:تَفْعَلْ,
54,إِذَا تَتَعَلَّمْ تُفْلِحْ,0,إِذَا,ISM_MABNI,مَبْنِي,,اسم مبني,,,ISM_MABNI_GENERIC,layer1:ISM_MABNI_is_mabni,ism_mabni_default,closed_class:ISM_MABNI_GENERIC,مَبْنِي عَلَى الْفَتْحِ
54,إِذَا تَتَعَلَّمْ تُفْلِحْ,1,تَتَعَلَّمْ,FIIL,مَرْفُوع,ضمة,فعل مضارع,,,,IV:default_marfu (ضمة),fiil_aspect:IV,surface_heuristic:imperfect_prefix,
54,إِذَا تَتَعَلَّمْ تُفْلِحْ,2,تُفْلِحْ,FIIL,مَرْفُوع,ضمة,فعل مضارع,فلح,تُفْعِلْ,,IV:default_marfu (ضمة),fiil_aspect:IV,open_class+verbal_wazn:تُفْعِلْ,
55,رَأَيْتُ أَحَدَ عَشَرَ كَوْكَبًا,0,رَأَيْتُ,UNKNOWN,مَرْفُوع,ضمة,,—,—,OVERRIDE_AS_VERB,unknown_class+ending: ending:ضمة → مرفوع,,unhandled_status:closed_class,
55,رَأَيْتُ أَحَدَ عَشَرَ كَوْكَبًا,1,أَحَدَ,FIIL,مَرْفُوع,ضمة,فعل مضارع,أحد,فَعل,,IV:default_marfu (ضمة),fiil_aspect:IV,open_class+surface_verb_heuristic (wazn=فَعل),
55,رَأَيْتُ أَحَدَ عَشَرَ كَوْكَبًا,2,عَشَرَ,FIIL,مَبْنِي,,فعل ماضٍ,عشر,فَعل,,PV:mabni_ala_fath,fiil_aspect:PV,open_class+surface_verb_heuristic (wazn=فَعل),
55,رَأَيْتُ أَحَدَ عَشَرَ كَوْكَبًا,3,كَوْكَبًا,JAMID,مَنْصُوب,فتحة,مفعول به منصوب,,,,ending: ending:تنوين فتح → منصوب,mafool_bih_after_verb,jamid_detector,
56,كَمْ دَارًا بَنَيْتَ؟,0,كَمْ,ISM_MABNI,مَبْنِي,,اسم مبني,,,ISM_MABNI_GENERIC,layer1:ISM_MABNI_is_mabni,ism_mabni_default,closed_class:ISM_MABNI_GENERIC,مَبْنِي عَلَى السُّكُونِ
56,كَمْ دَارًا بَنَيْتَ؟,1,دَارًا,ISM_MUARAB,مَنْصُوب,فتحة,اسم منصوب,دور,فَالَا,,ending: ending:تنوين فتح → منصوب,fallback_case_only,open_class+nominal_wazn:فَالَا,
56,كَمْ دَارًا بَنَيْتَ؟,2,بَنَيْتَ؟,FIIL,مَبْنِي,,فعل ماضٍ,يت؟,نَفْعَل,,PV:mabni_ala_fath,fiil_aspect:PV,open_class+verbal_wazn:نَفْعَل,
57,كَأَيْنَ عَبْدًا مَلَكْتَ,0,كَأَيْنَ,UNKNOWN,مَجْرُور,ياء,,—,—,,unknown_class+ending: ending:ين → ياء (مجرور/منصوب — جمع مذكر سالم أو مثنى),,unhandled_status:closed_class,
57,كَأَيْنَ عَبْدًا مَلَكْتَ,1,عَبْدًا,JAMID,مَنْصُوب,فتحة,اسم منصوب,,,,ending: ending:تنوين فتح → منصوب,fallback_case_only,jamid_detector,
57,كَأَيْنَ عَبْدًا مَلَكْتَ,2,مَلَكْتَ,ISM_MUARAB,مَنْصُوب,فتحة,نعت منصوب,ملك,فَعل,,ending: ending:فتحة → منصوب,naat_agrees_prev,open_class+nominal_wazn:فَعل,
58,كَذَا وَكَذَا دِرْهَمًا مَلَكْتَ,0,كَذَا,UNKNOWN,مَنْصُوب,فتحة,,—,—,,unknown_class+ending: ending:فتحة → منصوب,,unhandled_status:closed_class,
58,كَذَا وَكَذَا دِرْهَمًا مَلَكْتَ,1,وَكَذَا,ISM_MUARAB,مَنْصُوب,فتحة,اسم منصوب,وكذ,فَعل,,ending: ending:فتحة → منصوب,fallback_case_only,open_class+nominal_wazn:فَعل,
58,كَذَا وَكَذَا دِرْهَمًا مَلَكْتَ,2,دِرْهَمًا,ISM_MUARAB,مَنْصُوب,فتحة,نعت منصوب,در,فِل,,ending: ending:تنوين فتح → منصوب,naat_agrees_prev,open_class+nominal_wazn:فِل,
58,كَذَا وَكَذَا دِرْهَمًا مَلَكْتَ,3,مَلَكْتَ,ISM_MUARAB,مَنْصُوب,فتحة,نعت منصوب,ملك,فَعل,,ending: ending:فتحة → منصوب,naat_agrees_prev,open_class+nominal_wazn:فَعل,
59,مَلَكْتَ مِائَةَ دِرْهَمٍ,0,مَلَكْتَ,ISM_MUARAB,مَنْصُوب,فتحة,اسم منصوب,ملك,فَعل,,ending: ending:فتحة → منصوب,fallback_case_only,open_class+nominal_wazn:فَعل,
59,مَلَكْتَ مِائَةَ دِرْهَمٍ,1,مِائَةَ,UNKNOWN,مَنْصُوب,فتحة,,—,—,,unknown_class+ending: ending:فتحة → منصوب,,unhandled_status:closed_class,
59,مَلَكْتَ مِائَةَ دِرْهَمٍ,2,دِرْهَمٍ,ISM_MUARAB,مَجْرُور,كسرة,اسم مجرور,در,فِل,,ending: ending:تنوين كسر → مجرور,fallback_case_only,open_class+nominal_wazn:فِل,
60,رَأَيْتُ أَلْفَ رَجُلٍ,0,رَأَيْتُ,UNKNOWN,مَرْفُوع,ضمة,,—,—,OVERRIDE_AS_VERB,unknown_class+ending: ending:ضمة → مرفوع,,unhandled_status:closed_class,
60,رَأَيْتُ أَلْفَ رَجُلٍ,1,أَلْفَ,UNKNOWN,مَنْصُوب,فتحة,,—,—,,unknown_class+ending: ending:فتحة → منصوب,,unhandled_status:closed_class,
60,رَأَيْتُ أَلْفَ رَجُلٍ,2,رَجُلٍ,JAMID,مَجْرُور,كسرة,اسم مجرور,,,,ending: ending:تنوين كسر → مجرور,fallback_case_only,jamid_detector,
61,مَلَكْتَ أَلْوَفَ دَرَاهِمَ,0,مَلَكْتَ,ISM_MUARAB,مَنْصُوب,فتحة,اسم منصوب,ملك,فَعل,,ending: ending:فتحة → منصوب,fallback_case_only,open_class+nominal_wazn:فَعل,
61,مَلَكْتَ أَلْوَفَ دَرَاهِمَ,1,أَلْوَفَ,UNKNOWN,مَنْصُوب,فتحة,,—,—,,unknown_class+ending: ending:فتحة → منصوب,,unhandled_status:closed_class,
61,مَلَكْتَ أَلْوَفَ دَرَاهِمَ,2,دَرَاهِمَ,ISM_MUARAB,مَنْصُوب,فتحة,اسم منصوب,درا,فَعل,,ending: ending:فتحة → منصوب,fallback_case_only,open_class+nominal_wazn:فَعل,
62,جَمَعْتُ مَلَايِينَ دِرْهَمٍ,0,جَمَعْتُ,ISM_MUARAB,مَرْفُوع,ضمة,مبتدأ مرفوع,جمع,فَعل,,ending: ending:ضمة → مرفوع,mubtada_first_marfu,open_class+nominal_wazn:فَعل,
62,جَمَعْتُ مَلَايِينَ دِرْهَمٍ,1,مَلَايِينَ,UNKNOWN,مَجْرُور,ياء,,—,—,,unknown_class+ending: ending:ين → ياء (مجرور/منصوب — جمع مذكر سالم أو مثنى),,unhandled_status:closed_class,
62,جَمَعْتُ مَلَايِينَ دِرْهَمٍ,2,دِرْهَمٍ,ISM_MUARAB,مَجْرُور,كسرة,اسم مجرور,در,فِل,,ending: ending:تنوين كسر → مجرور,fallback_case_only,open_class+nominal_wazn:فِل,
63,أَيَّةَ كِتَابًا قَرَأْتَ؟,0,أَيَّةَ,UNKNOWN,مَنْصُوب,فتحة,,—,—,,unknown_class+ending: ending:فتحة → منصوب,,unhandled_status:closed_class,
63,أَيَّةَ كِتَابًا قَرَأْتَ؟,1,كِتَابًا,JAMID,مَنْصُوب,فتحة,اسم منصوب,,,,ending: ending:تنوين فتح → منصوب,fallback_case_only,jamid_detector,
63,أَيَّةَ كِتَابًا قَرَأْتَ؟,2,قَرَأْتَ؟,ISM_MUARAB,مَنْصُوب,فتحة,نعت منصوب,,,,ending: ending:فتحة → منصوب,naat_agrees_prev,no_match_default_ism,
64,كَيْتَ مَالًا جَمَعْتَ؟,0,كَيْتَ,UNKNOWN,مَنْصُوب,فتحة,,—,—,,unknown_class+ending: ending:فتحة → منصوب,,unhandled_status:closed_class,
64,كَيْتَ مَالًا جَمَعْتَ؟,1,مَالًا,JAMID,مَنْصُوب,فتحة,اسم منصوب,,,,ending: ending:تنوين فتح → منصوب,fallback_case_only,jamid_detector,
64,كَيْتَ مَالًا جَمَعْتَ؟,2,جَمَعْتَ؟,ISM_MUARAB,مَنْصُوب,فتحة,نعت منصوب,,,,ending: ending:فتحة → منصوب,naat_agrees_prev,no_match_default_ism,
65,جَاءَ ذُو مَالٍ كَثِيرٍ,0,جَاءَ,FIIL,مَبْنِي,,فعل ماضٍ,جوء,فَالَ,,PV:mabni_ala_fath,fiil_aspect:PV,open_class+verbal_wazn:فَالَ,
65,جَاءَ ذُو مَالٍ كَثِيرٍ,1,ذُو,UNKNOWN,مَرْفُوع,ضمة,,—,—,,unknown_class+ending: ending:ضمة → مرفوع,,unhandled_status:closed_class,
65,جَاءَ ذُو مَالٍ كَثِيرٍ,2,مَالٍ,JAMID,مَجْرُور,كسرة,اسم مجرور,,,,ending: ending:تنوين كسر → مجرور,fallback_case_only,jamid_detector,
65,جَاءَ ذُو مَالٍ كَثِيرٍ,3,كَثِيرٍ,ISM_MUARAB,مَجْرُور,كسرة,نعت مجرور,كثر,فَعِيل,,ending: ending:تنوين كسر → مجرور,naat_agrees_prev,open_class+nominal_wazn:فَعِيل,
66,يَا رَيْحَانُ رُوَيْدَ زَيْدًا,0,يَا,UNKNOWN,مَنْصُوب,فتحة,,—,—,,unknown_class+ending: ending:فتحة → منصوب,,unhandled_status:closed_class,
66,يَا رَيْحَانُ رُوَيْدَ زَيْدًا,1,رَيْحَانُ,ISM_MUARAB,مَرْفُوع,ألف,مبتدأ مرفوع,ريح,فَعْلَان,,ending: ending:ان → مثنى مرفوع (ألف),mubtada_first_marfu,open_class+nominal_wazn:فَعْلَان,
66,يَا رَيْحَانُ رُوَيْدَ زَيْدًا,2,رُوَيْدَ,UNKNOWN,مَنْصُوب,فتحة,,—,—,,unknown_class+ending: ending:فتحة → منصوب,,unhandled_status:closed_class,
66,يَا رَيْحَانُ رُوَيْدَ زَيْدًا,3,زَيْدًا,ISM_MUARAB,مَنْصُوب,فتحة,اسم منصوب,زدا,فَيْعِل,,ending: ending:تنوين فتح → منصوب,fallback_case_only,open_class+nominal_wazn:فَيْعِل,
67,يَا وَلَدَانِ بَلْهَ بَسِيطًا,0,يَا,UNKNOWN,مَنْصُوب,فتحة,,—,—,,unknown_class+ending: ending:فتحة → منصوب,,unhandled_status:closed_class,
67,يَا وَلَدَانِ بَلْهَ بَسِيطًا,1,وَلَدَانِ,JAMID,مَرْفُوع,ألف,مبتدأ مرفوع,,,,ending: ending:ان → مثنى مرفوع (ألف),mubtada_first_marfu,jamid_detector,
67,يَا وَلَدَانِ بَلْهَ بَسِيطًا,2,بَلْهَ,UNKNOWN,مَنْصُوب,فتحة,,—,—,,unknown_class+ending: ending:فتحة → منصوب,,unhandled_status:closed_class,
67,يَا وَلَدَانِ بَلْهَ بَسِيطًا,3,بَسِيطًا,ISM_MUARAB,مَنْصُوب,فتحة,اسم منصوب,بسط,فَعِيل,,ending: ending:تنوين فتح → منصوب,fallback_case_only,open_class+nominal_wazn:فَعِيل,
68,يَا بَسِيطُ دُونَكَ الْكِتَابَ,0,يَا,UNKNOWN,مَنْصُوب,فتحة,,—,—,,unknown_class+ending: ending:فتحة → منصوب,,unhandled_status:closed_class,
68,يَا بَسِيطُ دُونَكَ الْكِتَابَ,1,بَسِيطُ,ISM_MUARAB,مَرْفُوع,ضمة,مبتدأ مرفوع,بسط,فَعِيل,,ending: ending:ضمة → مرفوع,mubtada_first_marfu,open_class+nominal_wazn:فَعِيل,
68,يَا بَسِيطُ دُونَكَ الْكِتَابَ,2,دُونَكَ,UNKNOWN,مَنْصُوب,فتحة,,—,—,,unknown_class+ending: ending:فتحة → منصوب,,unhandled_status:closed_class,
68,يَا بَسِيطُ دُونَكَ الْكِتَابَ,3,الْكِتَابَ,JAMID,مَنْصُوب,فتحة,اسم منصوب,,,,ending: ending:فتحة → منصوب,fallback_case_only,jamid_detector,
69,يَا رَيْحَانُ عَلَيْكَ مُهْتَدِيًا,0,يَا,UNKNOWN,مَنْصُوب,فتحة,,—,—,,unknown_class+ending: ending:فتحة → منصوب,,unhandled_status:closed_class,
69,يَا رَيْحَانُ عَلَيْكَ مُهْتَدِيًا,1,رَيْحَانُ,ISM_MUARAB,مَرْفُوع,ألف,مبتدأ مرفوع,ريح,فَعْلَان,,ending: ending:ان → مثنى مرفوع (ألف),mubtada_first_marfu,open_class+nominal_wazn:فَعْلَان,
69,يَا رَيْحَانُ عَلَيْكَ مُهْتَدِيًا,2,عَلَيْكَ,HARF,مَبْنِي,,حرف جر,,,HARF_JARR,layer1:HARF_is_mabni,harf_kind:HARF_JARR,closed_class:HARF_JARR,مَبْنِي عَلَى الْفَتْحِ
69,يَا رَيْحَانُ عَلَيْكَ مُهْتَدِيًا,3,مُهْتَدِيًا,ISM_MUARAB,مَجْرُور,كسرة,اسم مجرور,هدي,افْتَعَل,,ism+prev_HARF_JARR(عَلَيْكَ),after_HARF_JARR(عَلَيْكَ),open_class+nominal_wazn:افْتَعَل,
70,يَا سَرْمِينُ هَاءَ دِرْهَمًا,0,يَا,UNKNOWN,مَنْصُوب,فتحة,,—,—,,unknown_class+ending: ending:فتحة → منصوب,,unhandled_status:closed_class,
70,يَا سَرْمِينُ هَاءَ دِرْهَمًا,1,سَرْمِينُ,ISM_MUARAB,مَجْرُور,ياء,اسم مجرور,سرم,فَعْلَان,,ending: ending:ين → ياء (مجرور/منصوب — جمع مذكر سالم أو مثنى),fallback_case_only,open_class+nominal_wazn:فَعْلَان,
70,يَا سَرْمِينُ هَاءَ دِرْهَمًا,2,هَاءَ,UNKNOWN,مَنْصُوب,فتحة,,—,—,,unknown_class+ending: ending:فتحة → منصوب,,unhandled_status:closed_class,
70,يَا سَرْمِينُ هَاءَ دِرْهَمًا,3,دِرْهَمًا,ISM_MUARAB,مَنْصُوب,فتحة,اسم منصوب,در,فِل,,ending: ending:تنوين فتح → منصوب,fallback_case_only,open_class+nominal_wazn:فِل,
71,يَا وَلَدَانِ حَيَّهَلِ الْقَهْوَةَ,0,يَا,UNKNOWN,مَنْصُوب,فتحة,,—,—,,unknown_class+ending: ending:فتحة → منصوب,,unhandled_status:closed_class,
71,يَا وَلَدَانِ حَيَّهَلِ الْقَهْوَةَ,1,وَلَدَانِ,JAMID,مَرْفُوع,ألف,مبتدأ مرفوع,,,,ending: ending:ان → مثنى مرفوع (ألف),mubtada_first_marfu,jamid_detector,
71,يَا وَلَدَانِ حَيَّهَلِ الْقَهْوَةَ,2,حَيَّهَلِ,UNKNOWN,مَجْرُور,كسرة,,—,—,,unknown_class+ending: ending:كسرة → مجرور,,unhandled_status:closed_class,
71,يَا وَلَدَانِ حَيَّهَلِ الْقَهْوَةَ,3,الْقَهْوَةَ,ISM_MUARAB,مَنْصُوب,فتحة,اسم منصوب,قهو,فَعْلَة,,ending: ending:فتحة → منصوب,fallback_case_only,open_class+nominal_wazn:فَعْلَة,
72,هَيْهَاتَ الْعَقِيقُ,0,هَيْهَاتَ,ISM_MABNI,مَبْنِي,,اسم مبني,,,ISM_MABNI_GENERIC,layer1:ISM_MABNI_is_mabni,ism_mabni_default,closed_class:ISM_MABNI_GENERIC,مَبْنِي عَلَى الْفَتْحِ
72,هَيْهَاتَ الْعَقِيقُ,1,الْعَقِيقُ,ISM_MUARAB,مَرْفُوع,ضمة,مبتدأ مرفوع,عقق,فَعِيل,,ending: ending:ضمة → مرفوع,mubtada_first_marfu,open_class+nominal_wazn:فَعِيل,
73,شَتَّانَ سَرْمِينُ وَبَسِيطٌ,0,شَتَّانَ,UNKNOWN,مَرْفُوع,ألف,,—,—,,unknown_class+ending: ending:ان → مثنى مرفوع (ألف),,unhandled_status:closed_class,
73,شَتَّانَ سَرْمِينُ وَبَسِيطٌ,1,سَرْمِينُ,ISM_MUARAB,مَجْرُور,ياء,اسم مجرور,سرم,فَعْلَان,,ending: ending:ين → ياء (مجرور/منصوب — جمع مذكر سالم أو مثنى),fallback_case_only,open_class+nominal_wazn:فَعْلَان,
73,شَتَّانَ سَرْمِينُ وَبَسِيطٌ,2,وَبَسِيطٌ,ISM_MUARAB,مَرْفُوع,ضمة,مبتدأ مرفوع,بسط,فَعِيل,,ending: ending:تنوين ضم → مرفوع,mubtada_first_marfu,open_class+nominal_wazn:فَعِيل,
74,سُرْعَانَ زَيْدٌ خُرُوجًا,0,سُرْعَانَ,UNKNOWN,مَرْفُوع,ألف,,—,—,,unknown_class+ending: ending:ان → مثنى مرفوع (ألف),,unhandled_status:closed_class,
74,سُرْعَانَ زَيْدٌ خُرُوجًا,1,زَيْدٌ,ISM_MUARAB,مَرْفُوع,ضمة,مبتدأ مرفوع,زيد,فَعْلٍ,,ending: ending:تنوين ضم → مرفوع,mubtada_first_marfu,open_class+nominal_wazn:فَعْلٍ,
74,سُرْعَانَ زَيْدٌ خُرُوجًا,2,خُرُوجًا,ISM_MUARAB,مَنْصُوب,فتحة,اسم منصوب,خرج,فُعُول,,ending: ending:تنوين فتح → منصوب,fallback_case_only,open_class+nominal_wazn:فُعُول,
75,كَانَ الْعَالِمُ طَالِبًا,0,كَانَ,UNKNOWN,مَرْفُوع,ألف,,—,—,OVERRIDE_AS_VERB,unknown_class+ending: ending:ان → مثنى مرفوع (ألف),,unhandled_status:closed_class,
75,كَانَ الْعَالِمُ طَالِبًا,1,الْعَالِمُ,ISM_MUARAB,مَرْفُوع,ضمة,مبتدأ مرفوع,علم,فَأَعل,,ending: ending:ضمة → مرفوع,mubtada_first_marfu,open_class+nominal_wazn:فَأَعل,
75,كَانَ الْعَالِمُ طَالِبًا,2,طَالِبًا,ISM_MUARAB,مَنْصُوب,فتحة,اسم منصوب,طلب,فَأَعل,,ending: ending:تنوين فتح → منصوب,fallback_case_only,open_class+nominal_wazn:فَأَعل,
76,صَارَ الْحَدِيدُ سَيْفًا,0,صَارَ,UNKNOWN,مَنْصُوب,فتحة,,—,—,,unknown_class+ending: ending:فتحة → منصوب,,unhandled_status:closed_class,
76,صَارَ الْحَدِيدُ سَيْفًا,1,الْحَدِيدُ,JAMID,مَرْفُوع,ضمة,مبتدأ مرفوع,,,,ending: ending:ضمة → مرفوع,mubtada_first_marfu,jamid_detector,
76,صَارَ الْحَدِيدُ سَيْفًا,2,سَيْفًا,ISM_MUARAB,مَنْصُوب,فتحة,اسم منصوب,سفا,فَيْعِل,,ending: ending:تنوين فتح → منصوب,fallback_case_only,open_class+nominal_wazn:فَيْعِل,
77,أَصْبَحَ الْبَرْدُ شَدِيدًا,0,أَصْبَحَ,UNKNOWN,مَنْصُوب,فتحة,,—,—,OVERRIDE_AS_VERB,unknown_class+ending: ending:فتحة → منصوب,,unhandled_status:closed_class,
77,أَصْبَحَ الْبَرْدُ شَدِيدًا,1,الْبَرْدُ,ISM_MUARAB,مَرْفُوع,ضمة,مبتدأ مرفوع,برد,فَعْل,,ending: ending:ضمة → مرفوع,mubtada_first_marfu,open_class+nominal_wazn:فَعْل,
77,أَصْبَحَ الْبَرْدُ شَدِيدًا,2,شَدِيدًا,ISM_MUARAB,مَنْصُوب,فتحة,اسم منصوب,شدد,فَعِيل,,ending: ending:تنوين فتح → منصوب,fallback_case_only,open_class+nominal_wazn:فَعِيل,
78,أَمْسَى الْفَلَّاحُ رَاجِعًا,0,أَمْسَى,UNKNOWN,مَنْصُوب,فتحة,,—,—,,unknown_class+ending: ending:فتحة → منصوب,,unhandled_status:closed_class,
78,أَمْسَى الْفَلَّاحُ رَاجِعًا,1,الْفَلَّاحُ,ISM_MUARAB,مَرْفُوع,ضمة,مبتدأ مرفوع,فلح,فَعَّال,,ending: ending:ضمة → مرفوع,mubtada_first_marfu,open_class+nominal_wazn:فَعَّال,
78,أَمْسَى الْفَلَّاحُ رَاجِعًا,2,رَاجِعًا,ISM_MUARAB,مَنْصُوب,فتحة,اسم منصوب,رجع,فَأَعل,,ending: ending:تنوين فتح → منصوب,fallback_case_only,open_class+nominal_wazn:فَأَعل,
79,أَضْحَى الطَّالِبُ مُصَلِّيًا,0,أَضْحَى,UNKNOWN,مَنْصُوب,فتحة,,—,—,,unknown_class+ending: ending:فتحة → منصوب,,unhandled_status:closed_class,
79,أَضْحَى الطَّالِبُ مُصَلِّيًا,1,الطَّالِبُ,ISM_MUARAB,مَرْفُوع,ضمة,مبتدأ مرفوع,طلب,فَأَعل,,ending: ending:ضمة → مرفوع,mubtada_first_marfu,open_class+nominal_wazn:فَأَعل,
79,أَضْحَى الطَّالِبُ مُصَلِّيًا,2,مُصَلِّيًا,ISM_MUARAB,مَنْصُوب,فتحة,اسم منصوب,صلي,مُفَعِّل,,ending: ending:تنوين فتح → منصوب,fallback_case_only,open_class+nominal_wazn:مُفَعِّل,
80,ظَلَّ بَسِيطٌ صَائِمًا,0,ظَلَّ,UNKNOWN,,,,—,—,OVERRIDE_AS_VERB,unknown_class+no_ending,,unhandled_status:closed_class,
80,ظَلَّ بَسِيطٌ صَائِمًا,1,بَسِيطٌ,ISM_MUARAB,مَرْفُوع,ضمة,مبتدأ مرفوع,بسط,فَعِيل,,ending: ending:تنوين ضم → مرفوع,mubtada_first_marfu,open_class+nominal_wazn:فَعِيل,
80,ظَلَّ بَسِيطٌ صَائِمًا,2,صَائِمًا,ISM_MUARAB,مَنْصُوب,فتحة,اسم منصوب,صوم,فَائِلًا,,ending: ending:تنوين فتح → منصوب,fallback_case_only,open_class+nominal_wazn:فَائِلًا,
81,بَاتَ الطَّالِبُ مُتَدَرِّسًا,0,بَاتَ,UNKNOWN,مَنْصُوب,كسرة,,—,—,,unknown_class+ending: ending:ات+فتحة → جمع مؤنث سالم منصوب (الكسرة),,unhandled_status:closed_class,
81,بَاتَ الطَّالِبُ مُتَدَرِّسًا,1,الطَّالِبُ,ISM_MUARAB,مَرْفُوع,ضمة,مبتدأ مرفوع,طلب,فَأَعل,,ending: ending:ضمة → مرفوع,mubtada_first_marfu,open_class+nominal_wazn:فَأَعل,
81,بَاتَ الطَّالِبُ مُتَدَرِّسًا,2,مُتَدَرِّسًا,ISM_MUARAB,مَنْصُوب,فتحة,اسم منصوب,درس,مُتَفَعِّل,,ending: ending:تنوين فتح → منصوب,fallback_case_only,open_class+nominal_wazn:مُتَفَعِّل,
82,مَا زَالَ زَيْدٌ مُنْفَرِدًا,0,مَا,ISM_MABNI,مَبْنِي,,اسم مبني,,,ISM_MAWSOOL,layer1:ISM_MABNI_is_mabni,ism_mabni_default,closed_class:ISM_MAWSOOL,مَبْنِي عَلَى الْفَتْحِ
82,مَا زَالَ زَيْدٌ مُنْفَرِدًا,1,زَالَ,FIIL,مَبْنِي,,فعل ماضٍ,زول,فَالَ,,PV:mabni_ala_fath,fiil_aspect:PV,open_class+verbal_wazn:فَالَ,
82,مَا زَالَ زَيْدٌ مُنْفَرِدًا,2,زَيْدٌ,ISM_MUARAB,مَرْفُوع,ضمة,فاعل مرفوع,زيد,فَعْلٍ,,ending: ending:تنوين ضم → مرفوع,faail_after_verb,open_class+nominal_wazn:فَعْلٍ,
82,مَا زَالَ زَيْدٌ مُنْفَرِدًا,3,مُنْفَرِدًا,ISM_MUARAB,مَنْصُوب,فتحة,مفعول به منصوب,فرد,مُنْفَعِل,,ending: ending:تنوين فتح → منصوب,mafool_bih_after_verb,open_class+nominal_wazn:مُنْفَعِل,
83,مَا بَرِحَ الْجَهْلُ مُضِرًّا,0,مَا,ISM_MABNI,مَبْنِي,,اسم مبني,,,ISM_MAWSOOL,layer1:ISM_MABNI_is_mabni,ism_mabni_default,closed_class:ISM_MAWSOOL,مَبْنِي عَلَى الْفَتْحِ
83,مَا بَرِحَ الْجَهْلُ مُضِرًّا,1,بَرِحَ,FIIL,مَبْنِي,,فعل ماضٍ,برح,فَعِل,,PV:mabni_ala_fath,fiil_aspect:PV,open_class+verbal_wazn:فَعِل,
83,مَا بَرِحَ الْجَهْلُ مُضِرًّا,2,الْجَهْلُ,ISM_MUARAB,مَرْفُوع,ضمة,فاعل مرفوع,جهل,فَعْل,,ending: ending:ضمة → مرفوع,faail_after_verb,open_class+nominal_wazn:فَعْل,
83,مَا بَرِحَ الْجَهْلُ مُضِرًّا,3,مُضِرًّا,ISM_MUARAB,,,اسم,ضرر,مُفِعّ,,unknown_ending,fallback_case_only,open_class+nominal_wazn:مُفِعّ,
84,مَا فَتِئَ سَرْمِينُ مُتَبَسِّمًا,0,مَا,ISM_MABNI,مَبْنِي,,اسم مبني,,,ISM_MAWSOOL,layer1:ISM_MABNI_is_mabni,ism_mabni_default,closed_class:ISM_MAWSOOL,مَبْنِي عَلَى الْفَتْحِ
84,مَا فَتِئَ سَرْمِينُ مُتَبَسِّمًا,1,فَتِئَ,FIIL,مَبْنِي,,فعل ماضٍ,فتئ,فَعِل,,PV:mabni_ala_fath,fiil_aspect:PV,open_class+verbal_wazn:فَعِل,
84,مَا فَتِئَ سَرْمِينُ مُتَبَسِّمًا,2,سَرْمِينُ,ISM_MUARAB,مَجْرُور,ياء,اسم مجرور,سرم,فَعْلَان,,ending: ending:ين → ياء (مجرور/منصوب — جمع مذكر سالم أو مثنى),fallback_case_only,open_class+nominal_wazn:فَعْلَان,
84,مَا فَتِئَ سَرْمِينُ مُتَبَسِّمًا,3,مُتَبَسِّمًا,ISM_MUARAB,مَنْصُوب,فتحة,مفعول به منصوب,بسم,مُتَفَعِّل,,ending: ending:تنوين فتح → منصوب,mafool_bih_after_verb,open_class+nominal_wazn:مُتَفَعِّل,
85,مَا انْفَكَّ هَاشِمٌ عَالِمًا,0,مَا,ISM_MABNI,مَبْنِي,,اسم مبني,,,ISM_MAWSOOL,layer1:ISM_MABNI_is_mabni,ism_mabni_default,closed_class:ISM_MAWSOOL,مَبْنِي عَلَى الْفَتْحِ
85,مَا انْفَكَّ هَاشِمٌ عَالِمًا,1,انْفَكَّ,FIIL,مَبْنِي,,فعل ماضٍ,إنف,فِعْل,,PV:mabni,fiil_aspect:PV,open_class+surface_verb_heuristic (wazn=فِعْل),
85,مَا انْفَكَّ هَاشِمٌ عَالِمًا,2,هَاشِمٌ,ISM_MUARAB,مَرْفُوع,ضمة,فاعل مرفوع,هشم,فَأَعل,,ending: ending:تنوين ضم → مرفوع,faail_after_verb,open_class+nominal_wazn:فَأَعل,
85,مَا انْفَكَّ هَاشِمٌ عَالِمًا,3,عَالِمًا,ISM_MUARAB,مَنْصُوب,فتحة,مفعول به منصوب,علم,فَأَعل,,ending: ending:تنوين فتح → منصوب,mafool_bih_after_verb,open_class+nominal_wazn:فَأَعل,
86,مَا دَامَ الْفَاسِقُ مُتَرَدِّدًا,0,مَا,ISM_MABNI,مَبْنِي,,اسم مبني,,,ISM_MAWSOOL,layer1:ISM_MABNI_is_mabni,ism_mabni_default,closed_class:ISM_MAWSOOL,مَبْنِي عَلَى الْفَتْحِ
86,مَا دَامَ الْفَاسِقُ مُتَرَدِّدًا,1,دَامَ,FIIL,مَبْنِي,,فعل ماضٍ,دوم,فَالَ,,PV:mabni_ala_fath,fiil_aspect:PV,open_class+verbal_wazn:فَالَ,
86,مَا دَامَ الْفَاسِقُ مُتَرَدِّدًا,2,الْفَاسِقُ,ISM_MUARAB,مَرْفُوع,ضمة,فاعل مرفوع,فسق,فَأَعل,,ending: ending:ضمة → مرفوع,faail_after_verb,open_class+nominal_wazn:فَأَعل,
86,مَا دَامَ الْفَاسِقُ مُتَرَدِّدًا,3,مُتَرَدِّدًا,ISM_MUARAB,مَنْصُوب,فتحة,مفعول به منصوب,ردد,مُتَفَعِّل,,ending: ending:تنوين فتح → منصوب,mafool_bih_after_verb,open_class+nominal_wazn:مُتَفَعِّل,
87,لَيْسَ زَيْدٌ حَاضِرًا,0,لَيْسَ,UNKNOWN,مَنْصُوب,فتحة,,—,—,OVERRIDE_AS_VERB,unknown_class+ending: ending:فتحة → منصوب,,unhandled_status:closed_class,
87,لَيْسَ زَيْدٌ حَاضِرًا,1,زَيْدٌ,ISM_MUARAB,مَرْفُوع,ضمة,مبتدأ مرفوع,زيد,فَعْلٍ,,ending: ending:تنوين ضم → مرفوع,mubtada_first_marfu,open_class+nominal_wazn:فَعْلٍ,
87,لَيْسَ زَيْدٌ حَاضِرًا,2,حَاضِرًا,ISM_MUARAB,مَنْصُوب,فتحة,اسم منصوب,حضر,فَأَعل,,ending: ending:تنوين فتح → منصوب,fallback_case_only,open_class+nominal_wazn:فَأَعل,
88,عَسَى زَيْدٌ أَنْ يَحْضُرَ,0,عَسَى,UNKNOWN,مَنْصُوب,فتحة,,—,—,OVERRIDE_AS_VERB,unknown_class+ending: ending:فتحة → منصوب,,unhandled_status:closed_class,
88,عَسَى زَيْدٌ أَنْ يَحْضُرَ,1,زَيْدٌ,ISM_MUARAB,مَرْفُوع,ضمة,مبتدأ مرفوع,زيد,فَعْلٍ,,ending: ending:تنوين ضم → مرفوع,mubtada_first_marfu,open_class+nominal_wazn:فَعْلٍ,
88,عَسَى زَيْدٌ أَنْ يَحْضُرَ,2,أَنْ,HARF,مَبْنِي,,حرف نصب,,,HARF_NASB,layer1:HARF_is_mabni,harf_kind:HARF_NASB,closed_class:HARF_NASB,مَبْنِي عَلَى السُّكُونِ
88,عَسَى زَيْدٌ أَنْ يَحْضُرَ,3,يَحْضُرَ,FIIL,مَنْصُوب,فتحة,فعل مضارع,حضر,يَفْعُل,,IV+prev_HARF_NASB(أَنْ),fiil_aspect:IV,open_class+verbal_wazn:يَفْعُل,
89,كَادَ زَيْدٌ يَقُومُ,0,كَادَ,UNKNOWN,مَنْصُوب,فتحة,,—,—,OVERRIDE_AS_VERB,unknown_class+ending: ending:فتحة → منصوب,,unhandled_status:closed_class,
89,كَادَ زَيْدٌ يَقُومُ,1,زَيْدٌ,ISM_MUARAB,مَرْفُوع,ضمة,مبتدأ مرفوع,زيد,فَعْلٍ,,ending: ending:تنوين ضم → مرفوع,mubtada_first_marfu,open_class+nominal_wazn:فَعْلٍ,
89,كَادَ زَيْدٌ يَقُومُ,2,يَقُومُ,FIIL,مَرْفُوع,ضمة,فعل مضارع,يقم,فَعُول,,IV:default_marfu (ضمة),fiil_aspect:IV,open_class+surface_verb_heuristic (wazn=فَعُول),
90,كَرُبَ الْقَلْبُ يَذُوبُ,0,كَرُبَ,UNKNOWN,مَنْصُوب,فتحة,,—,—,,unknown_class+ending: ending:فتحة → منصوب,,unhandled_status:closed_class,
90,كَرُبَ الْقَلْبُ يَذُوبُ,1,الْقَلْبُ,JAMID,مَرْفُوع,ضمة,مبتدأ مرفوع,,,,ending: ending:ضمة → مرفوع,mubtada_first_marfu,jamid_detector,
90,كَرُبَ الْقَلْبُ يَذُوبُ,2,يَذُوبُ,FIIL,مَرْفُوع,ضمة,فعل مضارع,يذب,فَعُول,,IV:default_marfu (ضمة),fiil_aspect:IV,open_class+surface_verb_heuristic (wazn=فَعُول),
91,أَوْشَكَ زَيْدٌ أَنْ يَقُومَ,0,أَوْشَكَ,UNKNOWN,مَنْصُوب,فتحة,,—,—,,unknown_class+ending: ending:فتحة → منصوب,,unhandled_status:closed_class,
91,أَوْشَكَ زَيْدٌ أَنْ يَقُومَ,1,زَيْدٌ,ISM_MUARAB,مَرْفُوع,ضمة,مبتدأ مرفوع,زيد,فَعْلٍ,,ending: ending:تنوين ضم → مرفوع,mubtada_first_marfu,open_class+nominal_wazn:فَعْلٍ,
91,أَوْشَكَ زَيْدٌ أَنْ يَقُومَ,2,أَنْ,HARF,مَبْنِي,,حرف نصب,,,HARF_NASB,layer1:HARF_is_mabni,harf_kind:HARF_NASB,closed_class:HARF_NASB,مَبْنِي عَلَى السُّكُونِ
91,أَوْشَكَ زَيْدٌ أَنْ يَقُومَ,3,يَقُومَ,FIIL,مَنْصُوب,فتحة,فعل مضارع,يقم,فَعُول,,IV+prev_HARF_NASB(أَنْ),fiil_aspect:IV,open_class+surface_verb_heuristic (wazn=فَعُول),
92,نِعْمَ الرَّجُلُ مُحَمَّدٌ,0,نِعْمَ,UNKNOWN,مَنْصُوب,فتحة,,—,—,OVERRIDE_AS_VERB,unknown_class+ending: ending:فتحة → منصوب,,unhandled_status:closed_class,
92,نِعْمَ الرَّجُلُ مُحَمَّدٌ,1,الرَّجُلُ,FIIL,مَبْنِي,,فعل ماضٍ,رجل,فَعُل,,PV:mabni_ala_damm (مع واو الجماعة),fiil_aspect:PV,open_class+verbal_wazn:فَعُل,
92,نِعْمَ الرَّجُلُ مُحَمَّدٌ,2,مُحَمَّدٌ,ISM_MUARAB,مَرْفُوع,ضمة,فاعل مرفوع,حمد,مُفَعَّل,,ending: ending:تنوين ضم → مرفوع,faail_after_verb,open_class+nominal_wazn:مُفَعَّل,
93,بِئْسَ الطَّالِبُ النَّوَّامُ,0,بِئْسَ,UNKNOWN,مَنْصُوب,فتحة,,—,—,OVERRIDE_AS_VERB,unknown_class+ending: ending:فتحة → منصوب,,unhandled_status:closed_class,
93,بِئْسَ الطَّالِبُ النَّوَّامُ,1,الطَّالِبُ,ISM_MUARAB,مَرْفُوع,ضمة,مبتدأ مرفوع,طلب,فَأَعل,,ending: ending:ضمة → مرفوع,mubtada_first_marfu,open_class+nominal_wazn:فَأَعل,
93,بِئْسَ الطَّالِبُ النَّوَّامُ,2,النَّوَّامُ,FIIL,مَبْنِي,,فعل ماضٍ,وام,نَفَّعِل,,PV:mabni_ala_damm (مع واو الجماعة),fiil_aspect:PV,open_class+verbal_wazn:نَفَّعِل,
94,سَاءَ الطَّالِبُ الْكَسُولُ,0,سَاءَ,UNKNOWN,مَنْصُوب,فتحة,,—,—,OVERRIDE_AS_VERB,unknown_class+ending: ending:فتحة → منصوب,,unhandled_status:closed_class,
94,سَاءَ الطَّالِبُ الْكَسُولُ,1,الطَّالِبُ,ISM_MUARAB,مَرْفُوع,ضمة,مبتدأ مرفوع,طلب,فَأَعل,,ending: ending:ضمة → مرفوع,mubtada_first_marfu,open_class+nominal_wazn:فَأَعل,
94,سَاءَ الطَّالِبُ الْكَسُولُ,2,الْكَسُولُ,ISM_MUARAB,مَرْفُوع,ضمة,خبر مرفوع,كسل,فَعُول,,ending: ending:ضمة → مرفوع,khabar_after_mubtada,open_class+nominal_wazn:فَعُول,
95,حَبَّذَا زَيْدٌ,0,حَبَّذَا,UNKNOWN,مَنْصُوب,فتحة,,—,—,,unknown_class+ending: ending:فتحة → منصوب,,unhandled_status:closed_class,
95,حَبَّذَا زَيْدٌ,1,زَيْدٌ,ISM_MUARAB,مَرْفُوع,ضمة,مبتدأ مرفوع,زيد,فَعْلٍ,,ending: ending:تنوين ضم → مرفوع,mubtada_first_marfu,open_class+nominal_wazn:فَعْلٍ,
96,حَسِبْتُ زَيْدًا حَاضِرًا,0,حَسِبْتُ,UNKNOWN,مَرْفُوع,ضمة,,—,—,OVERRIDE_AS_VERB,unknown_class+ending: ending:ضمة → مرفوع,,unhandled_status:closed_class,
96,حَسِبْتُ زَيْدًا حَاضِرًا,1,زَيْدًا,ISM_MUARAB,مَنْصُوب,فتحة,اسم منصوب,زدا,فَيْعِل,,ending: ending:تنوين فتح → منصوب,fallback_case_only,open_class+nominal_wazn:فَيْعِل,
96,حَسِبْتُ زَيْدًا حَاضِرًا,2,حَاضِرًا,ISM_MUARAB,مَنْصُوب,فتحة,نعت منصوب,حضر,فَأَعل,,ending: ending:تنوين فتح → منصوب,naat_agrees_prev,open_class+nominal_wazn:فَأَعل,
97,خِلْتُ الْهِلَالَ لَائِحًا,0,خِلْتُ,UNKNOWN,مَرْفُوع,ضمة,,—,—,OVERRIDE_AS_VERB,unknown_class+ending: ending:ضمة → مرفوع,,unhandled_status:closed_class,
97,خِلْتُ الْهِلَالَ لَائِحًا,1,الْهِلَالَ,ISM_MUARAB,مَنْصُوب,فتحة,اسم منصوب,هلل,فِعَال,,ending: ending:فتحة → منصوب,fallback_case_only,open_class+nominal_wazn:فِعَال,
97,خِلْتُ الْهِلَالَ لَائِحًا,2,لَائِحًا,ISM_MUARAB,مَنْصُوب,فتحة,اسم منصوب,لوح,فَائِلًا,,ending: ending:تنوين فتح → منصوب,fallback_case_only,open_class+nominal_wazn:فَائِلًا,
98,ظَنَنْتُ زَيْدًا قَائِمًا,0,ظَنَنْتُ,UNKNOWN,مَرْفُوع,ضمة,,—,—,OVERRIDE_AS_VERB,unknown_class+ending: ending:ضمة → مرفوع,,unhandled_status:closed_class,
98,ظَنَنْتُ زَيْدًا قَائِمًا,1,زَيْدًا,ISM_MUARAB,مَنْصُوب,فتحة,اسم منصوب,زدا,فَيْعِل,,ending: ending:تنوين فتح → منصوب,fallback_case_only,open_class+nominal_wazn:فَيْعِل,
98,ظَنَنْتُ زَيْدًا قَائِمًا,2,قَائِمًا,ISM_MUARAB,مَنْصُوب,فتحة,نعت منصوب,قوم,فَائِلًا,,ending: ending:تنوين فتح → منصوب,naat_agrees_prev,open_class+nominal_wazn:فَائِلًا,
99,رَأَيْتُ الطَّالِبَ نَاجِحًا,0,رَأَيْتُ,UNKNOWN,مَرْفُوع,ضمة,,—,—,OVERRIDE_AS_VERB,unknown_class+ending: ending:ضمة → مرفوع,,unhandled_status:closed_class,
99,رَأَيْتُ الطَّالِبَ نَاجِحًا,1,الطَّالِبَ,ISM_MUARAB,مَنْصُوب,فتحة,اسم منصوب,طلب,فَأَعل,,ending: ending:فتحة → منصوب,fallback_case_only,open_class+nominal_wazn:فَأَعل,
99,رَأَيْتُ الطَّالِبَ نَاجِحًا,2,نَاجِحًا,ISM_MUARAB,مَنْصُوب,فتحة,اسم منصوب,نجح,فَأَعل,,ending: ending:تنوين فتح → منصوب,fallback_case_only,open_class+nominal_wazn:فَأَعل,
100,عَلِمْتُ الزَّاهِدَ مَرْزُوقًا,0,عَلِمْتُ,UNKNOWN,مَرْفُوع,ضمة,,—,—,OVERRIDE_AS_VERB,unknown_class+ending: ending:ضمة → مرفوع,,unhandled_status:closed_class,
100,عَلِمْتُ الزَّاهِدَ مَرْزُوقًا,1,الزَّاهِدَ,ISM_MUARAB,مَنْصُوب,فتحة,اسم منصوب,زهد,فَأَعل,,ending: ending:فتحة → منصوب,fallback_case_only,open_class+nominal_wazn:فَأَعل,
100,عَلِمْتُ الزَّاهِدَ مَرْزُوقًا,2,مَرْزُوقًا,ISM_MUARAB,مَنْصُوب,فتحة,اسم منصوب,رزق,مَفْعُول,,ending: ending:تنوين فتح → منصوب,fallback_case_only,open_class+nominal_wazn:مَفْعُول,
101,وَجَدْتُ الْعِلْمَ نَافِعًا,0,وَجَدْتُ,UNKNOWN,مَرْفُوع,ضمة,,—,—,OVERRIDE_AS_VERB,unknown_class+ending: ending:ضمة → مرفوع,,unhandled_status:closed_class,
101,وَجَدْتُ الْعِلْمَ نَافِعًا,1,الْعِلْمَ,ISM_MUARAB,مَنْصُوب,فتحة,اسم منصوب,علم,فِعْل,,ending: ending:فتحة → منصوب,fallback_case_only,open_class+nominal_wazn:فِعْل,
101,وَجَدْتُ الْعِلْمَ نَافِعًا,2,نَافِعًا,ISM_MUARAB,مَنْصُوب,فتحة,اسم منصوب,نفع,فَأَعل,,ending: ending:تنوين فتح → منصوب,fallback_case_only,open_class+nominal_wazn:فَأَعل,
102,زَعَمْتُ زَيْدًا عَالِمًا,0,زَعَمْتُ,UNKNOWN,مَرْفُوع,ضمة,,—,—,OVERRIDE_AS_VERB,unknown_class+ending: ending:ضمة → مرفوع,,unhandled_status:closed_class,
102,زَعَمْتُ زَيْدًا عَالِمًا,1,زَيْدًا,ISM_MUARAB,مَنْصُوب,فتحة,اسم منصوب,زدا,فَيْعِل,,ending: ending:تنوين فتح → منصوب,fallback_case_only,open_class+nominal_wazn:فَيْعِل,
102,زَعَمْتُ زَيْدًا عَالِمًا,2,عَالِمًا,ISM_MUARAB,مَنْصُوب,فتحة,نعت منصوب,علم,فَأَعل,,ending: ending:تنوين فتح → منصوب,naat_agrees_prev,open_class+nominal_wazn:فَأَعل,
